OrderNumber,"Sales Channel",WarehouseCode,CurrencyCode,SalesTeamID,CustomerID,StoreID,ProductID,"Order Quantity","Discount Applied",ProcuredDate,OrderDate,ShipDate,DeliveryDate,"Unit Cost","Unit Price"
"SO - 000101",In-Store,WARE-UHY1004,USD,6,15,259,12,5,0.08,2017-12-31,2018-05-31,2018-06-14,2018-06-19,1001.18,1963.10
"SO - 000102",Online,WARE-NMK1003,USD,14,20,196,27,3,0.08,2017-12-31,2018-05-31,2018-06-22,2018-07-02,3348.66,3939.60
"SO - 000103",Distributor,WARE-UHY1004,USD,21,16,213,16,1,0.05,2017-12-31,2018-05-31,2018-06-21,2018-07-01,781.22,1775.50
"SO - 000104",Wholesale,WARE-NMK1003,USD,28,48,107,23,8,0.08,2017-12-31,2018-05-31,2018-06-02,2018-06-07,1464.69,2324.90
"SO - 000105",Distributor,WARE-NMK1003,USD,22,49,111,26,8,0.1,2018-04-10,2018-05-31,2018-06-16,2018-06-26,1476.14,1822.40
"SO - 000106",Online,WARE-PUJ1005,USD,12,21,285,1,5,0.05,2017-12-31,2018-05-31,2018-06-08,2018-06-13,446.56,1038.50
"SO - 000107",In-Store,WARE-XYS1001,USD,10,14,6,5,4,0.15,2017-12-31,2018-05-31,2018-06-08,2018-06-14,536.67,1192.60
"SO - 000108",In-Store,WARE-PUJ1005,USD,6,9,280,46,5,0.05,2018-04-10,2018-05-31,2018-06-26,2018-07-01,1525.19,1815.70
"SO - 000109",In-Store,WARE-PUJ1005,USD,4,9,299,47,4,0.3,2017-12-31,2018-06-01,2018-06-16,2018-06-21,2211.20,3879.30
"SO - 000110",In-Store,WARE-UHY1004,USD,10,33,261,13,8,0.05,2017-12-31,2018-06-01,2018-06-29,2018-07-01,1212.97,1956.40
"SO - 000111",Distributor,WARE-XYS1001,USD,23,21,17,38,6,0.1,2017-12-31,2018-06-01,2018-06-15,2018-06-20,124.62,201.00
"SO - 000112",In-Store,WARE-NMK1003,USD,10,21,152,40,5,0.15,2018-04-10,2018-06-01,2018-06-07,2018-06-17,2762.28,6277.90
"SO - 000113",In-Store,WARE-PUJ1005,USD,4,36,317,39,5,0.05,2018-04-10,2018-06-01,2018-06-22,2018-07-02,641.66,1051.90
"SO - 000114",In-Store,WARE-PUJ1005,USD,8,17,291,32,6,0.15,2018-04-10,2018-06-01,2018-06-07,2018-06-15,216.41,254.60
"SO - 000115",In-Store,WARE-NMK1003,USD,9,32,138,6,6,0.15,2017-12-31,2018-06-01,2018-06-15,2018-06-20,3146.32,3932.90
"SO - 000116",In-Store,WARE-MKL1006,USD,5,11,354,25,3,0.05,2017-12-31,2018-06-01,2018-06-24,2018-07-02,700.69,1112.20
"SO - 000117",In-Store,WARE-PUJ1005,USD,9,10,320,6,3,0.08,2018-04-10,2018-06-01,2018-06-19,2018-06-27,904.84,1239.50
"SO - 000118",In-Store,WARE-XYS1001,USD,8,30,21,3,4,0.1,2018-04-10,2018-06-01,2018-06-06,2018-06-14,393.96,984.90
"SO - 000119",In-Store,WARE-MKL1006,USD,5,5,349,20,4,0.1,2018-04-10,2018-06-01,2018-06-07,2018-06-15,4130.01,5581.10
"SO - 000120",Online,WARE-NMK1003,USD,14,23,134,24,4,0.05,2017-12-31,2018-06-01,2018-06-11,2018-06-17,1795.33,3095.40
"SO - 000121",Wholesale,WARE-NMK1003,USD,25,46,193,33,4,0.4,2018-04-10,2018-06-01,2018-06-18,2018-06-20,1754.06,2278.00
"SO - 000122",In-Store,WARE-PUJ1005,USD,2,14,282,1,7,0.08,2018-04-10,2018-06-02,2018-06-10,2018-06-16,654.46,991.60
"SO - 000123",In-Store,WARE-XYS1001,USD,7,40,20,35,2,0.2,2018-04-10,2018-06-02,2018-06-26,2018-06-28,3064.45,3979.80
"SO - 000124",Distributor,WARE-UHY1004,USD,24,19,218,15,3,0.4,2017-12-31,2018-06-02,2018-06-22,2018-07-02,866.71,1969.80
"SO - 000125",In-Store,WARE-NMK1003,USD,4,15,173,13,1,0.15,2018-04-10,2018-06-02,2018-06-16,2018-06-24,131.32,268.00
"SO - 000126",Online,WARE-NMK1003,USD,18,46,110,24,7,0.1,2017-12-31,2018-06-02,2018-06-21,2018-07-01,95.81,174.20
"SO - 000127",In-Store,WARE-UHY1004,USD,7,32,229,46,3,0.08,2017-12-31,2018-06-02,2018-06-26,2018-07-06,2510.09,2988.20
"SO - 000128",In-Store,WARE-UHY1004,USD,9,32,238,36,4,0.05,2017-12-31,2018-06-02,2018-06-20,2018-06-29,2679.93,3999.90
"SO - 000129",Distributor,WARE-NMK1003,USD,20,22,97,37,3,0.05,2018-04-10,2018-06-02,2018-06-21,2018-06-22,2450.32,5976.40
"SO - 000130",In-Store,WARE-NMK1003,USD,8,5,103,32,5,0.1,2018-04-10,2018-06-02,2018-06-27,2018-06-29,2378.90,2901.10
"SO - 000131",In-Store,WARE-PUJ1005,USD,8,29,305,23,7,0.08,2018-04-10,2018-06-03,2018-06-26,2018-07-05,2734.61,6076.90
"SO - 000132",Online,WARE-PUJ1005,USD,13,35,303,14,7,0.2,2017-12-31,2018-06-03,2018-06-05,2018-06-10,4186.70,5735.20
"SO - 000133",Online,WARE-UHY1004,USD,19,46,217,7,3,0.1,2017-12-31,2018-06-03,2018-06-30,2018-07-10,2077.34,3919.50
"SO - 000134",Online,WARE-MKL1006,USD,17,42,362,46,1,0.05,2017-12-31,2018-06-03,2018-06-30,2018-07-05,3832.67,6083.60
"SO - 000135",Wholesale,WARE-MKL1006,USD,26,2,335,40,5,0.08,2018-04-10,2018-06-03,2018-06-14,2018-06-15,1642.30,2566.10
"SO - 000136",Distributor,WARE-NBV1002,USD,22,28,84,38,2,0.08,2017-12-31,2018-06-03,2018-06-07,2018-06-13,1093.44,2278.00
"SO - 000137",In-Store,WARE-UHY1004,USD,7,46,256,1,1,0.08,2017-12-31,2018-06-03,2018-06-14,2018-06-21,120.20,261.30
"SO - 000138",Online,WARE-MKL1006,USD,12,22,360,17,8,0.05,2017-12-31,2018-06-03,2018-06-28,2018-07-08,698.81,998.30
"SO - 000139",In-Store,WARE-NMK1003,USD,4,34,90,40,6,0.2,2017-12-31,2018-06-03,2018-06-13,2018-06-21,1958.54,3497.40
"SO - 000140",In-Store,WARE-NMK1003,USD,9,26,196,25,4,0.05,2017-12-31,2018-06-03,2018-06-18,2018-06-28,486.89,1132.30
"SO - 000141",In-Store,WARE-XYS1001,USD,7,26,40,2,7,0.05,2017-12-31,2018-06-03,2018-06-15,2018-06-17,1587.50,2405.30
"SO - 000142",Distributor,WARE-MKL1006,USD,24,24,367,3,8,0.05,2017-12-31,2018-06-03,2018-06-24,2018-07-03,3249.97,5701.70
"SO - 000143",Distributor,WARE-UHY1004,USD,25,18,249,34,1,0.2,2017-12-31,2018-06-04,2018-06-09,2018-06-16,1446.80,2452.20
"SO - 000144",In-Store,WARE-XYS1001,USD,11,21,6,11,3,0.05,2017-12-31,2018-06-04,2018-06-30,2018-07-04,2012.01,3095.40
"SO - 000145",Online,WARE-UHY1004,USD,15,14,212,8,4,0.4,2017-12-31,2018-06-04,2018-06-12,2018-06-14,2164.90,3865.90
"SO - 000146",Distributor,WARE-XYS1001,USD,23,3,37,11,8,0.1,2017-12-31,2018-06-04,2018-06-10,2018-06-15,1382.88,2304.80
"SO - 000147",Online,WARE-XYS1001,USD,17,13,38,35,3,0.05,2017-12-31,2018-06-04,2018-06-21,2018-06-24,1470.11,3195.90
"SO - 000148",Online,WARE-PUJ1005,USD,18,49,294,33,7,0.05,2017-12-31,2018-06-04,2018-06-19,2018-06-26,5161.68,6452.10
"SO - 000149",Distributor,WARE-NMK1003,USD,24,4,105,16,3,0.3,2017-12-31,2018-06-05,2018-06-14,2018-06-17,921.52,2003.30
"SO - 000150",Distributor,WARE-XYS1001,USD,23,20,17,8,8,0.05,2018-04-10,2018-06-05,2018-06-28,2018-07-07,1455.24,3638.10
"SO - 000151",In-Store,WARE-NMK1003,USD,4,19,109,44,3,0.08,2018-04-10,2018-06-05,2018-06-14,2018-06-17,1822.40,2278.00
"SO - 000152",Online,WARE-NMK1003,USD,16,25,141,22,6,0.3,2018-04-10,2018-06-05,2018-06-25,2018-06-29,582.50,924.60
"SO - 000153",Online,WARE-NMK1003,USD,19,8,111,16,5,0.05,2018-04-10,2018-06-05,2018-06-21,2018-07-01,3062.44,3926.20
"SO - 000154",Distributor,WARE-MKL1006,USD,23,24,349,25,4,0.08,2017-12-31,2018-06-05,2018-06-12,2018-06-18,2257.16,3825.70
"SO - 000155",Wholesale,WARE-MKL1006,USD,27,13,360,4,3,0.05,2017-12-31,2018-06-05,2018-07-03,2018-07-08,1377.32,2257.90
"SO - 000156",Distributor,WARE-NMK1003,USD,24,32,148,33,8,0.08,2017-12-31,2018-06-06,2018-07-02,2018-07-08,756.30,1112.20
"SO - 000157",Online,WARE-NMK1003,USD,19,28,103,45,8,0.05,2017-12-31,2018-06-06,2018-06-22,2018-06-23,1814.43,3557.70
"SO - 000158",Online,WARE-NBV1002,USD,13,8,59,45,3,0.4,2017-12-31,2018-06-06,2018-06-09,2018-06-12,1233.34,2371.80
"SO - 000159",Online,WARE-NBV1002,USD,14,47,60,1,1,0.4,2017-12-31,2018-06-06,2018-07-01,2018-07-04,686.08,857.60
"SO - 000160",In-Store,WARE-UHY1004,USD,11,33,238,20,5,0.3,2017-12-31,2018-06-07,2018-06-14,2018-06-16,2880.60,3892.70
"SO - 000161",In-Store,WARE-NMK1003,USD,3,26,151,21,6,0.08,2017-12-31,2018-06-07,2018-06-13,2018-06-15,1390.92,3477.30
"SO - 000162",Online,WARE-NMK1003,USD,13,20,152,44,5,0.1,2017-12-31,2018-06-07,2018-06-11,2018-06-21,2803.95,3738.60
"SO - 000163",Online,WARE-PUJ1005,USD,20,6,262,8,5,0.3,2018-04-10,2018-06-07,2018-06-10,2018-06-13,589.60,1072.00
"SO - 000164",In-Store,WARE-NMK1003,USD,5,40,120,46,7,0.05,2018-04-10,2018-06-07,2018-07-01,2018-07-02,1761.16,2257.90
"SO - 000165",Online,WARE-UHY1004,USD,18,23,233,46,3,0.1,2018-04-10,2018-06-07,2018-06-11,2018-06-13,751.61,1058.60
"SO - 000166",Online,WARE-NBV1002,USD,13,38,77,39,4,0.1,2018-04-10,2018-06-07,2018-06-15,2018-06-25,1296.05,2492.40
"SO - 000167",In-Store,WARE-NBV1002,USD,4,30,69,11,5,0.05,2018-04-10,2018-06-07,2018-06-13,2018-06-21,2465.60,3852.50
"SO - 000168",Distributor,WARE-UHY1004,USD,23,42,215,37,8,0.05,2017-12-31,2018-06-08,2018-06-19,2018-06-25,132.66,241.20
"SO - 000169",In-Store,WARE-XYS1001,USD,9,1,30,35,2,0.15,2017-12-31,2018-06-08,2018-06-11,2018-06-17,494.39,1051.90
"SO - 000170",Distributor,WARE-NMK1003,USD,25,11,169,10,5,0.3,2017-12-31,2018-06-08,2018-06-14,2018-06-19,107.07,227.80
"SO - 000171",Distributor,WARE-MKL1006,USD,24,4,333,14,5,0.05,2018-04-10,2018-06-08,2018-06-14,2018-06-15,506.99,1078.70
"SO - 000172",Wholesale,WARE-NMK1003,USD,28,6,96,10,8,0.15,2018-04-10,2018-06-08,2018-06-13,2018-06-20,743.70,1005.00
"SO - 000173",Distributor,WARE-PUJ1005,USD,24,17,289,45,5,0.05,2018-04-10,2018-06-08,2018-07-03,2018-07-09,1317.42,2485.70
"SO - 000174",In-Store,WARE-NMK1003,USD,3,7,140,22,3,0.05,2018-04-10,2018-06-08,2018-06-30,2018-07-06,2154.52,2659.90
"SO - 000175",In-Store,WARE-NMK1003,USD,1,1,107,1,1,0.08,2018-04-10,2018-06-09,2018-06-28,2018-07-03,1579.32,2224.40
"SO - 000176",In-Store,WARE-MKL1006,USD,11,27,338,35,7,0.2,2018-04-10,2018-06-09,2018-06-12,2018-06-16,1260.87,2472.30
"SO - 000177",In-Store,WARE-UHY1004,USD,5,33,232,15,5,0.05,2018-04-10,2018-06-09,2018-06-23,2018-06-24,799.24,1011.70
"SO - 000178",Wholesale,WARE-UHY1004,USD,26,28,231,28,6,0.2,2018-04-10,2018-06-09,2018-07-05,2018-07-13,128.98,234.50
"SO - 000179",Online,WARE-NMK1003,USD,13,42,158,11,4,0.08,2018-04-10,2018-06-09,2018-06-14,2018-06-17,143.72,261.30
"SO - 000180",Online,WARE-XYS1001,USD,18,5,36,29,7,0.1,2017-12-31,2018-06-09,2018-06-27,2018-07-01,2844.69,4006.60
"SO - 000181",In-Store,WARE-UHY1004,USD,3,10,206,28,7,0.05,2018-04-10,2018-06-09,2018-07-05,2018-07-13,866.65,1333.30
"SO - 000182",In-Store,WARE-UHY1004,USD,10,34,255,15,5,0.05,2018-04-10,2018-06-10,2018-07-07,2018-07-09,90.45,167.50
"SO - 000183",Online,WARE-MKL1006,USD,14,23,336,27,7,0.08,2018-04-10,2018-06-10,2018-06-28,2018-07-02,1821.66,3195.90
"SO - 000184",Online,WARE-PUJ1005,USD,20,18,307,15,1,0.05,2018-04-10,2018-06-10,2018-06-30,2018-07-05,809.96,1051.90
"SO - 000185",Online,WARE-XYS1001,USD,15,8,9,28,4,0.1,2017-12-31,2018-06-10,2018-06-30,2018-07-03,3540.62,5447.10
"SO - 000186",Online,WARE-NMK1003,USD,13,36,200,18,2,0.08,2018-04-10,2018-06-10,2018-06-16,2018-06-24,1973.15,3182.50
"SO - 000187",In-Store,WARE-MKL1006,USD,6,47,337,30,3,0.1,2017-12-31,2018-06-11,2018-06-29,2018-07-01,632.68,891.10
"SO - 000188",Online,WARE-NMK1003,USD,15,27,158,31,2,0.2,2017-12-31,2018-06-11,2018-06-16,2018-06-19,2724.89,3892.70
"SO - 000189",Online,WARE-UHY1004,USD,13,5,249,8,2,0.4,2017-12-31,2018-06-11,2018-06-13,2018-06-16,3360.05,3953.00
"SO - 000190",Online,WARE-NMK1003,USD,20,38,185,5,2,0.3,2017-12-31,2018-06-11,2018-06-28,2018-07-07,545.51,924.60
"SO - 000191",Online,WARE-NMK1003,USD,20,21,189,10,7,0.3,2018-04-10,2018-06-11,2018-07-07,2018-07-08,1989.63,3430.40
"SO - 000192",Distributor,WARE-NMK1003,USD,22,24,170,43,7,0.08,2018-04-10,2018-06-11,2018-06-28,2018-07-06,622.30,1152.40
"SO - 000193",Distributor,WARE-NMK1003,USD,21,25,130,37,4,0.1,2018-04-10,2018-06-11,2018-06-21,2018-06-24,922.59,1085.40
"SO - 000194",In-Store,WARE-NMK1003,USD,5,11,149,15,5,0.1,2017-12-31,2018-06-12,2018-06-16,2018-06-22,4025.36,5031.70
"SO - 000195",Distributor,WARE-NMK1003,USD,24,17,99,33,7,0.15,2018-04-10,2018-06-12,2018-06-28,2018-07-03,436.84,1092.10
"SO - 000196",Wholesale,WARE-XYS1001,USD,27,5,21,17,7,0.05,2017-12-31,2018-06-12,2018-06-25,2018-06-27,144.45,187.60
"SO - 000197",Online,WARE-NMK1003,USD,18,30,90,1,4,0.05,2017-12-31,2018-06-12,2018-07-09,2018-07-16,2835.17,3993.20
"SO - 000198",Online,WARE-MKL1006,USD,14,9,360,15,5,0.05,2017-12-31,2018-06-12,2018-06-15,2018-06-18,1433.93,2472.30
"SO - 000199",In-Store,WARE-XYS1001,USD,4,47,23,47,4,0.05,2018-04-10,2018-06-12,2018-07-05,2018-07-14,844.20,1206.00
"SO - 000200",Online,WARE-NMK1003,USD,20,5,144,40,5,0.05,2017-12-31,2018-06-12,2018-06-22,2018-06-29,985.30,1728.60
"SO - 000201",Wholesale,WARE-NMK1003,USD,28,23,134,23,7,0.08,2017-12-31,2018-06-12,2018-06-20,2018-06-29,1447.74,1983.20
"SO - 000202",Online,WARE-NMK1003,USD,20,14,180,11,2,0.2,2018-04-10,2018-06-12,2018-07-10,2018-07-14,2656.55,5313.10
"SO - 000203",Distributor,WARE-XYS1001,USD,20,44,58,23,5,0.08,2018-04-10,2018-06-12,2018-06-17,2018-06-25,566.15,871.00
"SO - 000204",Online,WARE-NMK1003,USD,12,38,175,43,2,0.1,2017-12-31,2018-06-13,2018-06-27,2018-07-01,2051.41,2532.60
"SO - 000205",Online,WARE-NMK1003,USD,14,14,95,1,4,0.08,2018-04-10,2018-06-13,2018-06-25,2018-06-26,4673.72,5916.10
"SO - 000206",Online,WARE-UHY1004,USD,13,34,231,31,1,0.08,2017-12-31,2018-06-13,2018-06-23,2018-07-01,1443.85,2887.70
"SO - 000207",In-Store,WARE-NMK1003,USD,1,13,199,11,7,0.1,2017-12-31,2018-06-13,2018-06-20,2018-06-22,1447.60,1855.90
"SO - 000208",In-Store,WARE-XYS1001,USD,2,5,58,39,5,0.1,2018-04-10,2018-06-13,2018-06-17,2018-06-19,135.01,207.70
"SO - 000209",In-Store,WARE-MKL1006,USD,2,2,345,3,3,0.05,2017-12-31,2018-06-13,2018-06-29,2018-07-06,772.78,1058.60
"SO - 000210",Online,WARE-UHY1004,USD,13,17,241,20,7,0.1,2018-04-10,2018-06-13,2018-07-03,2018-07-13,517.37,958.10
"SO - 000211",In-Store,WARE-NMK1003,USD,6,40,186,27,7,0.2,2018-04-10,2018-06-13,2018-07-08,2018-07-18,1675.74,2659.90
"SO - 000212",In-Store,WARE-NMK1003,USD,7,15,144,8,3,0.1,2017-12-31,2018-06-13,2018-07-05,2018-07-13,1707.63,2217.70
"SO - 000213",Online,WARE-XYS1001,USD,20,12,40,11,1,0.3,2017-12-31,2018-06-14,2018-06-17,2018-06-20,857.60,1715.20
"SO - 000214",In-Store,WARE-PUJ1005,USD,6,25,288,32,7,0.15,2018-04-10,2018-06-14,2018-07-06,2018-07-09,1691.15,3932.90
"SO - 000215",In-Store,WARE-NMK1003,USD,2,13,169,40,2,0.05,2017-12-31,2018-06-14,2018-06-19,2018-06-20,1909.50,2546.00
"SO - 000216",Online,WARE-PUJ1005,USD,15,18,277,21,1,0.08,2017-12-31,2018-06-14,2018-06-26,2018-07-01,603.00,837.50
"SO - 000217",Online,WARE-UHY1004,USD,16,3,219,12,3,0.15,2018-04-10,2018-06-14,2018-06-26,2018-07-05,1302.48,1809.00
"SO - 000218",Wholesale,WARE-PUJ1005,USD,26,25,306,11,8,0.08,2018-04-10,2018-06-14,2018-06-29,2018-07-03,514.56,857.60
"SO - 000219",In-Store,WARE-XYS1001,USD,8,11,7,22,6,0.05,2017-12-31,2018-06-14,2018-06-30,2018-07-07,1101.68,1748.70
"SO - 000220",Wholesale,WARE-NBV1002,USD,28,44,78,4,1,0.08,2017-12-31,2018-06-14,2018-06-16,2018-06-17,582.50,1266.30
"SO - 000221",In-Store,WARE-XYS1001,USD,3,30,28,9,5,0.1,2017-12-31,2018-06-14,2018-06-16,2018-06-22,3591.54,5058.50
"SO - 000222",Distributor,WARE-XYS1001,USD,22,38,39,6,7,0.05,2018-04-10,2018-06-14,2018-06-28,2018-07-06,795.22,958.10
"SO - 000223",Online,WARE-NMK1003,USD,19,47,122,2,8,0.15,2017-12-31,2018-06-14,2018-07-10,2018-07-14,756.97,1802.30
"SO - 000224",In-Store,WARE-XYS1001,USD,4,17,48,32,4,0.08,2018-04-10,2018-06-15,2018-07-07,2018-07-16,4534.56,6298.00
"SO - 000225",Online,WARE-XYS1001,USD,18,28,1,30,1,0.1,2017-12-31,2018-06-15,2018-07-02,2018-07-06,1824.34,2499.10
"SO - 000226",In-Store,WARE-NMK1003,USD,8,5,198,23,3,0.1,2018-04-10,2018-06-15,2018-06-19,2018-06-23,705.51,871.00
"SO - 000227",In-Store,WARE-UHY1004,USD,1,32,242,5,1,0.05,2017-12-31,2018-06-15,2018-07-12,2018-07-18,360.19,750.40
"SO - 000228",Wholesale,WARE-NMK1003,USD,27,21,200,14,8,0.08,2018-04-10,2018-06-15,2018-06-23,2018-06-27,504.11,763.80
"SO - 000229",In-Store,WARE-PUJ1005,USD,5,49,304,25,6,0.1,2017-12-31,2018-06-15,2018-06-26,2018-07-02,565.61,844.20
"SO - 000230",In-Store,WARE-XYS1001,USD,2,6,31,27,7,0.05,2018-04-10,2018-06-15,2018-07-05,2018-07-14,112.36,261.30
"SO - 000231",Online,WARE-NBV1002,USD,19,47,71,33,2,0.05,2017-12-31,2018-06-15,2018-07-06,2018-07-16,2359.94,3999.90
"SO - 000232",In-Store,WARE-UHY1004,USD,4,32,250,18,6,0.05,2017-12-31,2018-06-15,2018-06-25,2018-07-03,811.91,1112.20
"SO - 000233",In-Store,WARE-NMK1003,USD,10,18,167,2,2,0.08,2018-04-10,2018-06-15,2018-06-26,2018-07-04,1843.17,2633.10
"SO - 000234",Distributor,WARE-NMK1003,USD,22,8,132,4,6,0.2,2017-12-31,2018-06-15,2018-07-09,2018-07-13,631.41,1018.40
"SO - 000235",In-Store,WARE-XYS1001,USD,1,24,56,21,4,0.15,2018-04-10,2018-06-15,2018-06-27,2018-06-30,3444.74,5219.30
"SO - 000236",Distributor,WARE-UHY1004,USD,21,11,259,26,1,0.15,2018-04-10,2018-06-15,2018-07-13,2018-07-20,2359.94,3999.90
"SO - 000237",Online,WARE-MKL1006,USD,20,50,341,25,5,0.4,2018-04-10,2018-06-16,2018-06-27,2018-07-01,1084.80,1721.90
"SO - 000238",In-Store,WARE-NMK1003,USD,10,7,195,37,6,0.15,2017-12-31,2018-06-16,2018-07-05,2018-07-12,456.94,737.00
"SO - 000239",Online,WARE-XYS1001,USD,19,2,33,40,3,0.05,2018-04-10,2018-06-16,2018-07-07,2018-07-15,695.06,1219.40
"SO - 000240",In-Store,WARE-PUJ1005,USD,2,18,279,41,8,0.05,2017-12-31,2018-06-16,2018-07-12,2018-07-17,712.88,891.10
"SO - 000241",In-Store,WARE-NMK1003,USD,7,28,148,9,1,0.15,2018-04-10,2018-06-16,2018-07-14,2018-07-18,743.43,978.20
"SO - 000242",In-Store,WARE-NMK1003,USD,11,47,170,17,1,0.15,2018-04-10,2018-06-16,2018-07-01,2018-07-10,1657.45,3946.30
"SO - 000243",In-Store,WARE-NMK1003,USD,3,27,181,38,2,0.4,2018-04-10,2018-06-16,2018-07-05,2018-07-06,922.86,1299.80
"SO - 000244",Online,WARE-NBV1002,USD,19,21,77,12,4,0.05,2018-04-10,2018-06-17,2018-07-14,2018-07-24,2791.49,5815.60
"SO - 000245",In-Store,WARE-NMK1003,USD,3,43,122,23,6,0.15,2018-04-10,2018-06-17,2018-07-08,2018-07-10,655.26,1092.10
"SO - 000246",Distributor,WARE-XYS1001,USD,24,42,36,18,6,0.15,2018-04-10,2018-06-17,2018-07-10,2018-07-17,643.20,1072.00
"SO - 000247",Online,WARE-UHY1004,USD,17,34,217,16,5,0.05,2018-04-10,2018-06-17,2018-07-08,2018-07-09,2653.20,4020.00
"SO - 000248",Online,WARE-NBV1002,USD,20,37,63,12,4,0.15,2018-04-10,2018-06-17,2018-07-10,2018-07-15,669.73,984.90
"SO - 000249",Distributor,WARE-MKL1006,USD,21,50,341,7,7,0.05,2018-04-10,2018-06-17,2018-07-02,2018-07-04,100.23,227.80
"SO - 000250",In-Store,WARE-XYS1001,USD,3,17,36,35,3,0.15,2017-12-31,2018-06-17,2018-06-23,2018-06-26,3314.36,3993.20
"SO - 000251",Online,WARE-NMK1003,USD,12,25,163,26,4,0.08,2017-12-31,2018-06-17,2018-06-29,2018-07-08,185.72,221.10
"SO - 000252",Online,WARE-NMK1003,USD,12,21,101,43,6,0.08,2018-04-10,2018-06-18,2018-07-04,2018-07-14,2819.63,3356.70
"SO - 000253",In-Store,WARE-PUJ1005,USD,1,35,321,12,1,0.05,2017-12-31,2018-06-18,2018-07-09,2018-07-15,1157.22,1701.80
"SO - 000254",In-Store,WARE-PUJ1005,USD,3,9,276,8,3,0.15,2018-04-10,2018-06-18,2018-07-08,2018-07-09,2181.19,2566.10
"SO - 000255",In-Store,WARE-NMK1003,USD,6,22,101,5,4,0.05,2017-12-31,2018-06-18,2018-06-22,2018-06-26,126.03,221.10
"SO - 000256",In-Store,WARE-UHY1004,USD,5,28,248,4,1,0.1,2018-04-10,2018-06-18,2018-06-30,2018-07-05,980.21,1782.20
"SO - 000257",Distributor,WARE-NMK1003,USD,24,41,95,35,8,0.05,2017-12-31,2018-06-18,2018-07-15,2018-07-16,801.32,2003.30
"SO - 000258",Distributor,WARE-XYS1001,USD,20,28,33,5,5,0.08,2017-12-31,2018-06-18,2018-07-09,2018-07-16,1502.68,2385.20
"SO - 000259",Online,WARE-XYS1001,USD,13,22,12,21,1,0.1,2018-04-10,2018-06-18,2018-07-11,2018-07-17,1784.88,2231.10
"SO - 000260",In-Store,WARE-NMK1003,USD,10,26,119,35,1,0.05,2018-04-10,2018-06-18,2018-07-02,2018-07-07,412.05,1005.00
"SO - 000261",Distributor,WARE-PUJ1005,USD,23,12,290,40,7,0.05,2018-04-10,2018-06-18,2018-07-12,2018-07-19,1939.25,2693.40
"SO - 000262",Online,WARE-NMK1003,USD,17,31,110,36,4,0.08,2018-04-10,2018-06-18,2018-07-10,2018-07-11,652.25,1105.50
"SO - 000263",Online,WARE-NBV1002,USD,17,25,87,39,1,0.08,2018-04-10,2018-06-19,2018-07-10,2018-07-17,1088.42,1909.50
"SO - 000264",Distributor,WARE-NMK1003,USD,21,35,177,38,7,0.2,2018-04-10,2018-06-19,2018-06-21,2018-06-26,850.36,1118.90
"SO - 000265",In-Store,WARE-NMK1003,USD,11,45,94,8,7,0.2,2018-04-10,2018-06-19,2018-06-28,2018-07-03,758.11,1038.50
"SO - 000266",In-Store,WARE-NMK1003,USD,1,19,126,19,6,0.05,2017-12-31,2018-06-19,2018-06-28,2018-07-04,4300.86,6324.80
"SO - 000267",In-Store,WARE-XYS1001,USD,3,16,17,9,7,0.2,2017-12-31,2018-06-19,2018-06-27,2018-07-01,502.50,1005.00
"SO - 000268",In-Store,WARE-NMK1003,USD,3,15,178,2,5,0.08,2018-04-10,2018-06-19,2018-07-14,2018-07-17,659.48,1293.10
"SO - 000269",In-Store,WARE-NBV1002,USD,1,8,76,36,6,0.4,2018-04-10,2018-06-19,2018-07-16,2018-07-26,540.29,844.20
"SO - 000270",In-Store,WARE-PUJ1005,USD,6,27,318,1,4,0.05,2018-04-10,2018-06-19,2018-07-07,2018-07-14,195.84,247.90
"SO - 000271",Distributor,WARE-UHY1004,USD,21,12,217,21,7,0.3,2017-12-31,2018-06-19,2018-06-26,2018-06-28,139.36,174.20
"SO - 000272",In-Store,WARE-PUJ1005,USD,2,30,278,12,6,0.1,2018-04-10,2018-06-20,2018-07-11,2018-07-17,707.32,1025.10
"SO - 000273",Distributor,WARE-MKL1006,USD,21,19,341,23,3,0.15,2017-12-31,2018-06-20,2018-07-01,2018-07-06,2301.45,3068.60
"SO - 000274",Online,WARE-NMK1003,USD,16,44,122,3,2,0.08,2017-12-31,2018-06-20,2018-07-09,2018-07-11,115.78,241.20
"SO - 000275",In-Store,WARE-NMK1003,USD,11,24,200,47,1,0.2,2018-04-10,2018-06-20,2018-07-12,2018-07-17,139.36,174.20
"SO - 000276",In-Store,WARE-XYS1001,USD,3,10,30,37,2,0.2,2017-12-31,2018-06-20,2018-07-03,2018-07-13,1804.18,2505.80
"SO - 000277",Distributor,WARE-UHY1004,USD,25,35,233,31,7,0.15,2017-12-31,2018-06-20,2018-07-17,2018-07-20,1637.75,2599.60
"SO - 000278",Online,WARE-NMK1003,USD,18,38,151,28,6,0.15,2017-12-31,2018-06-20,2018-06-24,2018-06-28,1503.48,2278.00
"SO - 000279",Distributor,WARE-MKL1006,USD,24,31,353,25,2,0.08,2018-04-10,2018-06-21,2018-07-13,2018-07-21,589.73,1092.10
"SO - 000280",Wholesale,WARE-XYS1001,USD,25,40,43,7,5,0.2,2018-04-10,2018-06-21,2018-07-04,2018-07-07,933.98,1139.00
"SO - 000281",In-Store,WARE-MKL1006,USD,4,9,339,47,2,0.15,2017-12-31,2018-06-21,2018-07-02,2018-07-10,1072.00,1675.00
"SO - 000282",Wholesale,WARE-UHY1004,USD,26,41,228,26,2,0.05,2018-04-10,2018-06-21,2018-06-29,2018-07-02,687.96,1011.70
"SO - 000283",Wholesale,WARE-NMK1003,USD,27,11,128,46,7,0.1,2018-04-10,2018-06-21,2018-07-16,2018-07-21,412.72,938.00
"SO - 000284",Wholesale,WARE-XYS1001,USD,28,48,55,2,8,0.05,2018-04-10,2018-06-21,2018-07-16,2018-07-26,1052.10,2566.10
"SO - 000285",Distributor,WARE-NMK1003,USD,24,4,177,33,5,0.1,2018-04-10,2018-06-22,2018-07-16,2018-07-24,374.53,871.00
"SO - 000286",In-Store,WARE-NBV1002,USD,2,4,81,18,1,0.1,2018-04-10,2018-06-22,2018-07-17,2018-07-21,1789.70,2485.70
"SO - 000287",In-Store,WARE-MKL1006,USD,1,40,365,41,4,0.4,2018-04-10,2018-06-22,2018-07-13,2018-07-17,1922.90,2345.00
"SO - 000288",Online,WARE-XYS1001,USD,15,19,48,27,2,0.05,2018-04-10,2018-06-22,2018-07-12,2018-07-21,749.66,1118.90
"SO - 000289",In-Store,WARE-XYS1001,USD,11,24,11,42,4,0.1,2018-04-10,2018-06-22,2018-06-25,2018-07-02,1397.62,1996.60
"SO - 000290",In-Store,WARE-NMK1003,USD,11,6,127,39,1,0.08,2018-04-10,2018-06-22,2018-07-10,2018-07-20,390.61,710.20
"SO - 000291",Online,WARE-NMK1003,USD,13,6,201,35,4,0.05,2018-04-10,2018-06-22,2018-07-15,2018-07-22,1790.91,3979.80
"SO - 000292",In-Store,WARE-MKL1006,USD,8,9,339,28,3,0.08,2017-12-31,2018-06-22,2018-07-11,2018-07-13,440.79,1025.10
"SO - 000293",In-Store,WARE-NMK1003,USD,3,3,198,9,7,0.2,2017-12-31,2018-06-22,2018-07-04,2018-07-09,1309.98,2519.20
"SO - 000294",Online,WARE-NMK1003,USD,15,36,150,2,7,0.05,2017-12-31,2018-06-22,2018-07-18,2018-07-25,3471.87,5031.70
"SO - 000295",Online,WARE-PUJ1005,USD,19,27,311,46,1,0.1,2018-04-10,2018-06-23,2018-07-01,2018-07-04,768.22,1829.10
"SO - 000296",In-Store,WARE-PUJ1005,USD,5,29,304,25,5,0.08,2018-04-10,2018-06-23,2018-07-16,2018-07-22,900.48,1072.00
"SO - 000297",In-Store,WARE-UHY1004,USD,5,11,247,32,1,0.2,2018-04-10,2018-06-23,2018-07-08,2018-07-14,1828.30,2539.30
"SO - 000298",In-Store,WARE-PUJ1005,USD,11,24,265,41,1,0.08,2018-04-10,2018-06-23,2018-07-11,2018-07-18,2027.69,3899.40
"SO - 000299",In-Store,WARE-MKL1006,USD,5,38,366,37,3,0.2,2018-04-10,2018-06-24,2018-06-27,2018-06-30,3380.22,5045.10
"SO - 000300",Online,WARE-NMK1003,USD,19,38,125,14,8,0.05,2018-04-10,2018-06-24,2018-07-14,2018-07-15,522.60,1005.00
"SO - 000301",Wholesale,WARE-NMK1003,USD,27,20,182,47,7,0.1,2018-04-10,2018-06-24,2018-07-10,2018-07-17,1219.40,2438.80
"SO - 000302",In-Store,WARE-NMK1003,USD,11,46,152,24,4,0.3,2018-04-10,2018-06-25,2018-07-10,2018-07-13,2035.33,3336.60
"SO - 000303",In-Store,WARE-UHY1004,USD,1,38,256,25,4,0.15,2018-04-10,2018-06-25,2018-07-14,2018-07-15,857.06,1098.80
"SO - 000304",Online,WARE-NBV1002,USD,19,5,66,20,2,0.08,2018-04-10,2018-06-25,2018-07-18,2018-07-21,970.43,1902.80
"SO - 000305",Online,WARE-NMK1003,USD,17,32,156,33,4,0.08,2017-12-31,2018-06-25,2018-07-05,2018-07-13,2190.70,3477.30
"SO - 000306",Wholesale,WARE-NMK1003,USD,26,36,200,10,1,0.1,2018-04-10,2018-06-26,2018-07-13,2018-07-17,1481.77,2599.60
"SO - 000307",Online,WARE-PUJ1005,USD,12,1,299,7,1,0.08,2018-04-10,2018-06-26,2018-07-20,2018-07-22,506.99,1078.70
"SO - 000308",Online,WARE-NMK1003,USD,17,22,199,31,5,0.2,2017-12-31,2018-06-26,2018-07-15,2018-07-19,533.05,1045.20
"SO - 000309",Online,WARE-NMK1003,USD,15,21,157,1,2,0.05,2017-12-31,2018-06-26,2018-07-19,2018-07-22,787.92,1125.60
"SO - 000310",In-Store,WARE-NMK1003,USD,1,14,187,22,8,0.05,2018-04-10,2018-06-26,2018-07-16,2018-07-18,762.80,1105.50
"SO - 000311",Online,WARE-NBV1002,USD,18,50,84,46,1,0.1,2017-12-31,2018-06-26,2018-07-24,2018-08-03,1668.03,2606.30
"SO - 000312",Distributor,WARE-UHY1004,USD,22,41,228,25,8,0.08,2018-04-10,2018-06-26,2018-07-01,2018-07-11,95.68,227.80
"SO - 000313",Distributor,WARE-NMK1003,USD,22,35,180,29,7,0.05,2018-04-10,2018-06-26,2018-07-20,2018-07-24,123.95,167.50
"SO - 000314",In-Store,WARE-UHY1004,USD,7,21,250,16,3,0.1,2017-12-31,2018-06-26,2018-07-08,2018-07-11,538.48,1145.70
"SO - 000315",In-Store,WARE-PUJ1005,USD,4,37,326,36,7,0.08,2018-04-10,2018-06-26,2018-07-12,2018-07-13,2157.67,2599.60
"SO - 000316",Distributor,WARE-NMK1003,USD,24,14,136,18,1,0.05,2018-04-10,2018-06-27,2018-07-09,2018-07-17,1969.80,3939.60
"SO - 000317",In-Store,WARE-NMK1003,USD,2,18,112,37,8,0.08,2018-04-10,2018-06-27,2018-07-18,2018-07-21,1584.55,2881.00
"SO - 000318",In-Store,WARE-NMK1003,USD,3,22,108,43,2,0.05,2018-04-10,2018-06-27,2018-07-04,2018-07-06,2003.30,3852.50
"SO - 000319",Wholesale,WARE-XYS1001,USD,27,48,56,42,2,0.05,2018-04-10,2018-06-27,2018-07-04,2018-07-10,546.72,1139.00
"SO - 000320",Distributor,WARE-NMK1003,USD,23,7,195,25,4,0.05,2018-04-10,2018-06-27,2018-07-06,2018-07-09,2040.55,2519.20
"SO - 000321",In-Store,WARE-NBV1002,USD,9,33,82,42,1,0.15,2017-12-31,2018-06-27,2018-07-18,2018-07-23,703.63,1192.60
"SO - 000322",In-Store,WARE-UHY1004,USD,5,18,215,14,5,0.08,2018-04-10,2018-06-27,2018-06-29,2018-07-09,1013.04,2412.00
"SO - 000323",In-Store,WARE-NMK1003,USD,9,6,134,47,7,0.05,2018-04-10,2018-06-27,2018-07-18,2018-07-22,2057.57,2479.00
"SO - 000324",Wholesale,WARE-PUJ1005,USD,26,10,322,35,7,0.1,2018-04-10,2018-06-27,2018-07-13,2018-07-14,1330.35,1956.40
"SO - 000325",Online,WARE-NMK1003,USD,15,4,176,42,5,0.3,2018-04-10,2018-06-27,2018-07-05,2018-07-14,722.73,1078.70
"SO - 000326",In-Store,WARE-NBV1002,USD,6,22,70,26,1,0.08,2017-12-31,2018-06-27,2018-07-12,2018-07-22,945.91,1212.70
"SO - 000327",Online,WARE-UHY1004,USD,18,48,252,29,5,0.08,2018-04-10,2018-06-27,2018-07-06,2018-07-13,821.69,978.20
"SO - 000328",In-Store,WARE-PUJ1005,USD,4,28,275,45,3,0.05,2018-04-10,2018-06-27,2018-07-14,2018-07-18,120.20,174.20
"SO - 000329",Online,WARE-UHY1004,USD,19,25,226,17,3,0.15,2018-04-10,2018-06-27,2018-07-08,2018-07-12,630.34,1125.60
"SO - 000330",Online,WARE-PUJ1005,USD,20,49,288,6,6,0.15,2018-04-10,2018-06-28,2018-07-10,2018-07-11,468.73,1065.30
"SO - 000331",Online,WARE-NBV1002,USD,15,11,60,12,5,0.08,2018-04-10,2018-06-28,2018-07-16,2018-07-22,2724.89,3892.70
"SO - 000332",Online,WARE-PUJ1005,USD,17,19,297,9,2,0.3,2018-04-10,2018-06-28,2018-07-18,2018-07-26,120.47,207.70
"SO - 000333",In-Store,WARE-NBV1002,USD,3,20,75,23,7,0.3,2018-04-10,2018-06-28,2018-07-13,2018-07-18,948.72,1185.90
"SO - 000334",In-Store,WARE-MKL1006,USD,10,15,352,18,2,0.15,2018-04-10,2018-06-28,2018-07-10,2018-07-17,1629.31,2586.20
"SO - 000335",In-Store,WARE-XYS1001,USD,8,26,25,30,4,0.3,2018-04-10,2018-06-28,2018-07-08,2018-07-13,1960.42,2579.50
"SO - 000336",Online,WARE-XYS1001,USD,16,7,23,36,8,0.08,2018-04-10,2018-06-28,2018-07-21,2018-07-27,2806.50,6378.40
"SO - 000337",Distributor,WARE-PUJ1005,USD,24,26,292,31,7,0.2,2018-04-10,2018-06-28,2018-07-03,2018-07-11,2226.14,3008.30
"SO - 000338",In-Store,WARE-NMK1003,USD,11,49,140,20,3,0.08,2018-04-10,2018-06-28,2018-07-25,2018-08-01,930.36,1755.40
"SO - 000339",Online,WARE-NMK1003,USD,13,28,171,14,8,0.08,2017-12-31,2018-06-28,2018-07-09,2018-07-10,740.35,1139.00
"SO - 000340",In-Store,WARE-XYS1001,USD,11,46,44,38,5,0.08,2018-04-10,2018-06-28,2018-07-13,2018-07-17,4556.40,6157.30
"SO - 000341",Online,WARE-XYS1001,USD,18,33,43,40,7,0.1,2018-04-10,2018-06-28,2018-07-25,2018-08-03,1093.24,2231.10
"SO - 000342",In-Store,WARE-NBV1002,USD,11,23,64,8,7,0.1,2018-04-10,2018-06-28,2018-07-15,2018-07-18,1859.25,2479.00
"SO - 000343",Distributor,WARE-XYS1001,USD,21,35,18,10,4,0.05,2018-04-10,2018-06-29,2018-07-06,2018-07-15,4793.85,6391.80
"SO - 000344",Wholesale,WARE-PUJ1005,USD,27,4,263,39,2,0.05,2018-04-10,2018-06-29,2018-07-19,2018-07-20,660.62,1139.00
"SO - 000345",Online,WARE-NMK1003,USD,20,38,196,36,3,0.1,2018-04-10,2018-06-29,2018-07-01,2018-07-08,1681.03,2586.20
"SO - 000346",In-Store,WARE-UHY1004,USD,1,36,206,35,4,0.05,2018-04-10,2018-06-29,2018-07-04,2018-07-08,1871.71,3899.40
"SO - 000347",In-Store,WARE-NBV1002,USD,8,25,80,43,8,0.05,2018-04-10,2018-06-29,2018-07-24,2018-07-29,599.38,951.40
"SO - 000348",In-Store,WARE-NMK1003,USD,4,8,172,38,1,0.05,2018-04-10,2018-06-30,2018-07-20,2018-07-24,3476.90,5607.90
"SO - 000349",In-Store,WARE-PUJ1005,USD,6,12,274,37,2,0.08,2018-04-10,2018-06-30,2018-07-04,2018-07-11,827.72,1165.80
"SO - 000350",Online,WARE-PUJ1005,USD,16,17,277,44,2,0.05,2018-04-10,2018-06-30,2018-07-27,2018-08-06,1520.77,1949.70
"SO - 000351",Distributor,WARE-NMK1003,USD,21,40,147,34,8,0.1,2018-04-10,2018-06-30,2018-07-11,2018-07-16,2690.05,3685.00
"SO - 000352",Distributor,WARE-MKL1006,USD,20,3,332,17,2,0.4,2018-04-10,2018-06-30,2018-07-17,2018-07-26,1816.84,2633.10
"SO - 000353",Online,WARE-PUJ1005,USD,19,26,274,23,1,0.08,2018-04-10,2018-06-30,2018-07-11,2018-07-13,460.96,1072.00
"SO - 000354",In-Store,WARE-XYS1001,USD,1,38,33,8,1,0.08,2018-04-10,2018-06-30,2018-07-04,2018-07-05,1910.30,3537.60
"SO - 000355",In-Store,WARE-UHY1004,USD,9,41,233,13,8,0.2,2018-04-10,2018-06-30,2018-07-21,2018-07-24,622.50,1092.10
"SO - 000356",In-Store,WARE-PUJ1005,USD,12,17,262,5,4,0.05,2017-12-31,2018-06-30,2018-07-20,2018-07-22,1136.66,1748.70
"SO - 000357",Online,WARE-XYS1001,USD,18,49,6,9,8,0.08,2018-04-10,2018-06-30,2018-07-24,2018-07-29,739.61,891.10
"SO - 000358",In-Store,WARE-NMK1003,USD,2,41,159,23,5,0.05,2018-04-10,2018-06-30,2018-07-21,2018-07-28,1510.18,3082.00
"SO - 000359",In-Store,WARE-NMK1003,USD,9,34,148,15,5,0.08,2018-04-10,2018-06-30,2018-07-17,2018-07-21,776.66,1125.60
"SO - 000360",In-Store,WARE-NMK1003,USD,7,46,102,22,6,0.08,2018-04-10,2018-06-30,2018-07-13,2018-07-18,651.51,1252.90
"SO - 000361",Wholesale,WARE-MKL1006,USD,28,44,362,45,1,0.08,2018-04-10,2018-07-01,2018-07-04,2018-07-09,527.63,837.50
"SO - 000362",Wholesale,WARE-PUJ1005,USD,25,21,295,40,1,0.08,2018-04-10,2018-07-01,2018-07-29,2018-08-08,773.85,1031.80
"SO - 000363",Online,WARE-UHY1004,USD,14,7,256,28,4,0.15,2018-04-10,2018-07-01,2018-07-06,2018-07-09,1454.97,2385.20
"SO - 000364",In-Store,WARE-NMK1003,USD,1,48,154,30,2,0.05,2018-04-10,2018-07-01,2018-07-16,2018-07-18,1153.47,1802.30
"SO - 000365",Wholesale,WARE-PUJ1005,USD,26,40,270,27,5,0.05,2018-04-10,2018-07-01,2018-07-19,2018-07-22,753.62,1018.40
"SO - 000366",Online,WARE-NMK1003,USD,13,35,102,40,7,0.4,2018-04-10,2018-07-01,2018-07-07,2018-07-12,1815.30,3946.30
"SO - 000367",In-Store,WARE-NMK1003,USD,9,21,131,15,7,0.2,2018-04-10,2018-07-01,2018-07-20,2018-07-21,2095.09,3953.00
"SO - 000368",In-Store,WARE-NMK1003,USD,11,1,160,33,6,0.08,2017-12-31,2018-07-02,2018-07-16,2018-07-22,3416.13,5098.70
"SO - 000369",Online,WARE-MKL1006,USD,15,9,347,5,8,0.08,2018-04-10,2018-07-02,2018-07-10,2018-07-15,1954.52,3758.70
"SO - 000370",Distributor,WARE-XYS1001,USD,24,9,45,18,7,0.15,2018-04-10,2018-07-02,2018-07-07,2018-07-11,610.50,911.20
"SO - 000371",Distributor,WARE-UHY1004,USD,21,26,238,22,3,0.4,2018-04-10,2018-07-02,2018-07-04,2018-07-06,379.89,904.50
"SO - 000372",Online,WARE-NMK1003,USD,18,21,128,5,3,0.05,2018-04-10,2018-07-02,2018-07-08,2018-07-18,410.04,911.20
"SO - 000373",Online,WARE-XYS1001,USD,19,6,39,21,5,0.3,2018-04-10,2018-07-02,2018-07-08,2018-07-11,134.40,227.80
"SO - 000374",In-Store,WARE-NBV1002,USD,3,14,69,40,4,0.08,2018-04-10,2018-07-02,2018-07-21,2018-07-27,117.12,254.60
"SO - 000375",Wholesale,WARE-XYS1001,USD,27,33,29,35,3,0.08,2017-12-31,2018-07-02,2018-07-20,2018-07-21,444.21,683.40
"SO - 000376",In-Store,WARE-NMK1003,USD,4,43,159,20,7,0.05,2018-04-10,2018-07-03,2018-07-15,2018-07-20,2234.12,3919.50
"SO - 000377",Wholesale,WARE-MKL1006,USD,26,25,353,12,8,0.05,2018-04-10,2018-07-03,2018-07-24,2018-07-25,786.31,1092.10
"SO - 000378",In-Store,WARE-NMK1003,USD,4,10,199,20,4,0.05,2018-04-10,2018-07-04,2018-07-24,2018-08-03,536.27,924.60
"SO - 000379",Online,WARE-NMK1003,USD,17,45,182,22,8,0.05,2018-04-10,2018-07-04,2018-07-31,2018-08-06,794.35,1018.40
"SO - 000380",In-Store,WARE-MKL1006,USD,1,19,358,13,7,0.2,2018-04-10,2018-07-04,2018-07-25,2018-07-28,1305.90,1788.90
"SO - 000381",Distributor,WARE-NBV1002,USD,23,17,80,47,2,0.3,2018-04-10,2018-07-04,2018-08-01,2018-08-08,538.48,944.70
"SO - 000382",Wholesale,WARE-NMK1003,USD,25,39,140,29,3,0.1,2017-12-31,2018-07-04,2018-07-30,2018-07-31,2573.81,3959.70
"SO - 000383",In-Store,WARE-NMK1003,USD,6,11,146,41,5,0.05,2018-04-10,2018-07-04,2018-07-19,2018-07-25,70.35,167.50
"SO - 000384",Wholesale,WARE-NMK1003,USD,25,23,104,22,2,0.05,2018-04-10,2018-07-04,2018-07-15,2018-07-23,1975.03,3872.60
"SO - 000385",In-Store,WARE-NMK1003,USD,12,12,185,23,8,0.05,2017-12-31,2018-07-04,2018-07-14,2018-07-23,3858.13,6539.20
"SO - 000386",Distributor,WARE-XYS1001,USD,23,44,51,6,1,0.1,2018-04-10,2018-07-04,2018-07-23,2018-07-24,779.08,1025.10
"SO - 000387",Distributor,WARE-NMK1003,USD,21,31,190,29,3,0.1,2018-04-10,2018-07-04,2018-07-07,2018-07-16,572.18,938.00
"SO - 000388",Wholesale,WARE-MKL1006,USD,26,19,355,27,3,0.08,2018-04-10,2018-07-04,2018-07-08,2018-07-16,804.80,1045.20
"SO - 000389",Wholesale,WARE-UHY1004,USD,28,20,205,19,8,0.15,2018-04-10,2018-07-04,2018-07-19,2018-07-25,112.23,167.50
"SO - 000390",Online,WARE-MKL1006,USD,15,44,334,45,5,0.08,2018-04-10,2018-07-04,2018-07-30,2018-07-31,1377.52,1721.90
"SO - 000391",Online,WARE-UHY1004,USD,13,30,242,28,3,0.1,2018-04-10,2018-07-05,2018-07-16,2018-07-19,466.92,676.70
"SO - 000392",In-Store,WARE-NMK1003,USD,4,47,162,24,2,0.08,2018-04-10,2018-07-05,2018-07-11,2018-07-18,82.08,167.50
"SO - 000393",In-Store,WARE-UHY1004,USD,4,26,255,12,5,0.08,2018-04-10,2018-07-05,2018-07-09,2018-07-17,895.12,1118.90
"SO - 000394",Wholesale,WARE-XYS1001,USD,26,17,24,32,3,0.08,2018-04-10,2018-07-05,2018-07-30,2018-08-09,933.98,1139.00
"SO - 000395",In-Store,WARE-PUJ1005,USD,8,44,278,41,4,0.1,2018-04-10,2018-07-05,2018-07-16,2018-07-26,751.94,1748.70
"SO - 000396",In-Store,WARE-UHY1004,USD,5,13,258,27,8,0.05,2018-04-10,2018-07-05,2018-07-18,2018-07-25,1140.88,1728.60
"SO - 000397",Wholesale,WARE-NMK1003,USD,27,13,183,23,8,0.08,2018-04-10,2018-07-05,2018-07-16,2018-07-26,500.49,1112.20
"SO - 000398",In-Store,WARE-XYS1001,USD,3,9,58,1,6,0.05,2018-04-10,2018-07-05,2018-07-13,2018-07-18,1454.97,2385.20
"SO - 000399",Wholesale,WARE-NBV1002,USD,26,18,83,3,8,0.3,2017-12-31,2018-07-05,2018-07-10,2018-07-17,172.46,221.10
"SO - 000400",Distributor,WARE-NMK1003,USD,23,1,120,29,7,0.05,2018-04-10,2018-07-06,2018-08-02,2018-08-12,2682.95,5708.40
"SO - 000401",Online,WARE-PUJ1005,USD,18,38,288,40,1,0.3,2018-04-10,2018-07-06,2018-07-26,2018-08-03,830.80,1038.50
"SO - 000402",In-Store,WARE-XYS1001,USD,5,43,19,35,4,0.15,2018-04-10,2018-07-06,2018-07-09,2018-07-19,3234.49,3993.20
"SO - 000403",Online,WARE-NMK1003,USD,16,14,191,33,8,0.2,2017-12-31,2018-07-06,2018-08-01,2018-08-04,792.34,1085.40
"SO - 000404",Online,WARE-PUJ1005,USD,12,36,278,23,7,0.1,2018-04-10,2018-07-06,2018-07-21,2018-07-22,2020.72,3886.00
"SO - 000405",In-Store,WARE-PUJ1005,USD,6,21,294,4,3,0.2,2018-04-10,2018-07-06,2018-07-21,2018-07-25,2670.96,3986.50
"SO - 000406",Online,WARE-NMK1003,USD,18,41,120,32,3,0.08,2018-04-10,2018-07-06,2018-07-27,2018-07-30,988.92,1206.00
"SO - 000407",Wholesale,WARE-MKL1006,USD,28,38,357,7,1,0.3,2018-04-10,2018-07-07,2018-07-13,2018-07-16,1050.23,1842.50
"SO - 000408",Wholesale,WARE-PUJ1005,USD,27,22,296,35,3,0.05,2018-04-10,2018-07-07,2018-07-21,2018-07-27,2930.04,5051.80
"SO - 000409",Online,WARE-UHY1004,USD,14,4,248,39,1,0.08,2018-04-10,2018-07-07,2018-07-20,2018-07-27,466.32,1165.80
"SO - 000410",Online,WARE-MKL1006,USD,15,21,333,2,8,0.08,2018-04-10,2018-07-07,2018-07-25,2018-07-26,2340.18,3966.40
"SO - 000411",Online,WARE-PUJ1005,USD,13,17,322,22,3,0.2,2018-04-10,2018-07-07,2018-07-25,2018-08-03,1495.91,1802.30
"SO - 000412",Online,WARE-NMK1003,USD,19,36,153,31,5,0.08,2018-04-10,2018-07-08,2018-07-22,2018-07-31,851.24,1105.50
"SO - 000413",Online,WARE-XYS1001,USD,12,16,46,32,7,0.05,2018-04-10,2018-07-08,2018-07-24,2018-07-28,1398.16,1889.40
"SO - 000414",Online,WARE-MKL1006,USD,15,40,351,4,7,0.08,2018-04-10,2018-07-08,2018-07-31,2018-08-01,661.96,1018.40
"SO - 000415",In-Store,WARE-PUJ1005,USD,3,8,293,40,5,0.05,2018-04-10,2018-07-08,2018-07-21,2018-07-22,2822.11,3865.90
"SO - 000416",Wholesale,WARE-UHY1004,USD,28,30,256,13,7,0.1,2018-04-10,2018-07-08,2018-07-10,2018-07-15,449.24,998.30
"SO - 000417",Online,WARE-NMK1003,USD,18,48,148,31,2,0.08,2018-04-10,2018-07-08,2018-07-30,2018-08-05,127.30,254.60
"SO - 000418",Online,WARE-XYS1001,USD,13,13,6,38,5,0.4,2018-04-10,2018-07-08,2018-08-02,2018-08-05,316.58,703.50
"SO - 000419",Distributor,WARE-NBV1002,USD,23,47,62,1,6,0.05,2018-04-10,2018-07-08,2018-08-04,2018-08-13,546.05,1092.10
"SO - 000420",Online,WARE-NBV1002,USD,16,6,61,3,4,0.05,2018-04-10,2018-07-08,2018-07-27,2018-08-04,560.79,1038.50
"SO - 000421",In-Store,WARE-NMK1003,USD,3,50,188,37,4,0.15,2018-04-10,2018-07-08,2018-08-01,2018-08-05,1894.89,2398.60
"SO - 000422",Wholesale,WARE-NMK1003,USD,28,32,150,7,4,0.05,2018-04-10,2018-07-09,2018-07-12,2018-07-14,368.10,897.80
"SO - 000423",Distributor,WARE-XYS1001,USD,25,30,39,46,7,0.15,2018-04-10,2018-07-09,2018-07-29,2018-08-06,3179.69,5212.60
"SO - 000424",Online,WARE-NMK1003,USD,15,46,102,22,3,0.05,2018-04-10,2018-07-09,2018-07-13,2018-07-20,206.23,254.60
"SO - 000425",In-Store,WARE-UHY1004,USD,3,29,236,3,4,0.08,2018-04-10,2018-07-09,2018-07-31,2018-08-04,2120.15,3926.20
"SO - 000426",Online,WARE-PUJ1005,USD,17,13,312,12,8,0.1,2018-04-10,2018-07-09,2018-07-27,2018-08-05,582.90,1165.80
"SO - 000427",In-Store,WARE-NMK1003,USD,7,44,183,6,1,0.15,2018-04-10,2018-07-09,2018-08-02,2018-08-07,2354.11,3859.20
"SO - 000428",In-Store,WARE-NBV1002,USD,3,4,69,41,6,0.05,2018-04-10,2018-07-09,2018-07-29,2018-07-31,100.50,167.50
"SO - 000429",Distributor,WARE-MKL1006,USD,21,22,330,24,8,0.05,2018-04-10,2018-07-09,2018-07-15,2018-07-17,891.30,1681.70
"SO - 000430",Distributor,WARE-NMK1003,USD,22,38,137,3,8,0.05,2018-04-10,2018-07-09,2018-08-06,2018-08-07,665.71,924.60
"SO - 000431",Distributor,WARE-NMK1003,USD,23,13,119,21,6,0.1,2018-04-10,2018-07-09,2018-07-23,2018-08-02,3371.44,3966.40
"SO - 000432",Online,WARE-PUJ1005,USD,15,19,283,43,7,0.1,2018-04-10,2018-07-09,2018-07-27,2018-08-01,450.24,938.00
"SO - 000433",In-Store,WARE-NBV1002,USD,7,20,81,30,6,0.2,2018-04-10,2018-07-10,2018-08-01,2018-08-02,1090.76,1983.20
"SO - 000434",In-Store,WARE-NMK1003,USD,10,27,165,7,7,0.08,2018-04-10,2018-07-10,2018-07-21,2018-07-31,2094.82,2586.20
"SO - 000435",In-Store,WARE-NBV1002,USD,7,14,87,2,3,0.05,2018-04-10,2018-07-11,2018-07-25,2018-08-02,2051.47,3061.90
"SO - 000436",Wholesale,WARE-PUJ1005,USD,28,30,323,39,1,0.2,2018-04-10,2018-07-11,2018-07-24,2018-07-31,452.32,1051.90
"SO - 000437",Distributor,WARE-UHY1004,USD,21,11,225,2,8,0.15,2018-04-10,2018-07-11,2018-07-16,2018-07-22,104.52,261.30
"SO - 000438",In-Store,WARE-NMK1003,USD,11,4,138,37,6,0.05,2018-04-10,2018-07-11,2018-07-27,2018-08-01,3071.95,6143.90
"SO - 000439",Distributor,WARE-NMK1003,USD,20,45,143,43,7,0.2,2018-04-10,2018-07-11,2018-07-31,2018-08-03,1928.39,2472.30
"SO - 000440",In-Store,WARE-PUJ1005,USD,2,6,316,9,3,0.08,2018-04-10,2018-07-11,2018-07-26,2018-07-27,3075.23,3892.70
"SO - 000441",In-Store,WARE-UHY1004,USD,11,33,216,14,1,0.05,2018-04-10,2018-07-11,2018-08-05,2018-08-11,492.05,964.80
"SO - 000442",In-Store,WARE-MKL1006,USD,2,46,342,12,8,0.2,2018-04-10,2018-07-11,2018-07-30,2018-08-05,3104.24,3832.40
"SO - 000443",In-Store,WARE-NMK1003,USD,2,12,190,45,7,0.2,2018-04-10,2018-07-11,2018-07-25,2018-08-02,781.49,964.80
"SO - 000444",In-Store,WARE-NMK1003,USD,6,48,122,40,1,0.05,2018-04-10,2018-07-11,2018-07-24,2018-07-29,794.42,1118.90
"SO - 000445",Online,WARE-PUJ1005,USD,16,43,319,6,8,0.05,2018-04-10,2018-07-11,2018-07-31,2018-08-06,74.17,180.90
"SO - 000446",Distributor,WARE-NMK1003,USD,22,23,96,24,7,0.05,2018-04-10,2018-07-11,2018-08-07,2018-08-08,346.12,844.20
"SO - 000447",In-Store,WARE-NMK1003,USD,7,25,96,11,7,0.2,2018-04-10,2018-07-11,2018-08-03,2018-08-06,1780.26,3490.70
"SO - 000448",Online,WARE-NBV1002,USD,20,39,66,9,5,0.2,2018-04-10,2018-07-12,2018-08-08,2018-08-11,778.54,1112.20
"SO - 000449",In-Store,WARE-NMK1003,USD,11,42,128,37,1,0.05,2018-04-10,2018-07-12,2018-08-08,2018-08-15,568.16,1072.00
"SO - 000450",Distributor,WARE-XYS1001,USD,24,20,1,41,3,0.08,2018-04-10,2018-07-12,2018-07-29,2018-08-04,906.11,1078.70
"SO - 000451",Wholesale,WARE-PUJ1005,USD,26,10,273,25,7,0.08,2018-04-10,2018-07-12,2018-07-26,2018-08-01,3857.93,5433.70
"SO - 000452",Online,WARE-PUJ1005,USD,16,17,309,24,8,0.05,2018-04-10,2018-07-12,2018-07-14,2018-07-18,3163.94,3906.10
"SO - 000453",Online,WARE-NMK1003,USD,13,21,103,30,4,0.15,2018-04-10,2018-07-12,2018-07-20,2018-07-25,2090.07,2458.90
"SO - 000454",Distributor,WARE-UHY1004,USD,24,8,258,10,3,0.08,2018-04-10,2018-07-12,2018-07-30,2018-08-01,856.39,1112.20
"SO - 000455",In-Store,WARE-NMK1003,USD,10,31,149,47,4,0.05,2018-04-10,2018-07-12,2018-07-16,2018-07-17,745.71,1065.30
"SO - 000456",In-Store,WARE-PUJ1005,USD,1,5,298,35,6,0.08,2018-04-10,2018-07-12,2018-07-24,2018-07-30,1359.70,1862.60
"SO - 000457",Wholesale,WARE-PUJ1005,USD,27,11,273,7,7,0.2,2018-04-10,2018-07-12,2018-07-31,2018-08-04,1184.56,1822.40
"SO - 000458",Wholesale,WARE-NMK1003,USD,26,35,161,12,7,0.05,2018-04-10,2018-07-12,2018-07-21,2018-07-29,575.26,1065.30
"SO - 000459",Online,WARE-XYS1001,USD,17,26,29,16,3,0.05,2018-04-10,2018-07-12,2018-07-24,2018-07-31,4289.41,5875.90
"SO - 000460",In-Store,WARE-NMK1003,USD,1,10,151,22,3,0.08,2018-04-10,2018-07-12,2018-08-01,2018-08-06,708.73,1728.60
"SO - 000461",Distributor,WARE-NMK1003,USD,24,50,125,45,4,0.05,2018-04-10,2018-07-13,2018-07-18,2018-07-25,2452.74,3832.40
"SO - 000462",Distributor,WARE-PUJ1005,USD,22,24,261,7,1,0.05,2018-04-10,2018-07-13,2018-08-10,2018-08-17,861.08,1025.10
"SO - 000463",Distributor,WARE-NMK1003,USD,24,1,115,45,4,0.05,2018-04-10,2018-07-13,2018-08-02,2018-08-12,944.16,1815.70
"SO - 000464",In-Store,WARE-PUJ1005,USD,4,22,294,1,2,0.08,2018-04-10,2018-07-13,2018-07-22,2018-07-25,1689.20,3839.10
"SO - 000465",In-Store,WARE-XYS1001,USD,10,15,56,14,1,0.05,2018-04-10,2018-07-13,2018-07-15,2018-07-23,1430.99,2425.40
"SO - 000466",In-Store,WARE-UHY1004,USD,6,38,218,13,6,0.15,2018-04-10,2018-07-13,2018-07-16,2018-07-22,1971.61,3865.90
"SO - 000467",In-Store,WARE-MKL1006,USD,2,45,351,23,2,0.08,2018-04-10,2018-07-13,2018-08-03,2018-08-07,1857.24,2653.20
"SO - 000468",Online,WARE-NMK1003,USD,13,42,90,3,2,0.15,2018-04-10,2018-07-13,2018-07-27,2018-08-03,594.96,991.60
"SO - 000469",Distributor,WARE-MKL1006,USD,23,9,345,28,5,0.1,2018-04-10,2018-07-13,2018-07-21,2018-07-25,2060.25,2512.50
"SO - 000470",Distributor,WARE-XYS1001,USD,20,6,42,16,6,0.1,2018-04-10,2018-07-14,2018-08-07,2018-08-17,1332.63,2613.00
"SO - 000471",Distributor,WARE-MKL1006,USD,25,1,362,27,5,0.15,2018-04-10,2018-07-14,2018-08-08,2018-08-11,3375.86,5721.80
"SO - 000472",In-Store,WARE-UHY1004,USD,4,8,233,7,2,0.08,2018-04-10,2018-07-14,2018-07-17,2018-07-24,831.34,1768.80
"SO - 000473",Online,WARE-UHY1004,USD,20,19,220,21,5,0.1,2018-04-10,2018-07-14,2018-07-31,2018-08-04,1251.02,2606.30
"SO - 000474",Online,WARE-MKL1006,USD,18,10,332,34,8,0.1,2018-04-10,2018-07-14,2018-07-22,2018-07-28,1569.41,2452.20
"SO - 000475",Distributor,WARE-UHY1004,USD,21,49,211,44,1,0.05,2018-04-10,2018-07-14,2018-07-17,2018-07-23,694.66,964.80
"SO - 000476",Distributor,WARE-NMK1003,USD,24,44,90,38,5,0.05,2018-04-10,2018-07-15,2018-08-03,2018-08-10,562.80,1125.60
"SO - 000477",Distributor,WARE-PUJ1005,USD,21,30,316,30,5,0.05,2018-04-10,2018-07-15,2018-08-07,2018-08-09,548.86,857.60
"SO - 000478",In-Store,WARE-XYS1001,USD,5,37,28,2,7,0.08,2018-04-10,2018-07-15,2018-07-19,2018-07-20,1796.81,3906.10
"SO - 000479",In-Store,WARE-NMK1003,USD,10,8,162,25,5,0.15,2018-04-10,2018-07-15,2018-07-19,2018-07-23,506.99,1078.70
"SO - 000480",Online,WARE-PUJ1005,USD,18,13,279,29,1,0.4,2018-04-10,2018-07-15,2018-08-10,2018-08-13,1264.69,2432.10
"SO - 000481",Online,WARE-NMK1003,USD,18,2,91,30,8,0.05,2018-04-10,2018-07-15,2018-08-03,2018-08-12,536.54,958.10
"SO - 000482",Wholesale,WARE-NMK1003,USD,25,42,139,45,8,0.05,2018-04-10,2018-07-16,2018-07-30,2018-08-07,726.01,864.30
"SO - 000483",In-Store,WARE-NMK1003,USD,7,40,146,8,2,0.05,2018-04-10,2018-07-16,2018-07-27,2018-08-05,700.08,864.30
"SO - 000484",In-Store,WARE-NMK1003,USD,1,40,194,36,6,0.08,2018-04-10,2018-07-16,2018-07-29,2018-08-05,579.22,891.10
"SO - 000485",Online,WARE-NMK1003,USD,18,17,100,10,5,0.2,2018-04-10,2018-07-16,2018-08-12,2018-08-15,2069.50,3979.80
"SO - 000486",Online,WARE-UHY1004,USD,15,23,214,14,5,0.1,2018-04-10,2018-07-16,2018-07-21,2018-07-25,469.00,837.50
"SO - 000487",Online,WARE-NBV1002,USD,18,28,77,10,2,0.05,2018-04-10,2018-07-16,2018-08-06,2018-08-12,1738.65,2318.20
"SO - 000488",In-Store,WARE-XYS1001,USD,9,41,29,35,6,0.05,2018-04-10,2018-07-16,2018-08-13,2018-08-17,801.86,1822.40
"SO - 000489",Distributor,WARE-MKL1006,USD,21,29,329,13,4,0.15,2018-04-10,2018-07-16,2018-08-13,2018-08-21,664.51,1165.80
"SO - 000490",Distributor,WARE-XYS1001,USD,22,11,41,16,7,0.05,2018-04-10,2018-07-16,2018-07-18,2018-07-26,187.60,234.50
"SO - 000491",Online,WARE-UHY1004,USD,19,11,240,28,5,0.4,2018-04-10,2018-07-17,2018-07-20,2018-07-22,1912.72,2452.20
"SO - 000492",In-Store,WARE-MKL1006,USD,4,19,331,11,8,0.05,2018-04-10,2018-07-17,2018-07-26,2018-07-29,133.26,261.30
"SO - 000493",Distributor,WARE-NBV1002,USD,21,29,85,4,4,0.1,2018-04-10,2018-07-17,2018-08-10,2018-08-20,453.99,1031.80
"SO - 000494",Online,WARE-MKL1006,USD,17,18,349,20,3,0.1,2018-04-10,2018-07-17,2018-07-25,2018-08-01,1849.20,3082.00
"SO - 000495",Distributor,WARE-PUJ1005,USD,22,27,311,8,3,0.05,2018-04-10,2018-07-17,2018-08-13,2018-08-16,3138.55,6405.20
"SO - 000496",In-Store,WARE-NMK1003,USD,9,22,162,16,6,0.05,2018-04-10,2018-07-17,2018-08-12,2018-08-22,947.65,1822.40
"SO - 000497",Wholesale,WARE-NMK1003,USD,28,29,181,27,8,0.05,2018-04-10,2018-07-17,2018-08-05,2018-08-11,1062.15,1279.70
"SO - 000498",Online,WARE-PUJ1005,USD,19,3,283,36,1,0.2,2018-04-10,2018-07-17,2018-07-25,2018-07-30,2635.04,3932.90
"SO - 000499",In-Store,WARE-PUJ1005,USD,7,28,307,4,3,0.15,2018-04-10,2018-07-17,2018-08-12,2018-08-21,80.40,201.00
"SO - 000500",Wholesale,WARE-NMK1003,USD,27,11,141,4,1,0.1,2018-04-10,2018-07-17,2018-08-12,2018-08-17,2131.00,3946.30
"SO - 000501",Wholesale,WARE-NBV1002,USD,28,49,72,2,7,0.2,2018-04-10,2018-07-18,2018-07-30,2018-08-02,1317.56,1909.50
"SO - 000502",In-Store,WARE-NMK1003,USD,2,47,120,23,7,0.2,2018-04-10,2018-07-18,2018-08-01,2018-08-11,1109.52,2412.00
"SO - 000503",In-Store,WARE-NMK1003,USD,7,50,152,32,6,0.05,2018-04-10,2018-07-18,2018-08-06,2018-08-11,675.36,964.80
"SO - 000504",Distributor,WARE-XYS1001,USD,22,42,57,3,5,0.08,2018-04-10,2018-07-18,2018-08-12,2018-08-16,1457.52,1996.60
"SO - 000505",Online,WARE-UHY1004,USD,12,21,228,1,7,0.15,2018-04-10,2018-07-18,2018-08-01,2018-08-05,700.28,1045.20
"SO - 000506",In-Store,WARE-XYS1001,USD,6,41,37,4,1,0.2,2018-04-10,2018-07-18,2018-08-13,2018-08-21,3219.82,3879.30
"SO - 000507",Distributor,WARE-NBV1002,USD,22,50,76,21,6,0.08,2018-04-10,2018-07-18,2018-07-31,2018-08-06,3466.31,5976.40
"SO - 000508",Online,WARE-UHY1004,USD,19,13,255,18,1,0.05,2018-04-10,2018-07-18,2018-08-11,2018-08-17,1264.42,2257.90
"SO - 000509",Online,WARE-NMK1003,USD,15,9,186,22,4,0.05,2018-04-10,2018-07-19,2018-08-10,2018-08-18,154.37,241.20
"SO - 000510",In-Store,WARE-NBV1002,USD,1,35,68,40,8,0.08,2018-04-10,2018-07-19,2018-08-06,2018-08-08,793.28,1983.20
"SO - 000511",In-Store,WARE-MKL1006,USD,8,1,364,13,1,0.05,2018-04-10,2018-07-19,2018-08-06,2018-08-11,3331.58,3919.50
"SO - 000512",Online,WARE-NMK1003,USD,13,17,174,44,7,0.1,2018-04-10,2018-07-19,2018-07-27,2018-08-04,135.07,241.20
"SO - 000513",Online,WARE-XYS1001,USD,13,35,2,1,4,0.08,2018-04-10,2018-07-19,2018-08-14,2018-08-22,2012.61,3946.30
"SO - 000514",Online,WARE-NMK1003,USD,15,6,157,35,3,0.05,2018-04-10,2018-07-19,2018-08-03,2018-08-12,3054.13,3966.40
"SO - 000515",In-Store,WARE-NMK1003,USD,3,6,106,46,5,0.1,2018-04-10,2018-07-19,2018-07-24,2018-08-03,1463.28,1829.10
"SO - 000516",In-Store,WARE-PUJ1005,USD,4,15,277,37,6,0.08,2018-04-10,2018-07-19,2018-08-02,2018-08-10,1230.12,2733.60
"SO - 000517",In-Store,WARE-PUJ1005,USD,5,20,328,39,8,0.08,2018-04-10,2018-07-19,2018-07-22,2018-07-31,717.57,844.20
"SO - 000518",In-Store,WARE-PUJ1005,USD,12,28,302,27,4,0.05,2018-04-10,2018-07-20,2018-08-17,2018-08-18,4922.49,6231.00
"SO - 000519",Online,WARE-NBV1002,USD,15,16,65,5,3,0.05,2018-04-10,2018-07-20,2018-08-11,2018-08-20,614.32,1159.10
"SO - 000520",In-Store,WARE-XYS1001,USD,1,15,40,42,1,0.15,2018-04-10,2018-07-20,2018-07-30,2018-08-08,2379.84,3966.40
"SO - 000521",Online,WARE-XYS1001,USD,13,41,4,12,4,0.1,2018-04-10,2018-07-20,2018-08-13,2018-08-22,740.69,1105.50
"SO - 000522",In-Store,WARE-XYS1001,USD,1,16,56,8,5,0.05,2018-04-10,2018-07-20,2018-07-25,2018-07-30,731.64,1125.60
"SO - 000523",Distributor,WARE-NMK1003,USD,20,19,139,42,5,0.15,2018-04-10,2018-07-20,2018-07-28,2018-07-31,709.26,897.80
"SO - 000524",Online,WARE-NBV1002,USD,14,21,70,5,5,0.2,2018-04-10,2018-07-20,2018-08-03,2018-08-09,83.08,207.70
"SO - 000525",In-Store,WARE-MKL1006,USD,1,43,360,8,5,0.15,2018-04-10,2018-07-20,2018-08-11,2018-08-17,2138.24,3959.70
"SO - 000526",Online,WARE-PUJ1005,USD,17,21,321,2,7,0.08,2018-04-10,2018-07-21,2018-07-31,2018-08-04,912.81,1755.40
"SO - 000527",In-Store,WARE-UHY1004,USD,10,37,214,27,3,0.2,2018-04-10,2018-07-21,2018-08-11,2018-08-12,1650.88,3001.60
"SO - 000528",Online,WARE-PUJ1005,USD,20,33,268,13,6,0.4,2018-04-10,2018-07-21,2018-08-04,2018-08-08,464.31,1031.80
"SO - 000529",In-Store,WARE-XYS1001,USD,7,21,54,12,4,0.1,2018-04-10,2018-07-21,2018-08-17,2018-08-18,2776.48,3966.40
"SO - 000530",Online,WARE-NMK1003,USD,19,48,95,12,5,0.1,2018-04-10,2018-07-21,2018-08-06,2018-08-07,1126.74,1681.70
"SO - 000531",In-Store,WARE-XYS1001,USD,4,33,11,41,1,0.05,2018-04-10,2018-07-21,2018-08-13,2018-08-18,809.03,1172.50
"SO - 000532",Online,WARE-PUJ1005,USD,19,26,304,38,7,0.15,2018-04-10,2018-07-21,2018-08-16,2018-08-19,473.15,716.90
"SO - 000533",Distributor,WARE-PUJ1005,USD,22,12,288,30,7,0.08,2018-04-10,2018-07-21,2018-07-25,2018-07-26,3879.30,6465.50
"SO - 000534",Distributor,WARE-PUJ1005,USD,24,30,291,20,1,0.08,2018-04-10,2018-07-21,2018-08-08,2018-08-12,101.30,241.20
"SO - 000535",Online,WARE-NMK1003,USD,17,38,123,36,1,0.05,2018-04-10,2018-07-21,2018-07-27,2018-07-31,849.02,1929.60
"SO - 000536",Distributor,WARE-NMK1003,USD,20,23,166,14,8,0.1,2018-04-10,2018-07-21,2018-07-29,2018-08-08,3280.99,3953.00
"SO - 000537",Online,WARE-UHY1004,USD,18,46,204,40,2,0.05,2018-04-10,2018-07-22,2018-08-07,2018-08-17,1320.97,2492.40
"SO - 000538",Online,WARE-PUJ1005,USD,18,15,295,1,7,0.08,2018-04-10,2018-07-22,2018-08-13,2018-08-15,185.72,241.20
"SO - 000539",In-Store,WARE-UHY1004,USD,12,34,207,26,5,0.05,2018-04-10,2018-07-22,2018-08-07,2018-08-12,380.56,951.40
"SO - 000540",Distributor,WARE-NBV1002,USD,25,45,75,24,4,0.2,2018-04-10,2018-07-22,2018-07-24,2018-07-30,5284.96,6217.60
"SO - 000541",In-Store,WARE-NBV1002,USD,12,15,77,42,6,0.08,2018-04-10,2018-07-22,2018-08-10,2018-08-16,1246.40,2351.70
"SO - 000542",Distributor,WARE-NMK1003,USD,22,19,134,3,6,0.1,2018-04-10,2018-07-22,2018-08-02,2018-08-05,871.87,1132.30
"SO - 000543",Distributor,WARE-UHY1004,USD,21,1,211,47,3,0.1,2018-04-10,2018-07-22,2018-08-03,2018-08-12,607.22,1145.70
"SO - 000544",Distributor,WARE-NMK1003,USD,24,15,127,27,3,0.08,2018-04-10,2018-07-22,2018-08-10,2018-08-13,2048.86,3725.20
"SO - 000545",Distributor,WARE-NMK1003,USD,24,50,194,33,7,0.05,2018-04-10,2018-07-22,2018-07-26,2018-08-05,689.63,944.70
"SO - 000546",Online,WARE-NMK1003,USD,18,39,157,42,3,0.08,2018-04-10,2018-07-22,2018-08-14,2018-08-22,560.92,1219.40
"SO - 000547",Distributor,WARE-UHY1004,USD,23,30,211,47,4,0.08,2018-04-10,2018-07-22,2018-08-15,2018-08-20,736.33,1051.90
"SO - 000548",In-Store,WARE-XYS1001,USD,1,31,19,20,2,0.08,2018-04-10,2018-07-22,2018-07-31,2018-08-02,135.01,207.70
"SO - 000549",Online,WARE-NMK1003,USD,17,14,201,35,4,0.05,2018-04-10,2018-07-22,2018-08-15,2018-08-22,1098.93,1862.60
"SO - 000550",Wholesale,WARE-NBV1002,USD,26,26,76,8,3,0.1,2018-04-10,2018-07-22,2018-08-11,2018-08-15,1152.53,1889.40
"SO - 000551",Distributor,WARE-MKL1006,USD,22,40,354,12,8,0.15,2018-04-10,2018-07-22,2018-08-13,2018-08-18,2016.43,2653.20
"SO - 000552",Distributor,WARE-MKL1006,USD,24,43,343,27,2,0.08,2018-04-10,2018-07-22,2018-08-03,2018-08-06,1818.38,3953.00
"SO - 000553",In-Store,WARE-MKL1006,USD,4,5,365,41,3,0.05,2018-04-10,2018-07-22,2018-08-08,2018-08-14,191.35,227.80
"SO - 000554",Online,WARE-PUJ1005,USD,17,28,309,17,1,0.2,2018-04-10,2018-07-23,2018-07-31,2018-08-08,1551.72,3879.30
"SO - 000555",In-Store,WARE-NMK1003,USD,1,21,151,13,1,0.15,2018-04-10,2018-07-23,2018-08-16,2018-08-22,804.80,1045.20
"SO - 000556",In-Store,WARE-PUJ1005,USD,9,4,296,46,2,0.1,2018-04-10,2018-07-23,2018-08-18,2018-08-24,2535.95,5071.90
"SO - 000557",In-Store,WARE-MKL1006,USD,5,23,364,25,1,0.15,2018-04-10,2018-07-23,2018-07-25,2018-07-28,144.72,241.20
"SO - 000558",In-Store,WARE-NMK1003,USD,6,35,95,8,8,0.2,2018-04-10,2018-07-23,2018-08-01,2018-08-07,1539.73,2298.10
"SO - 000559",In-Store,WARE-NBV1002,USD,12,25,65,34,7,0.2,2018-04-10,2018-07-23,2018-08-20,2018-08-25,1845.98,3845.80
"SO - 000560",Wholesale,WARE-UHY1004,USD,28,21,255,11,6,0.08,2018-04-10,2018-07-23,2018-08-17,2018-08-26,1042.92,2425.40
"SO - 000561",In-Store,WARE-XYS1001,USD,2,48,7,6,8,0.05,2018-04-10,2018-07-24,2018-08-02,2018-08-10,663.30,1206.00
"SO - 000562",In-Store,WARE-NMK1003,USD,3,50,125,21,8,0.08,2018-04-10,2018-07-24,2018-08-17,2018-08-24,179.09,221.10
"SO - 000563",Wholesale,WARE-UHY1004,USD,27,30,255,41,3,0.08,2018-04-10,2018-07-24,2018-08-02,2018-08-12,2563.22,3825.70
"SO - 000564",Distributor,WARE-XYS1001,USD,22,27,41,6,5,0.08,2018-04-10,2018-07-24,2018-08-10,2018-08-15,394.50,857.60
"SO - 000565",Online,WARE-XYS1001,USD,20,31,41,32,3,0.08,2018-04-10,2018-07-24,2018-07-27,2018-08-02,2563.22,3825.70
"SO - 000566",Online,WARE-NMK1003,USD,12,5,107,12,8,0.08,2018-04-10,2018-07-24,2018-08-19,2018-08-27,898.47,1996.60
"SO - 000567",Distributor,WARE-NMK1003,USD,20,10,147,17,1,0.05,2018-04-10,2018-07-24,2018-08-21,2018-08-26,121.94,234.50
"SO - 000568",Online,WARE-UHY1004,USD,16,15,206,14,8,0.08,2018-04-10,2018-07-24,2018-08-05,2018-08-15,948.05,1896.10
"SO - 000569",In-Store,WARE-NMK1003,USD,9,1,115,32,2,0.1,2018-04-10,2018-07-25,2018-08-09,2018-08-19,87.23,207.70
"SO - 000570",Distributor,WARE-NMK1003,USD,24,8,109,8,1,0.08,2018-04-10,2018-07-25,2018-08-01,2018-08-03,125.63,167.50
"SO - 000571",Wholesale,WARE-PUJ1005,USD,28,22,297,11,1,0.1,2018-04-10,2018-07-25,2018-08-01,2018-08-04,2591.23,3986.50
"SO - 000572",Online,WARE-NMK1003,USD,18,28,114,4,8,0.4,2018-04-10,2018-07-25,2018-08-12,2018-08-18,1018.40,2546.00
"SO - 000573",Wholesale,WARE-NMK1003,USD,27,28,138,10,1,0.08,2018-04-10,2018-07-25,2018-08-13,2018-08-23,380.29,864.30
"SO - 000574",Distributor,WARE-NMK1003,USD,23,40,148,41,1,0.05,2018-04-10,2018-07-25,2018-08-22,2018-08-28,1350.72,1876.00
"SO - 000575",Online,WARE-PUJ1005,USD,16,3,309,11,5,0.08,2018-04-10,2018-07-25,2018-08-01,2018-08-11,163.61,247.90
"SO - 000576",Online,WARE-NMK1003,USD,12,21,151,44,2,0.08,2018-04-10,2018-07-25,2018-08-11,2018-08-15,3435.22,5051.80
"SO - 000577",Wholesale,WARE-PUJ1005,USD,25,3,266,22,4,0.4,2018-04-10,2018-07-25,2018-08-17,2018-08-20,667.72,1011.70
"SO - 000578",In-Store,WARE-UHY1004,USD,4,16,242,2,6,0.2,2018-04-10,2018-07-25,2018-08-22,2018-08-25,1247.94,1862.60
"SO - 000579",Online,WARE-NMK1003,USD,17,31,150,12,6,0.1,2018-04-10,2018-07-25,2018-07-27,2018-08-04,660.49,1246.20
"SO - 000580",Distributor,WARE-MKL1006,USD,24,26,349,30,1,0.1,2018-04-10,2018-07-26,2018-08-02,2018-08-06,1215.65,1688.40
"SO - 000581",In-Store,WARE-UHY1004,USD,12,30,237,11,8,0.1,2018-04-10,2018-07-26,2018-08-04,2018-08-11,4673.72,5916.10
"SO - 000582",Online,WARE-NMK1003,USD,13,17,190,13,3,0.1,2018-04-10,2018-07-26,2018-08-20,2018-08-29,2771.39,5132.20
"SO - 000583",In-Store,WARE-NBV1002,USD,7,46,82,7,2,0.05,2018-04-10,2018-07-26,2018-08-02,2018-08-03,839.18,1118.90
"SO - 000584",In-Store,WARE-UHY1004,USD,11,39,214,10,6,0.15,2018-04-10,2018-07-26,2018-08-09,2018-08-17,3968.28,5835.70
"SO - 000585",Distributor,WARE-PUJ1005,USD,23,29,275,41,5,0.2,2018-04-10,2018-07-26,2018-08-03,2018-08-05,3139.08,6036.70
"SO - 000586",Online,WARE-NMK1003,USD,12,22,168,29,7,0.4,2018-04-10,2018-07-26,2018-08-15,2018-08-16,825.44,1031.80
"SO - 000587",Wholesale,WARE-MKL1006,USD,25,37,332,37,5,0.1,2018-04-10,2018-07-26,2018-08-05,2018-08-07,4407.66,5956.30
"SO - 000588",Distributor,WARE-NMK1003,USD,22,9,104,35,7,0.2,2018-04-10,2018-07-26,2018-08-21,2018-08-27,2989.00,3932.90
"SO - 000589",Distributor,WARE-UHY1004,USD,21,3,245,19,5,0.2,2018-04-10,2018-07-26,2018-08-01,2018-08-11,4416.98,5889.30
"SO - 000590",Distributor,WARE-PUJ1005,USD,23,13,327,45,8,0.08,2018-04-10,2018-07-26,2018-08-01,2018-08-02,1647.46,2458.90
"SO - 000591",Online,WARE-NMK1003,USD,20,38,104,8,8,0.08,2018-04-10,2018-07-26,2018-08-21,2018-08-25,2034.66,3912.80
"SO - 000592",Distributor,WARE-NMK1003,USD,23,48,136,29,2,0.08,2018-04-10,2018-07-27,2018-08-17,2018-08-20,3570.97,5668.20
"SO - 000593",Online,WARE-XYS1001,USD,16,18,6,46,1,0.15,2018-04-10,2018-07-27,2018-08-13,2018-08-19,4216.18,5547.60
"SO - 000594",Distributor,WARE-NMK1003,USD,25,35,109,45,1,0.15,2018-04-10,2018-07-28,2018-08-01,2018-08-02,96.48,201.00
"SO - 000595",In-Store,WARE-MKL1006,USD,1,40,362,6,6,0.08,2018-04-10,2018-07-28,2018-08-10,2018-08-16,198.32,247.90
"SO - 000596",In-Store,WARE-PUJ1005,USD,12,2,280,45,1,0.05,2018-04-10,2018-07-28,2018-08-09,2018-08-18,3125.95,3859.20
"SO - 000597",In-Store,WARE-UHY1004,USD,8,40,214,21,3,0.05,2018-04-10,2018-07-28,2018-08-16,2018-08-25,3127.76,5487.30
"SO - 000598",In-Store,WARE-UHY1004,USD,7,25,223,7,6,0.15,2018-04-10,2018-07-28,2018-08-10,2018-08-11,1157.76,1809.00
"SO - 000599",In-Store,WARE-NMK1003,USD,12,11,99,46,7,0.4,2018-04-10,2018-07-29,2018-08-16,2018-08-18,1731.82,2405.30
"SO - 000600",Wholesale,WARE-NMK1003,USD,28,31,187,20,1,0.15,2018-04-10,2018-07-29,2018-08-19,2018-08-24,672.01,790.60
"SO - 000601",Online,WARE-PUJ1005,USD,15,46,292,14,2,0.1,2018-04-10,2018-07-29,2018-08-26,2018-08-30,2177.77,3202.60
"SO - 000602",Distributor,WARE-PUJ1005,USD,21,48,315,8,5,0.2,2018-04-10,2018-07-29,2018-08-26,2018-09-02,645.75,1058.60
"SO - 000603",Distributor,WARE-XYS1001,USD,20,33,35,26,8,0.4,2018-04-10,2018-07-29,2018-08-26,2018-09-01,778.27,1768.80
"SO - 000604",In-Store,WARE-NMK1003,USD,2,1,199,2,5,0.1,2018-04-10,2018-07-29,2018-08-25,2018-09-04,534.33,971.50
"SO - 000605",Online,WARE-NMK1003,USD,19,34,153,34,4,0.1,2018-04-10,2018-07-29,2018-08-20,2018-08-24,478.38,938.00
"SO - 000606",Online,WARE-XYS1001,USD,16,49,27,20,5,0.2,2018-04-10,2018-07-29,2018-08-24,2018-08-25,756.90,958.10
"SO - 000607",Online,WARE-NMK1003,USD,15,1,166,23,8,0.05,2018-04-10,2018-07-29,2018-08-11,2018-08-14,2111.91,3705.10
"SO - 000608",Wholesale,WARE-UHY1004,USD,25,48,257,20,8,0.08,2018-04-10,2018-07-30,2018-08-10,2018-08-13,686.82,1025.10
"SO - 000609",Online,WARE-NMK1003,USD,16,4,184,5,7,0.08,2018-04-10,2018-07-30,2018-08-16,2018-08-20,1711.31,2592.90
"SO - 000610",Wholesale,WARE-NMK1003,USD,25,15,150,39,1,0.15,2018-04-10,2018-07-30,2018-08-26,2018-09-01,3054.06,3865.90
"SO - 000611",Distributor,WARE-MKL1006,USD,22,30,347,36,8,0.05,2018-04-10,2018-07-30,2018-08-22,2018-09-01,4226.03,5634.70
"SO - 000612",Distributor,WARE-MKL1006,USD,23,41,362,15,3,0.05,2018-04-10,2018-07-30,2018-08-07,2018-08-10,621.76,971.50
"SO - 000613",In-Store,WARE-UHY1004,USD,5,3,218,28,4,0.15,2018-04-10,2018-07-31,2018-08-24,2018-08-30,694.25,1051.90
"SO - 000614",In-Store,WARE-NMK1003,USD,12,3,196,1,7,0.08,2018-04-10,2018-07-31,2018-08-19,2018-08-25,683.74,1051.90
"SO - 000615",Online,WARE-UHY1004,USD,17,29,226,17,2,0.2,2018-04-10,2018-07-31,2018-08-23,2018-09-02,854.25,1139.00
"SO - 000616",In-Store,WARE-XYS1001,USD,10,16,33,10,8,0.08,2018-04-10,2018-07-31,2018-08-06,2018-08-14,3041.53,5849.10
"SO - 000617",Online,WARE-NBV1002,USD,16,21,68,2,4,0.08,2018-04-10,2018-07-31,2018-08-04,2018-08-11,1222.88,2264.60
"SO - 000618",In-Store,WARE-NMK1003,USD,11,26,105,26,7,0.08,2018-04-10,2018-07-31,2018-08-18,2018-08-25,889.22,1125.60
"SO - 000619",Online,WARE-XYS1001,USD,17,37,7,20,7,0.05,2018-04-10,2018-07-31,2018-08-11,2018-08-15,755.09,1078.70
"SO - 000620",Wholesale,WARE-XYS1001,USD,28,23,57,16,4,0.15,2018-04-10,2018-07-31,2018-08-14,2018-08-22,1635.60,2405.30
"SO - 000621",In-Store,WARE-NMK1003,USD,7,17,155,4,1,0.05,2018-04-10,2018-07-31,2018-08-28,2018-09-04,707.52,1072.00
"SO - 000622",Distributor,WARE-NMK1003,USD,23,4,202,26,1,0.3,2018-04-10,2018-08-01,2018-08-21,2018-08-22,3369.16,5808.90
"SO - 000623",In-Store,WARE-UHY1004,USD,1,21,205,19,6,0.2,2018-04-10,2018-08-01,2018-08-20,2018-08-23,1845.31,3926.20
"SO - 000624",Distributor,WARE-PUJ1005,USD,23,29,287,38,8,0.1,2018-04-10,2018-08-01,2018-08-07,2018-08-15,160.80,201.00
"SO - 000625",Online,WARE-XYS1001,USD,20,39,16,27,1,0.1,2018-04-10,2018-08-01,2018-08-22,2018-08-29,1430.85,1882.70
"SO - 000626",Wholesale,WARE-NMK1003,USD,25,30,149,22,6,0.05,2018-04-10,2018-08-01,2018-08-16,2018-08-24,1089.02,2532.60
"SO - 000627",Online,WARE-XYS1001,USD,18,33,22,31,8,0.05,2018-04-10,2018-08-01,2018-08-05,2018-08-13,135.01,207.70
"SO - 000628",Online,WARE-NMK1003,USD,20,41,115,10,6,0.2,2018-04-10,2018-08-01,2018-08-24,2018-08-30,180.90,241.20
"SO - 000629",In-Store,WARE-UHY1004,USD,3,21,222,11,6,0.08,2018-04-10,2018-08-01,2018-08-08,2018-08-18,507.06,1152.40
"SO - 000630",Distributor,WARE-NMK1003,USD,20,40,190,14,5,0.3,2018-04-10,2018-08-02,2018-08-21,2018-08-28,2288.79,3879.30
"SO - 000631",Online,WARE-UHY1004,USD,12,37,219,7,4,0.1,2018-04-10,2018-08-02,2018-08-18,2018-08-22,3170.04,3865.90
"SO - 000632",Online,WARE-NMK1003,USD,19,35,121,6,6,0.08,2018-04-10,2018-08-02,2018-08-26,2018-09-03,1248.34,1835.80
"SO - 000633",In-Store,WARE-MKL1006,USD,8,37,334,23,5,0.15,2018-04-10,2018-08-02,2018-08-20,2018-08-29,180.57,234.50
"SO - 000634",In-Store,WARE-PUJ1005,USD,7,10,283,34,2,0.15,2018-04-10,2018-08-02,2018-08-15,2018-08-22,507.26,757.10
"SO - 000635",Wholesale,WARE-UHY1004,USD,26,39,212,25,8,0.05,2018-04-10,2018-08-02,2018-08-20,2018-08-21,703.50,1005.00
"SO - 000636",In-Store,WARE-NMK1003,USD,10,4,159,11,2,0.05,2018-04-10,2018-08-03,2018-08-14,2018-08-20,5113.44,6391.80
"SO - 000637",In-Store,WARE-PUJ1005,USD,3,13,269,31,8,0.15,2018-04-10,2018-08-03,2018-08-11,2018-08-18,1123.52,2740.30
"SO - 000638",Online,WARE-NBV1002,USD,13,48,60,40,3,0.15,2018-04-10,2018-08-03,2018-08-24,2018-08-26,536.27,924.60
"SO - 000639",In-Store,WARE-XYS1001,USD,11,41,22,16,5,0.15,2018-04-10,2018-08-03,2018-08-12,2018-08-15,505.58,1031.80
"SO - 000640",Distributor,WARE-NMK1003,USD,25,11,90,21,1,0.2,2018-04-10,2018-08-03,2018-08-20,2018-08-27,769.16,1098.80
"SO - 000641",Wholesale,WARE-PUJ1005,USD,27,10,279,18,3,0.05,2018-04-10,2018-08-03,2018-08-05,2018-08-12,713.35,1132.30
"SO - 000642",Distributor,WARE-MKL1006,USD,25,12,350,45,3,0.05,2018-04-10,2018-08-03,2018-08-07,2018-08-14,1602.64,2465.60
"SO - 000643",Online,WARE-NMK1003,USD,17,47,127,26,6,0.1,2018-04-10,2018-08-03,2018-08-08,2018-08-14,462.30,1005.00
"SO - 000644",In-Store,WARE-UHY1004,USD,1,13,252,17,2,0.1,2018-04-10,2018-08-04,2018-08-17,2018-08-21,1021.88,1246.20
"SO - 000645",In-Store,WARE-PUJ1005,USD,11,13,291,5,6,0.3,2018-04-10,2018-08-04,2018-08-27,2018-09-02,809.83,1025.10
"SO - 000646",In-Store,WARE-XYS1001,USD,7,36,14,28,1,0.2,2018-04-10,2018-08-04,2018-08-16,2018-08-19,1084.60,1902.80
"SO - 000647",Distributor,WARE-PUJ1005,USD,21,34,292,19,2,0.05,2018-04-10,2018-08-04,2018-08-28,2018-09-05,2056.23,3738.60
"SO - 000648",In-Store,WARE-NMK1003,USD,11,39,178,46,6,0.08,2018-04-10,2018-08-04,2018-08-15,2018-08-21,1237.89,1996.60
"SO - 000649",In-Store,WARE-NBV1002,USD,10,38,76,9,3,0.15,2018-04-10,2018-08-04,2018-08-06,2018-08-13,1818.65,2331.60
"SO - 000650",In-Store,WARE-UHY1004,USD,11,16,221,41,6,0.1,2018-04-10,2018-08-04,2018-08-16,2018-08-24,701.16,1078.70
"SO - 000651",In-Store,WARE-MKL1006,USD,11,42,334,11,4,0.15,2018-04-10,2018-08-04,2018-08-31,2018-09-08,1216.45,1788.90
"SO - 000652",In-Store,WARE-MKL1006,USD,4,36,347,30,3,0.1,2018-04-10,2018-08-04,2018-08-13,2018-08-17,161.60,241.20
"SO - 000653",In-Store,WARE-UHY1004,USD,7,45,240,41,5,0.1,2018-04-10,2018-08-04,2018-08-11,2018-08-20,533.19,1159.10
"SO - 000654",Online,WARE-XYS1001,USD,18,12,6,5,7,0.1,2018-04-10,2018-08-04,2018-08-29,2018-08-30,515.43,1051.90
"SO - 000655",In-Store,WARE-UHY1004,USD,4,18,243,46,3,0.15,2018-04-10,2018-08-04,2018-08-22,2018-08-30,3343.03,5969.70
"SO - 000656",Online,WARE-MKL1006,USD,19,28,355,12,3,0.3,2018-04-10,2018-08-04,2018-08-07,2018-08-08,2508.48,3919.50
"SO - 000657",Online,WARE-XYS1001,USD,16,18,4,34,4,0.15,2018-04-10,2018-08-04,2018-08-16,2018-08-26,492.32,1118.90
"SO - 000658",In-Store,WARE-MKL1006,USD,2,11,350,30,5,0.05,2018-04-10,2018-08-04,2018-08-19,2018-08-22,570.64,1118.90
"SO - 000659",In-Store,WARE-XYS1001,USD,1,29,28,23,4,0.1,2018-04-10,2018-08-04,2018-08-16,2018-08-22,3744.63,5427.00
"SO - 000660",Distributor,WARE-NMK1003,USD,24,32,108,36,2,0.05,2018-04-10,2018-08-04,2018-08-09,2018-08-13,2570.39,3725.20
"SO - 000661",Online,WARE-UHY1004,USD,18,7,214,14,3,0.05,2018-04-10,2018-08-04,2018-08-17,2018-08-22,75.04,187.60
"SO - 000662",In-Store,WARE-PUJ1005,USD,7,4,297,38,7,0.08,2018-04-10,2018-08-04,2018-08-31,2018-09-06,3359.92,3999.90
"SO - 000663",Online,WARE-XYS1001,USD,17,32,15,20,1,0.15,2018-04-10,2018-08-04,2018-08-19,2018-08-21,592.62,971.50
"SO - 000664",In-Store,WARE-XYS1001,USD,6,42,21,37,5,0.08,2018-04-10,2018-08-04,2018-08-12,2018-08-20,727.29,1118.90
"SO - 000665",Online,WARE-UHY1004,USD,18,33,208,2,6,0.4,2018-04-10,2018-08-05,2018-08-23,2018-08-27,501.29,864.30
"SO - 000666",In-Store,WARE-NMK1003,USD,7,22,116,22,6,0.05,2018-04-10,2018-08-05,2018-08-22,2018-08-25,4394.40,5782.10
"SO - 000667",Distributor,WARE-NMK1003,USD,25,10,152,9,5,0.05,2018-04-10,2018-08-05,2018-08-27,2018-09-05,461.30,904.50
"SO - 000668",Online,WARE-NMK1003,USD,18,25,188,29,8,0.15,2018-04-10,2018-08-05,2018-08-15,2018-08-23,158.66,247.90
"SO - 000669",Distributor,WARE-PUJ1005,USD,22,49,270,16,2,0.15,2018-04-10,2018-08-05,2018-08-18,2018-08-26,1213.04,1708.50
"SO - 000670",Distributor,WARE-NMK1003,USD,24,39,166,16,6,0.05,2018-04-10,2018-08-05,2018-08-20,2018-08-28,702.03,1132.30
"SO - 000671",Wholesale,WARE-NMK1003,USD,27,20,119,13,6,0.05,2018-04-10,2018-08-05,2018-08-19,2018-08-28,1225.10,1775.50
"SO - 000672",In-Store,WARE-XYS1001,USD,1,25,28,20,8,0.2,2018-04-10,2018-08-05,2018-08-18,2018-08-21,970.43,1902.80
"SO - 000673",In-Store,WARE-NMK1003,USD,1,28,151,3,3,0.1,2018-04-10,2018-08-06,2018-08-30,2018-09-02,2802.61,5963.00
"SO - 000674",Wholesale,WARE-UHY1004,USD,27,34,211,3,3,0.1,2018-04-10,2018-08-06,2018-08-09,2018-08-14,2176.16,3886.00
"SO - 000675",In-Store,WARE-PUJ1005,USD,11,2,281,33,6,0.08,2018-04-10,2018-08-06,2018-08-17,2018-08-19,635.16,1058.60
"SO - 000676",Online,WARE-UHY1004,USD,18,33,214,32,4,0.05,2018-04-10,2018-08-06,2018-08-16,2018-08-18,4419.86,5815.60
"SO - 000677",Online,WARE-UHY1004,USD,18,45,240,3,6,0.05,2018-04-10,2018-08-06,2018-08-18,2018-08-22,4496.77,5353.30
"SO - 000678",In-Store,WARE-PUJ1005,USD,8,18,297,5,4,0.08,2018-04-10,2018-08-06,2018-08-24,2018-08-27,4565.51,5567.70
"SO - 000679",In-Store,WARE-NMK1003,USD,10,6,153,37,3,0.1,2018-04-10,2018-08-07,2018-08-23,2018-08-27,2135.63,2512.50
"SO - 000680",In-Store,WARE-PUJ1005,USD,4,22,293,42,3,0.08,2018-04-10,2018-08-07,2018-08-14,2018-08-17,1227.64,1681.70
"SO - 000681",In-Store,WARE-PUJ1005,USD,7,39,265,4,7,0.05,2018-04-10,2018-08-07,2018-08-18,2018-08-28,136.01,194.30
"SO - 000682",In-Store,WARE-UHY1004,USD,10,18,255,9,4,0.05,2018-04-10,2018-08-07,2018-08-18,2018-08-23,1683.71,2405.30
"SO - 000683",Online,WARE-PUJ1005,USD,16,21,269,13,1,0.2,2018-04-10,2018-08-07,2018-08-15,2018-08-21,706.18,1038.50
"SO - 000684",In-Store,WARE-NBV1002,USD,10,38,71,27,3,0.2,2018-04-10,2018-08-07,2018-08-19,2018-08-23,591.74,857.60
"SO - 000685",In-Store,WARE-PUJ1005,USD,7,22,284,1,8,0.1,2018-04-10,2018-08-07,2018-08-24,2018-09-03,1354.81,1855.90
"SO - 000686",Online,WARE-XYS1001,USD,20,36,26,38,2,0.05,2018-04-10,2018-08-07,2018-08-16,2018-08-24,2585.80,5621.30
"SO - 000687",Distributor,WARE-NMK1003,USD,23,26,92,20,8,0.1,2018-04-10,2018-08-07,2018-08-28,2018-09-06,649.23,1139.00
"SO - 000688",In-Store,WARE-MKL1006,USD,1,9,349,17,7,0.05,2018-04-10,2018-08-08,2018-08-14,2018-08-15,1834.33,2264.60
"SO - 000689",In-Store,WARE-PUJ1005,USD,4,14,301,8,4,0.1,2018-04-10,2018-08-08,2018-08-16,2018-08-17,566.02,884.40
"SO - 000690",In-Store,WARE-NBV1002,USD,8,5,81,4,5,0.08,2018-04-10,2018-08-08,2018-08-21,2018-08-31,382.70,683.40
"SO - 000691",Online,WARE-NBV1002,USD,15,49,68,32,1,0.08,2018-04-10,2018-08-08,2018-09-05,2018-09-07,481.80,1025.10
"SO - 000692",Wholesale,WARE-NMK1003,USD,28,15,87,27,7,0.4,2018-04-10,2018-08-08,2018-08-11,2018-08-21,2276.46,3731.90
"SO - 000693",Online,WARE-MKL1006,USD,12,31,340,44,2,0.1,2018-04-10,2018-08-08,2018-08-14,2018-08-18,3229.27,5567.70
"SO - 000694",In-Store,WARE-NMK1003,USD,5,16,95,41,6,0.1,2018-04-10,2018-08-08,2018-08-25,2018-09-02,525.55,991.60
"SO - 000695",Online,WARE-NMK1003,USD,18,43,94,15,8,0.1,2018-04-10,2018-08-08,2018-08-17,2018-08-27,3043.48,3852.50
"SO - 000696",In-Store,WARE-PUJ1005,USD,9,16,263,39,1,0.05,2018-04-10,2018-08-08,2018-08-28,2018-09-02,1835.87,3906.10
"SO - 000697",Online,WARE-UHY1004,USD,16,40,245,34,1,0.15,2018-04-10,2018-08-08,2018-08-10,2018-08-17,2354.65,5118.80
"SO - 000698",Online,WARE-PUJ1005,USD,18,9,284,2,7,0.05,2018-04-10,2018-08-08,2018-09-01,2018-09-04,4404.31,6117.10
"SO - 000699",Distributor,WARE-PUJ1005,USD,25,16,279,28,6,0.1,2018-04-10,2018-08-08,2018-08-22,2018-08-28,850.83,1025.10
"SO - 000700",In-Store,WARE-NMK1003,USD,2,4,114,4,7,0.15,2018-04-10,2018-08-08,2018-08-10,2018-08-15,462.90,944.70
"SO - 000701",In-Store,WARE-PUJ1005,USD,7,25,303,2,3,0.2,2018-04-10,2018-08-09,2018-08-14,2018-08-19,656.06,1025.10
"SO - 000702",In-Store,WARE-PUJ1005,USD,5,23,264,2,8,0.1,2018-04-10,2018-08-09,2018-08-20,2018-08-21,2045.38,3859.20
"SO - 000703",Wholesale,WARE-MKL1006,USD,27,30,329,40,4,0.1,2018-04-10,2018-08-09,2018-08-15,2018-08-25,91.32,194.30
"SO - 000704",In-Store,WARE-NBV1002,USD,1,2,82,35,4,0.05,2018-04-10,2018-08-09,2018-09-05,2018-09-08,4638.08,6184.10
"SO - 000705",Distributor,WARE-NMK1003,USD,24,16,131,46,3,0.2,2018-04-10,2018-08-09,2018-08-15,2018-08-25,916.16,1728.60
"SO - 000706",In-Store,WARE-UHY1004,USD,1,7,204,37,6,0.1,2018-04-10,2018-08-09,2018-09-06,2018-09-07,772.98,931.30
"SO - 000707",In-Store,WARE-NMK1003,USD,12,17,131,8,6,0.3,2018-04-10,2018-08-09,2018-08-28,2018-08-30,2797.92,3886.00
"SO - 000708",Distributor,WARE-NBV1002,USD,23,39,75,8,3,0.4,2018-04-10,2018-08-09,2018-08-25,2018-08-27,96.15,234.50
"SO - 000709",In-Store,WARE-UHY1004,USD,11,32,213,33,3,0.08,2018-04-10,2018-08-09,2018-08-31,2018-09-06,1989.90,3979.80
"SO - 000710",Wholesale,WARE-UHY1004,USD,28,49,232,35,1,0.08,2018-04-10,2018-08-10,2018-08-24,2018-09-01,1846.19,3356.70
"SO - 000711",In-Store,WARE-XYS1001,USD,8,42,52,4,6,0.1,2018-04-10,2018-08-10,2018-08-12,2018-08-22,1309.98,2519.20
"SO - 000712",In-Store,WARE-XYS1001,USD,7,28,23,19,3,0.05,2018-04-10,2018-08-10,2018-08-23,2018-09-02,460.63,837.50
"SO - 000713",In-Store,WARE-UHY1004,USD,7,31,233,24,2,0.1,2018-04-10,2018-08-10,2018-09-07,2018-09-11,2552.03,3926.20
"SO - 000714",In-Store,WARE-PUJ1005,USD,5,10,308,9,5,0.05,2018-04-10,2018-08-10,2018-08-31,2018-09-09,4797.87,6231.00
"SO - 000715",Online,WARE-UHY1004,USD,12,46,236,25,4,0.08,2018-04-10,2018-08-10,2018-08-17,2018-08-27,2871.02,3932.90
"SO - 000716",Distributor,WARE-NMK1003,USD,23,16,156,1,4,0.08,2018-04-10,2018-08-10,2018-09-02,2018-09-10,2816.14,3966.40
"SO - 000717",Distributor,WARE-NBV1002,USD,22,31,69,39,1,0.08,2018-04-10,2018-08-10,2018-08-17,2018-08-18,1581.07,2291.40
"SO - 000718",In-Store,WARE-NMK1003,USD,11,30,182,37,5,0.4,2018-04-10,2018-08-10,2018-08-17,2018-08-25,2059.85,3678.30
"SO - 000719",Distributor,WARE-MKL1006,USD,25,39,358,13,7,0.08,2018-04-10,2018-08-11,2018-09-03,2018-09-13,3039.92,3999.90
"SO - 000720",Online,WARE-PUJ1005,USD,16,36,283,23,8,0.15,2018-04-10,2018-08-11,2018-08-23,2018-09-01,575.13,991.60
"SO - 000721",Online,WARE-NMK1003,USD,14,35,140,34,6,0.2,2018-04-10,2018-08-11,2018-08-20,2018-08-25,4248.74,5447.10
"SO - 000722",Online,WARE-NMK1003,USD,13,39,178,24,3,0.08,2018-04-10,2018-08-11,2018-09-04,2018-09-07,1054.45,2452.20
"SO - 000723",In-Store,WARE-NMK1003,USD,10,13,201,11,4,0.15,2018-04-10,2018-08-11,2018-09-01,2018-09-07,469.20,998.30
"SO - 000724",In-Store,WARE-UHY1004,USD,8,28,248,23,4,0.2,2018-04-10,2018-08-11,2018-08-28,2018-09-01,577.81,1313.20
"SO - 000725",In-Store,WARE-XYS1001,USD,1,26,15,20,1,0.1,2018-04-10,2018-08-11,2018-08-28,2018-09-04,1658.25,2512.50
"SO - 000726",Wholesale,WARE-UHY1004,USD,28,29,238,30,6,0.05,2018-04-10,2018-08-12,2018-09-08,2018-09-12,3528.76,5346.60
"SO - 000727",In-Store,WARE-MKL1006,USD,11,15,331,18,2,0.1,2018-04-10,2018-08-12,2018-08-26,2018-09-03,2496.42,3618.00
"SO - 000728",Online,WARE-NMK1003,USD,17,21,125,30,7,0.08,2018-04-10,2018-08-12,2018-08-23,2018-08-29,1500.80,1876.00
"SO - 000729",In-Store,WARE-XYS1001,USD,5,18,44,15,1,0.1,2018-04-10,2018-08-12,2018-08-29,2018-08-30,201.13,254.60
"SO - 000730",In-Store,WARE-NMK1003,USD,10,49,157,5,3,0.15,2018-04-10,2018-08-12,2018-08-18,2018-08-23,1530.28,3825.70
"SO - 000731",In-Store,WARE-PUJ1005,USD,5,26,284,35,6,0.15,2018-04-10,2018-08-12,2018-09-07,2018-09-14,1620.86,2251.20
"SO - 000732",Distributor,WARE-NMK1003,USD,23,30,132,25,8,0.08,2018-04-10,2018-08-12,2018-09-04,2018-09-07,3090.24,4013.30
"SO - 000733",Wholesale,WARE-NMK1003,USD,28,24,152,2,1,0.05,2018-04-10,2018-08-12,2018-09-08,2018-09-12,836.16,1072.00
"SO - 000734",Distributor,WARE-PUJ1005,USD,23,2,275,4,3,0.15,2018-04-10,2018-08-13,2018-08-25,2018-09-02,2090.07,2458.90
"SO - 000735",In-Store,WARE-NMK1003,USD,7,19,161,28,8,0.08,2018-04-10,2018-08-13,2018-09-07,2018-09-13,1013.04,1809.00
"SO - 000736",Online,WARE-PUJ1005,USD,14,7,265,38,7,0.05,2018-04-10,2018-08-13,2018-09-04,2018-09-08,1158.16,1728.60
"SO - 000737",Online,WARE-NMK1003,USD,13,33,186,41,6,0.08,2018-04-10,2018-08-13,2018-08-29,2018-09-04,2677.32,3718.50
"SO - 000738",In-Store,WARE-NBV1002,USD,1,8,64,38,3,0.05,2018-04-10,2018-08-13,2018-09-04,2018-09-13,150.15,180.90
"SO - 000739",Wholesale,WARE-NMK1003,USD,26,10,103,3,1,0.08,2018-04-10,2018-08-13,2018-08-15,2018-08-19,3269.87,3939.60
"SO - 000740",Distributor,WARE-XYS1001,USD,21,19,33,35,6,0.08,2018-04-10,2018-08-13,2018-08-20,2018-08-23,1196.35,1869.30
"SO - 000741",In-Store,WARE-MKL1006,USD,6,5,360,17,5,0.05,2018-04-10,2018-08-13,2018-09-01,2018-09-09,691.44,864.30
"SO - 000742",Distributor,WARE-NMK1003,USD,21,31,105,32,3,0.1,2018-04-10,2018-08-13,2018-09-05,2018-09-13,835.09,1098.80
"SO - 000743",In-Store,WARE-UHY1004,USD,8,36,227,37,4,0.08,2018-04-10,2018-08-13,2018-08-17,2018-08-25,2730.52,3845.80
"SO - 000744",In-Store,WARE-NMK1003,USD,11,22,113,41,3,0.08,2018-04-10,2018-08-13,2018-09-07,2018-09-13,3882.11,5246.10
"SO - 000745",Online,WARE-PUJ1005,USD,13,22,313,11,8,0.1,2018-04-10,2018-08-13,2018-09-05,2018-09-09,404.81,763.80
"SO - 000746",Distributor,WARE-NMK1003,USD,22,17,118,24,1,0.4,2018-04-10,2018-08-14,2018-08-28,2018-09-07,2673.30,3819.00
"SO - 000747",In-Store,WARE-PUJ1005,USD,7,36,292,4,2,0.15,2018-04-10,2018-08-14,2018-08-24,2018-09-02,2013.08,2425.40
"SO - 000748",Online,WARE-NBV1002,USD,18,11,65,44,6,0.05,2018-04-10,2018-08-14,2018-08-30,2018-09-03,884.33,1319.90
"SO - 000749",In-Store,WARE-NMK1003,USD,11,3,111,27,6,0.15,2018-04-10,2018-08-14,2018-09-06,2018-09-11,529.03,1125.60
"SO - 000750",In-Store,WARE-XYS1001,USD,3,45,27,10,3,0.1,2018-04-10,2018-08-14,2018-09-05,2018-09-09,2590.42,6318.10
"SO - 000751",In-Store,WARE-NMK1003,USD,2,3,182,2,8,0.05,2018-04-10,2018-08-14,2018-09-07,2018-09-08,1459.26,3242.80
"SO - 000752",Wholesale,WARE-NMK1003,USD,26,23,167,5,4,0.15,2018-04-10,2018-08-14,2018-08-31,2018-09-08,1142.42,1936.30
"SO - 000753",Online,WARE-UHY1004,USD,17,37,220,7,4,0.05,2018-04-10,2018-08-14,2018-09-09,2018-09-12,3038.65,3946.30
"SO - 000754",Online,WARE-XYS1001,USD,14,38,12,26,6,0.08,2018-04-10,2018-08-14,2018-08-22,2018-09-01,442.27,1078.70
"SO - 000755",Distributor,WARE-NMK1003,USD,24,42,117,8,3,0.08,2018-04-10,2018-08-15,2018-08-20,2018-08-24,3967.34,5587.80
"SO - 000756",Distributor,WARE-XYS1001,USD,25,11,50,21,1,0.4,2018-04-10,2018-08-15,2018-09-10,2018-09-16,1896.37,3108.80
"SO - 000757",Wholesale,WARE-NMK1003,USD,27,24,120,2,1,0.05,2018-04-10,2018-08-15,2018-08-28,2018-09-05,661.96,871.00
"SO - 000758",In-Store,WARE-PUJ1005,USD,2,44,279,12,7,0.1,2018-04-10,2018-08-15,2018-08-28,2018-09-04,1543.35,1815.70
"SO - 000759",Online,WARE-UHY1004,USD,16,42,231,6,7,0.08,2018-04-10,2018-08-15,2018-09-04,2018-09-09,541.70,984.90
"SO - 000760",Distributor,WARE-MKL1006,USD,22,21,354,30,3,0.08,2018-04-10,2018-08-15,2018-09-12,2018-09-18,1727.53,3926.20
"SO - 000761",Online,WARE-PUJ1005,USD,13,24,304,29,1,0.08,2018-04-10,2018-08-16,2018-09-13,2018-09-14,126.63,234.50
"SO - 000762",In-Store,WARE-UHY1004,USD,8,18,204,16,8,0.2,2018-04-10,2018-08-16,2018-09-11,2018-09-17,1429.51,2552.70
"SO - 000763",In-Store,WARE-UHY1004,USD,2,13,223,32,4,0.05,2018-04-10,2018-08-16,2018-08-23,2018-08-30,591.74,857.60
"SO - 000764",In-Store,WARE-NBV1002,USD,1,41,70,40,3,0.05,2018-04-10,2018-08-16,2018-08-29,2018-09-07,553.96,1065.30
"SO - 000765",Online,WARE-MKL1006,USD,17,28,332,29,4,0.2,2018-04-10,2018-08-16,2018-09-11,2018-09-20,1581.20,1976.50
"SO - 000766",In-Store,WARE-NMK1003,USD,6,27,117,31,2,0.3,2018-04-10,2018-08-16,2018-09-11,2018-09-18,2725.76,3839.10
"SO - 000767",Online,WARE-UHY1004,USD,16,32,221,2,3,0.05,2018-04-10,2018-08-16,2018-09-10,2018-09-11,2807.57,3899.40
"SO - 000768",In-Store,WARE-UHY1004,USD,4,5,220,2,6,0.05,2018-04-10,2018-08-16,2018-09-04,2018-09-08,85.02,180.90
"SO - 000769",Wholesale,WARE-PUJ1005,USD,25,36,282,25,6,0.15,2018-04-10,2018-08-16,2018-09-08,2018-09-11,588.53,1226.10
"SO - 000770",Distributor,WARE-PUJ1005,USD,24,13,263,37,8,0.05,2018-04-10,2018-08-16,2018-09-03,2018-09-05,313.56,783.90
"SO - 000771",In-Store,WARE-UHY1004,USD,7,3,253,16,7,0.15,2018-04-10,2018-08-17,2018-09-08,2018-09-12,489.10,978.20
"SO - 000772",Online,WARE-PUJ1005,USD,16,14,280,15,6,0.15,2018-04-10,2018-08-17,2018-09-05,2018-09-13,1616.24,3169.10
"SO - 000773",Online,WARE-NMK1003,USD,18,49,95,13,2,0.1,2018-04-10,2018-08-17,2018-09-09,2018-09-19,1497.05,3055.20
"SO - 000774",Wholesale,WARE-NMK1003,USD,28,17,202,1,4,0.1,2018-04-10,2018-08-17,2018-09-12,2018-09-20,1563.78,2606.30
"SO - 000775",In-Store,WARE-NMK1003,USD,4,33,187,21,7,0.08,2018-04-10,2018-08-17,2018-09-03,2018-09-12,794.35,1045.20
"SO - 000776",In-Store,WARE-UHY1004,USD,6,19,208,35,8,0.3,2018-04-10,2018-08-17,2018-08-25,2018-09-03,1069.32,1909.50
"SO - 000777",Distributor,WARE-NMK1003,USD,23,19,104,3,3,0.15,2018-04-10,2018-08-17,2018-09-14,2018-09-24,689.43,984.90
"SO - 000778",In-Store,WARE-NMK1003,USD,1,17,153,38,6,0.08,2018-04-10,2018-08-17,2018-09-09,2018-09-12,944.30,1165.80
"SO - 000779",In-Store,WARE-NMK1003,USD,8,11,129,43,7,0.05,2018-04-10,2018-08-17,2018-08-30,2018-09-01,944.30,1748.70
"SO - 000780",In-Store,WARE-MKL1006,USD,1,11,357,8,3,0.1,2018-04-10,2018-08-17,2018-08-21,2018-08-25,2024.07,3819.00
"SO - 000781",Online,WARE-NMK1003,USD,17,22,191,26,1,0.05,2018-04-10,2018-08-17,2018-08-26,2018-08-28,744.71,1145.70
"SO - 000782",In-Store,WARE-UHY1004,USD,8,31,214,10,5,0.15,2018-04-10,2018-08-17,2018-08-24,2018-08-29,1968.19,3644.80
"SO - 000783",In-Store,WARE-NMK1003,USD,6,13,171,13,5,0.1,2018-04-10,2018-08-17,2018-08-30,2018-09-09,3092.72,3865.90
"SO - 000784",Distributor,WARE-XYS1001,USD,21,35,12,26,6,0.05,2018-04-10,2018-08-17,2018-09-11,2018-09-21,110.75,194.30
"SO - 000785",Online,WARE-NMK1003,USD,16,30,139,11,2,0.08,2018-04-10,2018-08-18,2018-09-06,2018-09-07,1681.70,3363.40
"SO - 000786",In-Store,WARE-XYS1001,USD,9,31,51,40,5,0.08,2018-04-10,2018-08-18,2018-08-30,2018-09-05,2406.64,3008.30
"SO - 000787",In-Store,WARE-UHY1004,USD,8,4,241,27,1,0.08,2018-04-10,2018-08-18,2018-09-09,2018-09-11,2230.30,3055.20
"SO - 000788",Wholesale,WARE-XYS1001,USD,26,3,57,17,8,0.1,2018-04-10,2018-08-18,2018-08-28,2018-09-02,629.40,1031.80
"SO - 000789",Distributor,WARE-NBV1002,USD,21,8,73,3,7,0.05,2018-04-10,2018-08-18,2018-09-03,2018-09-08,2127.38,3939.60
"SO - 000790",Distributor,WARE-NMK1003,USD,23,13,138,41,4,0.08,2018-04-10,2018-08-18,2018-08-31,2018-09-09,2720.20,3886.00
"SO - 000791",In-Store,WARE-XYS1001,USD,1,20,36,4,2,0.05,2018-04-10,2018-08-18,2018-09-04,2018-09-07,1896.37,3108.80
"SO - 000792",Online,WARE-UHY1004,USD,12,30,226,11,1,0.08,2018-04-10,2018-08-18,2018-09-15,2018-09-21,505.85,1011.70
"SO - 000793",Online,WARE-UHY1004,USD,12,15,258,19,5,0.3,2018-04-10,2018-08-18,2018-09-15,2018-09-23,1327.40,2552.70
"SO - 000794",In-Store,WARE-NMK1003,USD,10,42,162,17,5,0.1,2018-04-10,2018-08-18,2018-09-14,2018-09-17,954.75,1675.00
"SO - 000795",Distributor,WARE-NMK1003,USD,24,45,155,20,5,0.05,2018-04-10,2018-08-19,2018-09-08,2018-09-10,831.47,1139.00
"SO - 000796",Wholesale,WARE-NMK1003,USD,25,27,124,46,7,0.4,2018-04-10,2018-08-19,2018-08-26,2018-08-31,3802.92,6338.20
"SO - 000797",Online,WARE-UHY1004,USD,16,20,258,2,3,0.05,2018-04-10,2018-08-19,2018-08-28,2018-09-07,1874.12,2231.10
"SO - 000798",Distributor,WARE-NBV1002,USD,21,1,79,42,6,0.2,2018-04-10,2018-08-19,2018-09-05,2018-09-08,1525.59,2311.50
"SO - 000799",Online,WARE-XYS1001,USD,19,13,17,33,7,0.05,2018-04-10,2018-08-19,2018-09-09,2018-09-12,2835.98,3832.40
"SO - 000800",Online,WARE-PUJ1005,USD,16,9,326,39,6,0.1,2018-04-10,2018-08-19,2018-09-06,2018-09-12,793.95,1005.00
"SO - 000801",In-Store,WARE-XYS1001,USD,5,33,16,34,8,0.15,2018-04-10,2018-08-19,2018-08-24,2018-08-31,671.14,1065.30
"SO - 000802",In-Store,WARE-NMK1003,USD,11,50,169,16,3,0.1,2018-04-10,2018-08-19,2018-09-06,2018-09-15,1454.84,1889.40
"SO - 000803",Online,WARE-PUJ1005,USD,17,16,272,4,4,0.1,2018-04-10,2018-08-20,2018-09-14,2018-09-22,108.88,167.50
"SO - 000804",In-Store,WARE-PUJ1005,USD,11,13,278,37,3,0.08,2018-04-10,2018-08-20,2018-09-03,2018-09-10,2472.30,6030.00
"SO - 000805",In-Store,WARE-PUJ1005,USD,5,44,302,35,2,0.1,2018-04-10,2018-08-20,2018-09-17,2018-09-26,527.63,837.50
"SO - 000806",In-Store,WARE-NBV1002,USD,3,7,77,45,6,0.1,2018-04-10,2018-08-20,2018-09-02,2018-09-12,1051.50,1782.20
"SO - 000807",Online,WARE-NMK1003,USD,17,29,173,29,8,0.08,2018-04-10,2018-08-20,2018-09-10,2018-09-16,439.25,998.30
"SO - 000808",In-Store,WARE-PUJ1005,USD,11,31,319,19,4,0.15,2018-04-10,2018-08-20,2018-09-09,2018-09-12,2679.93,3999.90
"SO - 000809",Online,WARE-PUJ1005,USD,12,31,305,35,8,0.15,2018-04-10,2018-08-21,2018-09-12,2018-09-13,1118.70,1896.10
"SO - 000810",Distributor,WARE-NMK1003,USD,24,35,151,35,2,0.08,2018-04-10,2018-08-21,2018-09-15,2018-09-25,477.71,1038.50
"SO - 000811",Distributor,WARE-NMK1003,USD,24,43,170,4,2,0.05,2018-04-10,2018-08-21,2018-08-30,2018-08-31,3071.28,3839.10
"SO - 000812",In-Store,WARE-NMK1003,USD,4,5,129,31,1,0.1,2018-04-10,2018-08-21,2018-09-11,2018-09-21,535.46,743.70
"SO - 000813",Wholesale,WARE-NMK1003,USD,26,20,92,47,6,0.15,2018-04-10,2018-08-21,2018-09-09,2018-09-19,1100.48,2445.50
"SO - 000814",In-Store,WARE-PUJ1005,USD,8,42,297,46,7,0.2,2018-04-10,2018-08-21,2018-09-05,2018-09-08,1463.28,2613.00
"SO - 000815",In-Store,WARE-NMK1003,USD,1,14,200,24,8,0.1,2018-04-10,2018-08-21,2018-08-23,2018-08-31,127.57,187.60
"SO - 000816",Online,WARE-NMK1003,USD,20,34,198,14,2,0.05,2018-04-10,2018-08-21,2018-09-13,2018-09-17,3845.80,5494.00
"SO - 000817",In-Store,WARE-UHY1004,USD,11,20,230,36,2,0.2,2018-04-10,2018-08-21,2018-09-18,2018-09-21,4625.68,5782.10
"SO - 000818",Distributor,WARE-XYS1001,USD,23,42,33,4,5,0.08,2018-04-10,2018-08-21,2018-08-27,2018-08-29,2052.48,3872.60
"SO - 000819",Wholesale,WARE-PUJ1005,USD,26,22,261,20,5,0.08,2018-04-10,2018-08-22,2018-09-09,2018-09-14,3544.97,6445.40
"SO - 000820",Online,WARE-NMK1003,USD,17,42,95,6,7,0.05,2018-07-19,2018-08-22,2018-09-18,2018-09-25,93.40,227.80
"SO - 000821",Wholesale,WARE-XYS1001,USD,26,11,22,38,5,0.15,2018-04-10,2018-08-22,2018-08-31,2018-09-01,151.22,247.90
"SO - 000822",Online,WARE-NMK1003,USD,18,37,102,31,8,0.08,2018-04-10,2018-08-22,2018-08-25,2018-09-03,763.53,1031.80
"SO - 000823",Online,WARE-MKL1006,USD,14,45,353,38,3,0.05,2018-07-19,2018-08-22,2018-08-24,2018-08-30,1499.33,2237.80
"SO - 000824",In-Store,WARE-NMK1003,USD,8,11,121,38,5,0.1,2018-04-10,2018-08-22,2018-09-12,2018-09-15,825.44,1179.20
"SO - 000825",In-Store,WARE-UHY1004,USD,5,50,238,21,7,0.08,2018-04-10,2018-08-22,2018-09-06,2018-09-07,1546.03,2378.50
"SO - 000826",Online,WARE-NMK1003,USD,12,49,134,41,1,0.05,2018-04-10,2018-08-22,2018-09-14,2018-09-15,768.83,1025.10
"SO - 000827",Distributor,WARE-NMK1003,USD,21,44,136,2,6,0.05,2018-04-10,2018-08-22,2018-08-24,2018-09-03,720.92,1802.30
"SO - 000828",Online,WARE-NMK1003,USD,15,27,120,39,6,0.08,2018-04-10,2018-08-22,2018-08-30,2018-09-05,1015.59,1916.20
"SO - 000829",In-Store,WARE-NBV1002,USD,12,33,79,29,6,0.2,2018-04-10,2018-08-23,2018-09-10,2018-09-17,1661.94,3021.70
"SO - 000830",Distributor,WARE-NBV1002,USD,23,23,78,46,3,0.4,2018-04-10,2018-08-23,2018-09-20,2018-09-28,1710.91,2251.20
"SO - 000831",In-Store,WARE-NMK1003,USD,12,8,156,6,4,0.08,2018-04-10,2018-08-23,2018-09-07,2018-09-08,1074.08,2619.70
"SO - 000832",Online,WARE-UHY1004,USD,13,33,227,29,2,0.08,2018-04-10,2018-08-23,2018-08-26,2018-08-30,884.40,2010.00
"SO - 000833",In-Store,WARE-NMK1003,USD,8,31,89,13,6,0.4,2018-04-10,2018-08-23,2018-08-25,2018-08-30,687.42,1145.70
"SO - 000834",Online,WARE-UHY1004,USD,16,43,252,7,3,0.15,2018-04-10,2018-08-23,2018-09-17,2018-09-21,1447.20,3618.00
"SO - 000835",In-Store,WARE-UHY1004,USD,9,19,217,15,5,0.05,2018-04-10,2018-08-23,2018-09-08,2018-09-14,2982.84,3551.00
"SO - 000836",Online,WARE-UHY1004,USD,13,3,222,3,5,0.08,2018-04-10,2018-08-23,2018-08-25,2018-09-03,736.87,944.70
"SO - 000837",In-Store,WARE-XYS1001,USD,11,26,29,2,4,0.08,2018-04-10,2018-08-23,2018-09-03,2018-09-09,74.91,174.20
"SO - 000838",Online,WARE-XYS1001,USD,13,3,17,30,4,0.08,2018-04-10,2018-08-23,2018-09-16,2018-09-25,1465.29,1809.00
"SO - 000839",Online,WARE-XYS1001,USD,14,19,57,36,8,0.05,2018-04-10,2018-08-24,2018-09-01,2018-09-03,1876.80,3993.20
"SO - 000840",Online,WARE-NMK1003,USD,16,23,91,12,6,0.08,2018-04-10,2018-08-24,2018-09-19,2018-09-29,793.95,1005.00
"SO - 000841",In-Store,WARE-NMK1003,USD,8,15,147,4,8,0.08,2018-07-19,2018-08-24,2018-08-28,2018-09-03,2176.83,3819.00
"SO - 000842",In-Store,WARE-UHY1004,USD,5,49,215,46,2,0.05,2018-04-10,2018-08-24,2018-09-12,2018-09-16,968.02,2251.20
"SO - 000843",In-Store,WARE-NMK1003,USD,6,1,106,30,8,0.05,2018-04-10,2018-08-24,2018-08-28,2018-09-04,665.71,964.80
"SO - 000844",In-Store,WARE-PUJ1005,USD,3,33,307,15,2,0.05,2018-04-10,2018-08-24,2018-08-28,2018-09-05,733.25,1018.40
"SO - 000845",Wholesale,WARE-MKL1006,USD,27,31,330,12,7,0.08,2018-04-10,2018-08-25,2018-09-04,2018-09-13,117.59,261.30
"SO - 000846",Online,WARE-NMK1003,USD,15,27,194,31,1,0.08,2018-04-10,2018-08-25,2018-09-13,2018-09-16,1530.48,2887.70
"SO - 000847",In-Store,WARE-NMK1003,USD,10,2,143,12,1,0.1,2018-04-10,2018-08-25,2018-09-14,2018-09-22,857.06,1098.80
"SO - 000848",Online,WARE-XYS1001,USD,12,36,1,33,5,0.05,2018-04-10,2018-08-25,2018-09-05,2018-09-06,1596.74,2217.70
"SO - 000849",In-Store,WARE-NMK1003,USD,3,16,93,24,1,0.08,2018-04-10,2018-08-25,2018-08-30,2018-09-06,165.49,254.60
"SO - 000850",Wholesale,WARE-NBV1002,USD,25,50,60,42,4,0.08,2018-04-10,2018-08-25,2018-09-07,2018-09-08,2018.64,2432.10
"SO - 000851",In-Store,WARE-UHY1004,USD,2,15,237,37,4,0.08,2018-04-10,2018-08-25,2018-08-29,2018-08-30,1624.42,2499.10
"SO - 000852",In-Store,WARE-MKL1006,USD,2,19,361,30,8,0.15,2018-04-10,2018-08-25,2018-09-01,2018-09-10,1497.05,3564.40
"SO - 000853",In-Store,WARE-NMK1003,USD,1,17,115,24,8,0.08,2018-04-10,2018-08-25,2018-09-09,2018-09-14,1595.54,2532.60
"SO - 000854",Wholesale,WARE-NMK1003,USD,26,18,89,37,5,0.1,2018-04-10,2018-08-26,2018-09-23,2018-09-29,1043.59,1768.80
"SO - 000855",Distributor,WARE-PUJ1005,USD,22,12,323,38,4,0.05,2018-04-10,2018-08-26,2018-09-17,2018-09-27,1222.75,2445.50
"SO - 000856",Wholesale,WARE-XYS1001,USD,27,30,48,37,4,0.08,2018-07-19,2018-08-26,2018-09-01,2018-09-08,4567.52,5855.80
"SO - 000857",Online,WARE-UHY1004,USD,19,36,210,24,3,0.3,2018-04-10,2018-08-26,2018-09-13,2018-09-18,3223.64,3979.80
"SO - 000858",Online,WARE-UHY1004,USD,13,14,223,24,8,0.05,2018-04-10,2018-08-26,2018-09-03,2018-09-07,443.81,964.80
"SO - 000859",In-Store,WARE-UHY1004,USD,4,29,224,24,3,0.08,2018-04-10,2018-08-27,2018-08-29,2018-08-30,158.66,247.90
"SO - 000860",In-Store,WARE-UHY1004,USD,3,29,255,13,7,0.1,2018-04-10,2018-08-27,2018-08-30,2018-09-02,2264.33,3189.20
"SO - 000861",Online,WARE-PUJ1005,USD,20,50,312,28,3,0.1,2018-04-10,2018-08-27,2018-09-20,2018-09-29,2830.15,5339.90
"SO - 000862",Distributor,WARE-XYS1001,USD,24,47,36,2,2,0.15,2018-04-10,2018-08-27,2018-09-15,2018-09-22,717.57,1139.00
"SO - 000863",Online,WARE-NMK1003,USD,15,13,145,40,5,0.05,2018-04-10,2018-08-27,2018-09-05,2018-09-14,91.39,207.70
"SO - 000864",Online,WARE-PUJ1005,USD,13,41,302,36,6,0.08,2018-07-19,2018-08-27,2018-09-05,2018-09-14,1242.85,2345.00
"SO - 000865",In-Store,WARE-NMK1003,USD,9,39,99,44,4,0.05,2018-04-10,2018-08-27,2018-08-30,2018-09-02,1824.08,2432.10
"SO - 000866",In-Store,WARE-UHY1004,USD,8,21,249,42,6,0.08,2018-04-10,2018-08-27,2018-09-19,2018-09-27,578.34,1112.20
"SO - 000867",Online,WARE-NMK1003,USD,19,32,146,3,7,0.08,2018-04-10,2018-08-27,2018-09-05,2018-09-07,670.27,1098.80
"SO - 000868",Distributor,WARE-PUJ1005,USD,24,25,307,3,5,0.05,2018-04-10,2018-08-27,2018-09-02,2018-09-12,741.82,1159.10
"SO - 000869",Distributor,WARE-NMK1003,USD,21,25,159,22,8,0.05,2018-04-10,2018-08-27,2018-09-19,2018-09-24,1253.30,2666.60
"SO - 000870",Online,WARE-PUJ1005,USD,15,7,307,10,8,0.08,2018-04-10,2018-08-27,2018-09-23,2018-10-03,1190.32,2834.10
"SO - 000871",Online,WARE-NBV1002,USD,17,49,81,23,8,0.15,2018-04-10,2018-08-27,2018-09-21,2018-09-30,2450.86,3953.00
"SO - 000872",In-Store,WARE-PUJ1005,USD,11,9,269,34,8,0.15,2018-04-10,2018-08-27,2018-09-07,2018-09-10,1127.74,1762.10
"SO - 000873",Online,WARE-MKL1006,USD,12,30,330,40,1,0.05,2018-04-10,2018-08-28,2018-09-11,2018-09-12,1400.17,2592.90
"SO - 000874",Wholesale,WARE-NBV1002,USD,25,35,80,8,6,0.08,2018-04-10,2018-08-28,2018-09-16,2018-09-19,1378.19,2505.80
"SO - 000875",Online,WARE-MKL1006,USD,18,6,361,27,5,0.05,2018-04-10,2018-08-28,2018-09-22,2018-10-02,137.95,194.30
"SO - 000876",In-Store,WARE-MKL1006,USD,3,33,355,1,6,0.2,2018-04-10,2018-08-28,2018-09-16,2018-09-19,2852.93,5822.30
"SO - 000877",In-Store,WARE-PUJ1005,USD,5,37,320,26,2,0.1,2018-04-10,2018-08-29,2018-09-01,2018-09-10,1434.40,1815.70
"SO - 000878",Online,WARE-NMK1003,USD,13,40,192,18,8,0.4,2018-04-10,2018-08-29,2018-09-12,2018-09-14,2148.36,3906.10
"SO - 000879",Wholesale,WARE-UHY1004,USD,26,22,239,3,1,0.1,2018-04-10,2018-08-29,2018-09-07,2018-09-13,1766.79,3926.20
"SO - 000880",Online,WARE-NMK1003,USD,18,5,168,9,2,0.1,2018-04-10,2018-08-29,2018-09-23,2018-10-01,4960.28,6123.80
"SO - 000881",Distributor,WARE-XYS1001,USD,21,25,58,12,1,0.15,2018-04-10,2018-08-29,2018-09-25,2018-09-30,962.46,1132.30
"SO - 000882",Online,WARE-UHY1004,USD,14,29,237,45,2,0.1,2018-07-19,2018-08-29,2018-09-11,2018-09-16,2315.52,3859.20
"SO - 000883",Wholesale,WARE-UHY1004,USD,27,3,225,31,3,0.08,2018-04-10,2018-08-29,2018-09-08,2018-09-11,454.46,797.30
"SO - 000884",Online,WARE-PUJ1005,USD,13,21,314,39,3,0.15,2018-07-19,2018-08-29,2018-09-09,2018-09-13,3174.26,5380.10
"SO - 000885",Online,WARE-NMK1003,USD,17,6,135,22,8,0.05,2018-04-10,2018-08-30,2018-09-03,2018-09-09,2870.28,3986.50
"SO - 000886",In-Store,WARE-XYS1001,USD,3,8,20,17,5,0.2,2018-07-19,2018-08-30,2018-09-15,2018-09-17,951.13,1219.40
"SO - 000887",Online,WARE-NMK1003,USD,18,16,186,29,6,0.05,2018-04-10,2018-08-30,2018-09-10,2018-09-15,1345.36,1681.70
"SO - 000888",In-Store,WARE-XYS1001,USD,3,50,21,28,2,0.05,2018-04-10,2018-08-30,2018-09-27,2018-09-29,80.13,174.20
"SO - 000889",Wholesale,WARE-NMK1003,USD,27,31,138,20,4,0.2,2018-04-10,2018-08-30,2018-09-10,2018-09-18,1739.66,3865.90
"SO - 000890",In-Store,WARE-NMK1003,USD,10,14,166,43,2,0.05,2018-07-19,2018-08-30,2018-09-14,2018-09-24,2514.78,5132.20
"SO - 000891",In-Store,WARE-NMK1003,USD,6,21,110,43,3,0.1,2018-07-19,2018-08-30,2018-09-03,2018-09-07,987.71,1829.10
"SO - 000892",Distributor,WARE-MKL1006,USD,22,24,356,11,3,0.2,2018-07-19,2018-08-30,2018-09-01,2018-09-04,2023.94,3162.40
"SO - 000893",Wholesale,WARE-XYS1001,USD,27,4,5,14,2,0.08,2018-07-19,2018-08-30,2018-09-10,2018-09-13,2746.67,6103.70
"SO - 000894",In-Store,WARE-UHY1004,USD,8,23,239,11,6,0.3,2018-07-19,2018-08-30,2018-09-08,2018-09-16,600.32,750.40
"SO - 000895",Distributor,WARE-UHY1004,USD,22,22,226,18,2,0.05,2018-04-10,2018-08-31,2018-09-17,2018-09-19,100.50,167.50
"SO - 000896",In-Store,WARE-NMK1003,USD,7,48,196,33,8,0.08,2018-04-10,2018-08-31,2018-09-16,2018-09-23,2069.50,2653.20
"SO - 000897",In-Store,WARE-XYS1001,USD,9,14,11,22,4,0.15,2018-04-10,2018-08-31,2018-09-28,2018-10-03,1594.40,3008.30
"SO - 000898",Online,WARE-PUJ1005,USD,13,9,264,9,2,0.1,2018-04-10,2018-08-31,2018-09-19,2018-09-23,338.15,690.10
"SO - 000899",Wholesale,WARE-NMK1003,USD,27,26,116,16,8,0.15,2018-04-10,2018-08-31,2018-09-16,2018-09-18,474.63,1031.80
"SO - 000900",Distributor,WARE-MKL1006,USD,21,18,361,31,3,0.3,2018-04-10,2018-08-31,2018-09-03,2018-09-11,371.45,884.40
"SO - 000901",Distributor,WARE-NMK1003,USD,25,26,107,13,4,0.05,2018-04-10,2018-09-01,2018-09-27,2018-10-03,469.94,1118.90
"SO - 000902",Online,WARE-NMK1003,USD,19,20,134,41,4,0.05,2018-04-10,2018-09-01,2018-09-28,2018-10-08,958.70,2338.30
"SO - 000903",Online,WARE-NMK1003,USD,20,13,119,13,2,0.05,2018-04-10,2018-09-01,2018-09-17,2018-09-24,551.28,810.70
"SO - 000904",Online,WARE-NMK1003,USD,15,4,130,9,7,0.1,2018-04-10,2018-09-01,2018-09-12,2018-09-16,1651.82,3932.90
"SO - 000905",Distributor,WARE-NBV1002,USD,25,33,87,39,4,0.1,2018-04-10,2018-09-01,2018-09-11,2018-09-12,337.68,844.20
"SO - 000906",Wholesale,WARE-UHY1004,USD,26,19,218,45,4,0.1,2018-04-10,2018-09-01,2018-09-11,2018-09-15,119.39,180.90
"SO - 000907",Online,WARE-UHY1004,USD,13,28,258,44,7,0.08,2018-04-10,2018-09-01,2018-09-12,2018-09-16,1986.68,2365.10
"SO - 000908",In-Store,WARE-NMK1003,USD,7,45,99,34,4,0.1,2018-04-10,2018-09-01,2018-09-15,2018-09-16,1084.86,2358.40
"SO - 000909",In-Store,WARE-UHY1004,USD,3,22,212,10,7,0.08,2018-07-19,2018-09-02,2018-09-28,2018-10-06,1171.63,1748.70
"SO - 000910",Online,WARE-UHY1004,USD,13,30,212,17,3,0.05,2018-07-19,2018-09-02,2018-09-09,2018-09-19,1202.78,1822.40
"SO - 000911",Online,WARE-MKL1006,USD,16,20,364,22,3,0.08,2018-04-10,2018-09-02,2018-09-28,2018-10-07,684.00,824.10
"SO - 000912",Wholesale,WARE-MKL1006,USD,26,3,342,8,7,0.08,2018-04-10,2018-09-02,2018-09-14,2018-09-17,1317.89,1882.70
"SO - 000913",In-Store,WARE-NMK1003,USD,9,6,92,37,5,0.08,2018-04-10,2018-09-02,2018-09-08,2018-09-09,1565.79,3819.00
"SO - 000914",Online,WARE-PUJ1005,USD,13,8,298,43,4,0.05,2018-04-10,2018-09-02,2018-09-18,2018-09-25,672.95,1085.40
"SO - 000915",Wholesale,WARE-PUJ1005,USD,26,8,283,5,8,0.08,2018-04-10,2018-09-02,2018-09-29,2018-09-30,857.60,1072.00
"SO - 000916",Wholesale,WARE-NMK1003,USD,26,39,150,27,8,0.08,2018-04-10,2018-09-02,2018-09-20,2018-09-23,441.80,1051.90
"SO - 000917",In-Store,WARE-UHY1004,USD,4,14,232,45,4,0.05,2018-04-10,2018-09-03,2018-09-16,2018-09-24,584.31,1025.10
"SO - 000918",Online,WARE-NMK1003,USD,16,7,182,28,2,0.15,2018-04-10,2018-09-03,2018-10-01,2018-10-08,1026.31,2231.10
"SO - 000919",Distributor,WARE-NMK1003,USD,25,3,183,37,2,0.2,2018-07-19,2018-09-03,2018-09-13,2018-09-20,117.59,261.30
"SO - 000920",In-Store,WARE-XYS1001,USD,11,35,49,28,3,0.2,2018-04-10,2018-09-04,2018-09-29,2018-10-01,2960.33,3524.20
"SO - 000921",In-Store,WARE-MKL1006,USD,3,43,356,44,6,0.3,2018-04-10,2018-09-04,2018-09-23,2018-09-25,3207.96,3819.00
"SO - 000922",Wholesale,WARE-NBV1002,USD,27,26,66,36,5,0.15,2018-07-19,2018-09-04,2018-09-27,2018-10-07,2560.34,3879.30
"SO - 000923",In-Store,WARE-UHY1004,USD,8,41,217,12,3,0.2,2018-04-10,2018-09-04,2018-09-07,2018-09-12,132.12,227.80
"SO - 000924",Online,WARE-UHY1004,USD,20,50,251,29,2,0.1,2018-04-10,2018-09-04,2018-09-18,2018-09-22,847.82,1145.70
"SO - 000925",Distributor,WARE-XYS1001,USD,20,27,41,46,2,0.05,2018-07-19,2018-09-04,2018-09-10,2018-09-19,1134.98,2579.50
"SO - 000926",Online,WARE-UHY1004,USD,13,4,239,35,8,0.2,2018-04-10,2018-09-04,2018-10-01,2018-10-03,464.31,1105.50
"SO - 000927",Wholesale,WARE-PUJ1005,USD,28,32,271,13,4,0.4,2018-04-10,2018-09-04,2018-09-17,2018-09-24,1215.85,1762.10
"SO - 000928",Online,WARE-PUJ1005,USD,13,17,287,39,3,0.2,2018-07-19,2018-09-04,2018-09-28,2018-09-29,935.25,1989.90
"SO - 000929",In-Store,WARE-NMK1003,USD,7,14,159,33,3,0.1,2018-04-10,2018-09-05,2018-09-26,2018-10-04,198.59,261.30
"SO - 000930",Wholesale,WARE-XYS1001,USD,27,35,31,34,6,0.1,2018-04-10,2018-09-05,2018-09-07,2018-09-12,675.36,1072.00
"SO - 000931",In-Store,WARE-NMK1003,USD,12,21,184,9,5,0.08,2018-04-10,2018-09-05,2018-10-03,2018-10-04,899.81,1058.60
"SO - 000932",In-Store,WARE-UHY1004,USD,9,20,211,37,7,0.05,2018-07-19,2018-09-05,2018-10-01,2018-10-02,131.39,247.90
"SO - 000933",In-Store,WARE-XYS1001,USD,7,11,22,37,8,0.1,2018-07-19,2018-09-05,2018-10-03,2018-10-10,1117.16,2659.90
"SO - 000934",In-Store,WARE-NMK1003,USD,9,44,152,34,3,0.05,2018-04-10,2018-09-05,2018-09-30,2018-10-09,866.71,1031.80
"SO - 000935",Online,WARE-XYS1001,USD,15,8,44,32,7,0.15,2018-04-10,2018-09-05,2018-09-13,2018-09-20,1120.24,2546.00
"SO - 000936",Online,WARE-XYS1001,USD,18,21,54,4,7,0.1,2018-07-19,2018-09-05,2018-09-21,2018-09-23,660.35,857.60
"SO - 000937",Online,WARE-NMK1003,USD,20,31,116,39,5,0.1,2018-04-10,2018-09-06,2018-09-21,2018-09-28,1973.15,3946.30
"SO - 000938",In-Store,WARE-MKL1006,USD,4,28,364,1,2,0.08,2018-04-10,2018-09-06,2018-10-02,2018-10-10,2484.09,4006.60
"SO - 000939",Distributor,WARE-UHY1004,USD,25,37,222,35,4,0.08,2018-04-10,2018-09-06,2018-10-03,2018-10-10,758.64,1132.30
"SO - 000940",Distributor,WARE-NMK1003,USD,20,7,101,13,6,0.05,2018-04-10,2018-09-06,2018-09-14,2018-09-20,511.75,897.80
"SO - 000941",In-Store,WARE-NMK1003,USD,8,17,153,23,4,0.2,2018-07-19,2018-09-06,2018-09-23,2018-09-25,2678.93,3939.60
"SO - 000942",Wholesale,WARE-NMK1003,USD,26,1,173,32,7,0.05,2018-07-19,2018-09-06,2018-09-15,2018-09-24,515.90,1031.80
"SO - 000943",In-Store,WARE-XYS1001,USD,1,40,24,46,7,0.05,2018-07-19,2018-09-06,2018-10-02,2018-10-07,4938.37,6251.10
"SO - 000944",Wholesale,WARE-NMK1003,USD,27,47,169,3,7,0.05,2018-07-19,2018-09-06,2018-09-29,2018-10-08,2176.83,3819.00
"SO - 000945",Distributor,WARE-NMK1003,USD,24,15,161,42,1,0.05,2018-04-10,2018-09-06,2018-09-17,2018-09-27,3233.55,5480.60
"SO - 000946",Distributor,WARE-MKL1006,USD,21,12,347,20,8,0.08,2018-04-10,2018-09-07,2018-09-27,2018-10-04,752.54,1045.20
"SO - 000947",In-Store,WARE-NMK1003,USD,6,48,101,6,7,0.4,2018-07-19,2018-09-07,2018-09-19,2018-09-20,988.18,2298.10
"SO - 000948",Online,WARE-NBV1002,USD,18,10,64,38,7,0.05,2018-07-19,2018-09-07,2018-09-26,2018-09-27,730.43,924.60
"SO - 000949",In-Store,WARE-NMK1003,USD,6,21,186,13,3,0.1,2018-04-10,2018-09-07,2018-09-14,2018-09-15,2231.10,2974.80
"SO - 000950",Distributor,WARE-NMK1003,USD,21,19,127,29,6,0.1,2018-04-10,2018-09-07,2018-09-19,2018-09-27,515.10,830.80
"SO - 000951",In-Store,WARE-NMK1003,USD,8,17,189,39,2,0.1,2018-04-10,2018-09-07,2018-09-17,2018-09-19,641.66,1051.90
"SO - 000952",Online,WARE-NMK1003,USD,13,49,146,11,4,0.2,2018-07-19,2018-09-07,2018-09-22,2018-09-30,763.53,1031.80
"SO - 000953",In-Store,WARE-NMK1003,USD,3,29,96,39,3,0.2,2018-07-19,2018-09-07,2018-09-15,2018-09-20,905.51,1775.50
"SO - 000954",In-Store,WARE-XYS1001,USD,7,27,25,33,7,0.05,2018-07-19,2018-09-08,2018-09-30,2018-10-02,1465.29,1809.00
"SO - 000955",Online,WARE-UHY1004,USD,18,7,236,26,8,0.4,2018-04-10,2018-09-08,2018-09-21,2018-09-25,763.80,1005.00
"SO - 000956",In-Store,WARE-NMK1003,USD,1,45,134,15,4,0.2,2018-04-10,2018-09-08,2018-09-18,2018-09-19,85.43,167.50
"SO - 000957",Online,WARE-NMK1003,USD,14,2,201,43,2,0.08,2018-04-10,2018-09-08,2018-09-21,2018-09-26,681.26,1098.80
"SO - 000958",Distributor,WARE-PUJ1005,USD,22,40,324,33,4,0.05,2018-07-19,2018-09-08,2018-09-11,2018-09-17,91.92,187.60
"SO - 000959",Wholesale,WARE-NMK1003,USD,26,36,156,2,6,0.05,2018-07-19,2018-09-08,2018-09-17,2018-09-27,511.34,1065.30
"SO - 000960",Distributor,WARE-UHY1004,USD,21,13,219,26,3,0.2,2018-04-10,2018-09-08,2018-10-04,2018-10-11,813.65,1179.20
"SO - 000961",In-Store,WARE-NMK1003,USD,5,48,140,18,4,0.08,2018-07-19,2018-09-09,2018-09-15,2018-09-20,418.08,1045.20
"SO - 000962",Distributor,WARE-XYS1001,USD,21,24,22,6,7,0.05,2018-04-10,2018-09-09,2018-10-06,2018-10-11,644.88,837.50
"SO - 000963",In-Store,WARE-XYS1001,USD,10,37,41,31,4,0.08,2018-04-10,2018-09-09,2018-10-03,2018-10-04,480.73,1172.50
"SO - 000964",Distributor,WARE-XYS1001,USD,21,20,54,17,1,0.15,2018-04-10,2018-09-09,2018-09-18,2018-09-24,123.28,268.00
"SO - 000965",In-Store,WARE-XYS1001,USD,11,12,54,11,3,0.08,2018-04-10,2018-09-09,2018-09-24,2018-09-25,640.39,1085.40
"SO - 000966",Distributor,WARE-PUJ1005,USD,25,31,279,44,6,0.05,2018-04-10,2018-09-09,2018-10-02,2018-10-10,1246.20,3115.50
"SO - 000967",Wholesale,WARE-NMK1003,USD,26,28,98,11,8,0.05,2018-04-10,2018-09-10,2018-09-29,2018-10-02,1447.20,2412.00
"SO - 000968",In-Store,WARE-XYS1001,USD,10,24,51,38,5,0.15,2018-07-19,2018-09-10,2018-09-23,2018-09-29,1923.84,3926.20
"SO - 000969",Distributor,WARE-XYS1001,USD,25,33,16,27,7,0.2,2018-07-19,2018-09-10,2018-09-21,2018-09-30,1713.53,2284.70
"SO - 000970",Online,WARE-UHY1004,USD,13,39,255,47,5,0.05,2018-07-19,2018-09-10,2018-10-05,2018-10-06,556.57,783.90
"SO - 000971",In-Store,WARE-PUJ1005,USD,7,4,310,3,8,0.08,2018-07-19,2018-09-10,2018-09-12,2018-09-14,557.44,871.00
"SO - 000972",Online,WARE-NMK1003,USD,20,8,190,29,3,0.05,2018-07-19,2018-09-10,2018-10-04,2018-10-11,831.00,1051.90
"SO - 000973",In-Store,WARE-PUJ1005,USD,8,6,294,31,1,0.05,2018-04-10,2018-09-10,2018-09-24,2018-09-25,609.70,1219.40
"SO - 000974",In-Store,WARE-MKL1006,USD,7,3,361,26,5,0.2,2018-04-10,2018-09-10,2018-09-21,2018-10-01,509.07,877.70
"SO - 000975",In-Store,WARE-NMK1003,USD,3,28,193,7,6,0.1,2018-07-19,2018-09-10,2018-09-16,2018-09-17,151.55,261.30
"SO - 000976",In-Store,WARE-XYS1001,USD,11,48,25,11,7,0.15,2018-04-10,2018-09-11,2018-09-15,2018-09-19,3155.16,5172.40
"SO - 000977",Online,WARE-UHY1004,USD,12,12,230,16,1,0.1,2018-07-19,2018-09-11,2018-10-09,2018-10-19,1835.00,2237.80
"SO - 000978",In-Store,WARE-NMK1003,USD,6,18,121,7,5,0.05,2018-07-19,2018-09-11,2018-10-09,2018-10-12,135.68,180.90
"SO - 000979",In-Store,WARE-NMK1003,USD,4,45,103,37,6,0.08,2018-04-10,2018-09-11,2018-10-06,2018-10-10,1594.60,1876.00
"SO - 000980",Distributor,WARE-UHY1004,USD,21,25,251,20,8,0.2,2018-07-19,2018-09-11,2018-09-21,2018-09-23,4303.54,5815.60
"SO - 000981",In-Store,WARE-NMK1003,USD,9,12,148,33,6,0.1,2018-04-10,2018-09-11,2018-10-05,2018-10-15,903.76,1922.90
"SO - 000982",In-Store,WARE-NMK1003,USD,1,43,142,27,5,0.05,2018-04-10,2018-09-11,2018-09-19,2018-09-27,441.80,1051.90
"SO - 000983",Online,WARE-NBV1002,USD,17,4,76,12,7,0.2,2018-07-19,2018-09-11,2018-09-16,2018-09-24,3597.90,5996.50
"SO - 000984",Wholesale,WARE-PUJ1005,USD,28,7,322,42,8,0.2,2018-04-10,2018-09-11,2018-09-20,2018-09-25,926.28,1172.50
"SO - 000985",Wholesale,WARE-XYS1001,USD,28,49,56,42,8,0.05,2018-04-10,2018-09-11,2018-09-22,2018-09-25,153.70,207.70
"SO - 000986",In-Store,WARE-NMK1003,USD,3,42,148,18,6,0.1,2018-07-19,2018-09-11,2018-10-02,2018-10-06,868.32,1085.40
"SO - 000987",Online,WARE-UHY1004,USD,16,42,224,41,7,0.2,2018-04-10,2018-09-11,2018-10-08,2018-10-15,627.12,964.80
"SO - 000988",Wholesale,WARE-NMK1003,USD,27,50,202,12,2,0.05,2018-07-19,2018-09-11,2018-09-30,2018-10-04,3142.57,3832.40
"SO - 000989",Distributor,WARE-PUJ1005,USD,23,12,268,19,2,0.3,2018-04-10,2018-09-12,2018-09-21,2018-09-27,754.15,1125.60
"SO - 000990",Distributor,WARE-XYS1001,USD,21,34,46,13,2,0.05,2018-04-10,2018-09-12,2018-10-04,2018-10-08,649.83,1065.30
"SO - 000991",In-Store,WARE-NMK1003,USD,9,32,120,11,7,0.3,2018-04-10,2018-09-12,2018-09-14,2018-09-24,4214.30,6197.50
"SO - 000992",Distributor,WARE-XYS1001,USD,22,49,3,13,6,0.05,2018-04-10,2018-09-12,2018-09-24,2018-09-27,2778.09,3912.80
"SO - 000993",In-Store,WARE-PUJ1005,USD,4,22,288,14,1,0.1,2018-04-10,2018-09-12,2018-10-06,2018-10-15,185.93,247.90
"SO - 000994",Online,WARE-MKL1006,USD,19,3,339,3,3,0.08,2018-07-19,2018-09-12,2018-10-03,2018-10-07,789.26,1038.50
"SO - 000995",In-Store,WARE-NMK1003,USD,2,44,110,36,8,0.1,2018-07-19,2018-09-12,2018-09-17,2018-09-22,604.34,1098.80
"SO - 000996",In-Store,WARE-NBV1002,USD,3,9,83,12,1,0.08,2018-07-19,2018-09-12,2018-09-14,2018-09-24,814.72,1273.00
"SO - 000997",Distributor,WARE-MKL1006,USD,24,13,350,44,5,0.15,2018-04-10,2018-09-12,2018-09-14,2018-09-18,160.80,268.00
"SO - 000998",Distributor,WARE-NBV1002,USD,21,31,70,32,8,0.08,2018-04-10,2018-09-13,2018-09-20,2018-09-25,2157.40,3852.50
"SO - 000999",Online,WARE-NMK1003,USD,18,19,154,22,7,0.2,2018-07-19,2018-09-13,2018-10-03,2018-10-12,900.48,1876.00
"SO - 0001000",In-Store,WARE-NMK1003,USD,10,27,134,36,5,0.15,2018-07-19,2018-09-13,2018-10-03,2018-10-09,887.62,1286.40
"SO - 0001001",Online,WARE-NMK1003,USD,14,46,120,42,6,0.2,2018-04-10,2018-09-13,2018-09-22,2018-10-02,101.04,174.20
"SO - 0001002",Distributor,WARE-MKL1006,USD,22,28,360,26,6,0.15,2018-04-10,2018-09-13,2018-09-24,2018-09-30,4102.41,5259.50
"SO - 0001003",Distributor,WARE-UHY1004,USD,22,48,213,42,1,0.4,2018-04-10,2018-09-13,2018-10-02,2018-10-08,5144.80,6512.40
"SO - 0001004",In-Store,WARE-NMK1003,USD,9,39,194,30,3,0.08,2018-04-10,2018-09-13,2018-09-19,2018-09-25,1021.08,1701.80
"SO - 0001005",Online,WARE-XYS1001,USD,17,21,50,1,5,0.1,2018-07-19,2018-09-13,2018-10-11,2018-10-15,2682.68,3832.40
"SO - 0001006",Distributor,WARE-MKL1006,USD,25,38,330,6,7,0.15,2018-04-10,2018-09-13,2018-09-17,2018-09-20,923.26,1775.50
"SO - 0001007",Online,WARE-XYS1001,USD,16,29,12,23,2,0.15,2018-04-10,2018-09-13,2018-10-11,2018-10-13,865.31,1922.90
"SO - 0001008",Wholesale,WARE-PUJ1005,USD,26,23,291,5,3,0.05,2018-07-19,2018-09-13,2018-10-10,2018-10-19,490.11,891.10
"SO - 0001009",In-Store,WARE-PUJ1005,USD,2,3,264,43,7,0.08,2018-04-10,2018-09-14,2018-09-20,2018-09-28,1875.13,3289.70
"SO - 0001010",Distributor,WARE-NMK1003,USD,24,2,90,34,1,0.05,2018-07-19,2018-09-14,2018-09-24,2018-10-03,593.29,1078.70
"SO - 0001011",Wholesale,WARE-MKL1006,USD,26,19,346,5,2,0.05,2018-07-19,2018-09-14,2018-10-03,2018-10-05,2720.20,3886.00
"SO - 0001012",Online,WARE-NMK1003,USD,12,21,172,15,4,0.05,2018-07-19,2018-09-14,2018-10-10,2018-10-18,1143.56,1681.70
"SO - 0001013",Wholesale,WARE-PUJ1005,USD,28,19,266,23,2,0.08,2018-04-10,2018-09-14,2018-10-06,2018-10-13,852.24,1065.30
"SO - 0001014",Distributor,WARE-NMK1003,USD,23,32,146,30,7,0.2,2018-04-10,2018-09-14,2018-10-09,2018-10-19,3286.75,3912.80
"SO - 0001015",Online,WARE-NBV1002,USD,18,9,86,30,2,0.3,2018-07-19,2018-09-14,2018-09-17,2018-09-21,2520.54,3819.00
"SO - 0001016",Online,WARE-UHY1004,USD,18,22,222,46,5,0.08,2018-07-19,2018-09-14,2018-09-27,2018-09-29,758.57,1025.10
"SO - 0001017",Distributor,WARE-NMK1003,USD,22,8,203,43,6,0.15,2018-04-10,2018-09-14,2018-10-04,2018-10-06,1601.30,3202.60
"SO - 0001018",In-Store,WARE-NMK1003,USD,11,49,170,22,1,0.1,2018-07-19,2018-09-14,2018-10-01,2018-10-06,2440.94,5306.40
"SO - 0001019",In-Store,WARE-UHY1004,USD,9,14,239,11,5,0.08,2018-07-19,2018-09-14,2018-09-26,2018-10-01,1331.42,1849.20
"SO - 0001020",Online,WARE-PUJ1005,USD,16,3,282,16,3,0.1,2018-07-19,2018-09-14,2018-09-21,2018-09-30,137.95,194.30
"SO - 0001021",In-Store,WARE-XYS1001,USD,7,41,24,34,8,0.05,2018-04-10,2018-09-14,2018-09-20,2018-09-29,757.37,1051.90
"SO - 0001022",Online,WARE-XYS1001,USD,18,36,58,29,7,0.1,2018-07-19,2018-09-14,2018-09-23,2018-09-24,1537.65,1809.00
"SO - 0001023",In-Store,WARE-XYS1001,USD,1,13,37,18,2,0.15,2018-04-10,2018-09-15,2018-10-04,2018-10-09,130.78,214.40
"SO - 0001024",In-Store,WARE-XYS1001,USD,6,40,19,20,6,0.08,2018-07-19,2018-09-15,2018-09-17,2018-09-21,2577.56,3530.90
"SO - 0001025",In-Store,WARE-NMK1003,USD,5,44,201,10,6,0.4,2018-04-10,2018-09-15,2018-09-21,2018-09-28,810.03,1038.50
"SO - 0001026",Online,WARE-MKL1006,USD,19,50,352,9,2,0.08,2018-07-19,2018-09-15,2018-10-01,2018-10-09,1561.77,3470.60
"SO - 0001027",Distributor,WARE-NBV1002,USD,23,14,83,25,1,0.15,2018-07-19,2018-09-15,2018-09-19,2018-09-27,2154.52,2659.90
"SO - 0001028",Online,WARE-NMK1003,USD,17,24,128,18,8,0.05,2018-04-10,2018-09-15,2018-10-12,2018-10-21,637.77,1118.90
"SO - 0001029",In-Store,WARE-PUJ1005,USD,4,46,327,7,4,0.4,2018-04-10,2018-09-15,2018-10-02,2018-10-07,2257.77,3892.70
"SO - 0001030",In-Store,WARE-NMK1003,USD,9,47,177,5,3,0.08,2018-07-19,2018-09-15,2018-10-04,2018-10-11,921.52,2003.30
"SO - 0001031",Online,WARE-NBV1002,USD,12,26,86,42,4,0.05,2018-07-19,2018-09-15,2018-09-23,2018-09-28,788.66,998.30
"SO - 0001032",In-Store,WARE-PUJ1005,USD,9,45,312,17,3,0.05,2018-07-19,2018-09-16,2018-10-05,2018-10-13,1654.90,2546.00
"SO - 0001033",Online,WARE-XYS1001,USD,15,29,26,26,5,0.08,2018-07-19,2018-09-16,2018-09-18,2018-09-23,2093.21,2552.70
"SO - 0001034",In-Store,WARE-XYS1001,USD,1,22,49,16,8,0.05,2018-07-19,2018-09-16,2018-09-24,2018-09-28,2610.59,3839.10
"SO - 0001035",Distributor,WARE-MKL1006,USD,23,41,354,13,4,0.05,2018-04-10,2018-09-16,2018-09-25,2018-09-26,4071.52,6076.90
"SO - 0001036",Distributor,WARE-PUJ1005,USD,20,37,307,12,7,0.2,2018-07-19,2018-09-16,2018-10-11,2018-10-19,462.84,1051.90
"SO - 0001037",Distributor,WARE-PUJ1005,USD,21,45,303,41,8,0.08,2018-04-10,2018-09-16,2018-10-13,2018-10-15,577.47,1132.30
"SO - 0001038",In-Store,WARE-MKL1006,USD,6,8,366,25,8,0.05,2018-07-19,2018-09-17,2018-09-25,2018-09-26,1184.56,2961.40
"SO - 0001039",In-Store,WARE-NMK1003,USD,6,39,88,26,4,0.05,2018-04-10,2018-09-17,2018-09-30,2018-10-06,2140.05,3396.90
"SO - 0001040",In-Store,WARE-UHY1004,USD,5,34,244,5,7,0.2,2018-04-10,2018-09-17,2018-09-21,2018-10-01,3322.53,5728.50
"SO - 0001041",Distributor,WARE-UHY1004,USD,21,46,230,19,6,0.05,2018-07-19,2018-09-17,2018-10-10,2018-10-12,1401.37,2224.40
"SO - 0001042",Online,WARE-MKL1006,USD,13,42,357,39,3,0.08,2018-07-19,2018-09-17,2018-09-21,2018-09-29,1674.33,3986.50
"SO - 0001043",Wholesale,WARE-NMK1003,USD,26,39,155,4,8,0.1,2018-07-19,2018-09-17,2018-09-25,2018-10-01,2613.54,5681.60
"SO - 0001044",Distributor,WARE-XYS1001,USD,23,39,21,20,2,0.08,2018-04-10,2018-09-18,2018-10-01,2018-10-08,3005.55,5272.90
"SO - 0001045",Distributor,WARE-PUJ1005,USD,23,24,323,45,8,0.2,2018-07-19,2018-09-18,2018-10-08,2018-10-17,529.03,1125.60
"SO - 0001046",Online,WARE-NBV1002,USD,15,37,60,46,7,0.05,2018-07-19,2018-09-18,2018-10-10,2018-10-16,400.26,690.10
"SO - 0001047",In-Store,WARE-NMK1003,USD,5,29,92,23,3,0.05,2018-07-19,2018-09-18,2018-09-30,2018-10-06,1502.14,2546.00
"SO - 0001048",In-Store,WARE-UHY1004,USD,1,9,224,43,5,0.1,2018-07-19,2018-09-18,2018-09-25,2018-10-04,2276.33,3035.10
"SO - 0001049",Online,WARE-NMK1003,USD,16,16,135,31,2,0.05,2018-04-10,2018-09-18,2018-09-29,2018-10-09,2444.03,4006.60
"SO - 0001050",In-Store,WARE-NMK1003,USD,3,24,195,29,6,0.1,2018-07-19,2018-09-19,2018-09-22,2018-10-01,2179.91,3892.70
"SO - 0001051",In-Store,WARE-MKL1006,USD,6,45,338,30,8,0.1,2018-07-19,2018-09-19,2018-10-05,2018-10-11,1334.37,2566.10
"SO - 0001052",In-Store,WARE-NMK1003,USD,2,44,201,23,8,0.08,2018-07-19,2018-09-19,2018-10-06,2018-10-07,786.65,1333.30
"SO - 0001053",In-Store,WARE-MKL1006,USD,8,20,353,7,5,0.05,2018-07-19,2018-09-19,2018-09-21,2018-09-25,452.32,1051.90
"SO - 0001054",Wholesale,WARE-PUJ1005,USD,27,49,281,41,3,0.05,2018-07-19,2018-09-19,2018-09-29,2018-10-09,3314.89,3946.30
"SO - 0001055",Distributor,WARE-NMK1003,USD,23,26,149,47,8,0.05,2018-04-10,2018-09-19,2018-10-04,2018-10-08,593.02,1118.90
"SO - 0001056",Online,WARE-PUJ1005,USD,19,50,278,18,8,0.08,2018-04-10,2018-09-19,2018-10-07,2018-10-12,1325.26,2881.00
"SO - 0001057",In-Store,WARE-UHY1004,USD,8,23,211,45,7,0.05,2018-07-19,2018-09-20,2018-09-26,2018-09-29,1890.74,2224.40
"SO - 0001058",Online,WARE-NMK1003,USD,19,39,164,9,1,0.08,2018-04-10,2018-09-20,2018-09-22,2018-10-02,586.79,1011.70
"SO - 0001059",Distributor,WARE-XYS1001,USD,24,16,17,1,2,0.2,2018-04-10,2018-09-20,2018-10-09,2018-10-12,123.95,167.50
"SO - 0001060",In-Store,WARE-XYS1001,USD,12,4,15,32,7,0.05,2018-07-19,2018-09-20,2018-10-04,2018-10-14,740.35,1139.00
"SO - 0001061",Distributor,WARE-NMK1003,USD,23,44,134,9,8,0.05,2018-04-10,2018-09-20,2018-10-09,2018-10-14,110.55,167.50
"SO - 0001062",In-Store,WARE-NMK1003,USD,1,29,153,18,1,0.05,2018-04-10,2018-09-20,2018-10-14,2018-10-16,553.15,864.30
"SO - 0001063",In-Store,WARE-NMK1003,USD,4,44,135,2,1,0.05,2018-07-19,2018-09-20,2018-10-05,2018-10-10,2477.33,2914.50
"SO - 0001064",Distributor,WARE-UHY1004,USD,24,41,232,46,3,0.05,2018-04-10,2018-09-21,2018-10-15,2018-10-24,2858.22,5293.00
"SO - 0001065",In-Store,WARE-NBV1002,USD,2,39,66,15,6,0.2,2018-07-19,2018-09-21,2018-09-29,2018-10-03,406.82,924.60
"SO - 0001066",In-Store,WARE-NMK1003,USD,4,47,160,1,4,0.1,2018-07-19,2018-09-21,2018-09-30,2018-10-09,619.08,884.40
"SO - 0001067",Online,WARE-XYS1001,USD,18,3,58,11,7,0.4,2018-07-19,2018-09-21,2018-09-25,2018-10-03,1819.59,2458.90
"SO - 0001068",In-Store,WARE-MKL1006,USD,3,42,357,18,8,0.05,2018-04-10,2018-09-21,2018-10-14,2018-10-15,656.47,924.60
"SO - 0001069",In-Store,WARE-NMK1003,USD,8,12,101,21,8,0.05,2018-04-10,2018-09-21,2018-10-03,2018-10-12,3235.90,6344.90
"SO - 0001070",Online,WARE-XYS1001,USD,18,14,22,44,2,0.4,2018-07-19,2018-09-21,2018-10-09,2018-10-12,2910.35,3932.90
"SO - 0001071",Distributor,WARE-PUJ1005,USD,23,3,296,40,5,0.08,2018-04-10,2018-09-22,2018-10-16,2018-10-26,500.49,1112.20
"SO - 0001072",Distributor,WARE-UHY1004,USD,23,46,261,30,7,0.15,2018-07-19,2018-09-22,2018-10-01,2018-10-03,370.85,904.50
"SO - 0001073",Online,WARE-NMK1003,USD,15,50,93,28,2,0.08,2018-07-19,2018-09-22,2018-10-06,2018-10-07,524.61,1165.80
"SO - 0001074",In-Store,WARE-PUJ1005,USD,1,14,291,5,7,0.15,2018-04-10,2018-09-22,2018-09-30,2018-10-05,116.71,174.20
"SO - 0001075",In-Store,WARE-PUJ1005,USD,11,27,320,38,6,0.08,2018-04-10,2018-09-22,2018-10-13,2018-10-22,1379.53,2378.50
"SO - 0001076",In-Store,WARE-MKL1006,USD,2,18,362,29,4,0.1,2018-07-19,2018-09-22,2018-09-28,2018-10-02,850.83,1025.10
"SO - 0001077",In-Store,WARE-NMK1003,USD,7,11,100,17,6,0.08,2018-07-19,2018-09-22,2018-10-16,2018-10-21,2034.72,3839.10
"SO - 0001078",Online,WARE-NMK1003,USD,16,11,170,34,8,0.15,2018-07-19,2018-09-22,2018-10-15,2018-10-25,650.03,1031.80
"SO - 0001079",Wholesale,WARE-MKL1006,USD,27,7,336,16,6,0.05,2018-04-10,2018-09-22,2018-10-09,2018-10-11,623.10,1005.00
"SO - 0001080",Distributor,WARE-MKL1006,USD,25,31,339,5,6,0.05,2018-07-19,2018-09-23,2018-10-05,2018-10-13,2215.02,3886.00
"SO - 0001081",In-Store,WARE-NMK1003,USD,10,30,184,43,6,0.15,2018-07-19,2018-09-23,2018-10-08,2018-10-13,574.06,1125.60
"SO - 0001082",In-Store,WARE-PUJ1005,USD,2,43,325,23,2,0.1,2018-04-10,2018-09-23,2018-10-02,2018-10-07,1832.72,3899.40
"SO - 0001083",Online,WARE-UHY1004,USD,14,5,211,8,5,0.05,2018-07-19,2018-09-23,2018-09-26,2018-09-27,976.53,1842.50
"SO - 0001084",Online,WARE-NMK1003,USD,17,11,155,27,2,0.05,2018-04-10,2018-09-23,2018-10-06,2018-10-07,86.43,201.00
"SO - 0001085",Online,WARE-PUJ1005,USD,13,32,301,45,7,0.05,2018-04-10,2018-09-23,2018-10-17,2018-10-22,707.52,1768.80
"SO - 0001086",In-Store,WARE-PUJ1005,USD,3,24,267,10,1,0.4,2018-04-10,2018-09-23,2018-09-29,2018-10-04,3777.80,5996.50
"SO - 0001087",Online,WARE-MKL1006,USD,13,15,329,29,1,0.08,2018-04-10,2018-09-23,2018-10-12,2018-10-17,1667.09,2525.90
"SO - 0001088",Distributor,WARE-XYS1001,USD,24,42,57,26,1,0.05,2018-07-19,2018-09-23,2018-10-13,2018-10-14,562.80,1005.00
"SO - 0001089",Online,WARE-PUJ1005,USD,15,16,285,13,5,0.3,2018-04-10,2018-09-23,2018-09-25,2018-10-04,377.88,944.70
"SO - 0001090",Online,WARE-UHY1004,USD,15,49,245,32,7,0.3,2018-04-10,2018-09-23,2018-10-01,2018-10-03,924.94,1681.70
"SO - 0001091",Online,WARE-MKL1006,USD,14,20,336,10,2,0.2,2018-04-10,2018-09-24,2018-10-02,2018-10-07,151.96,180.90
"SO - 0001092",Online,WARE-PUJ1005,USD,19,40,306,1,4,0.05,2018-04-10,2018-09-24,2018-10-09,2018-10-13,1592.72,1896.10
"SO - 0001093",In-Store,WARE-PUJ1005,USD,12,41,286,14,8,0.08,2018-07-19,2018-09-24,2018-10-06,2018-10-11,410.04,804.00
"SO - 0001094",In-Store,WARE-PUJ1005,USD,7,31,285,30,5,0.1,2018-07-19,2018-09-24,2018-09-30,2018-10-09,778.54,1112.20
"SO - 0001095",Online,WARE-NMK1003,USD,14,18,174,22,7,0.1,2018-04-10,2018-09-24,2018-10-14,2018-10-23,437.18,971.50
"SO - 0001096",Online,WARE-PUJ1005,USD,17,30,271,3,2,0.05,2018-04-10,2018-09-24,2018-10-20,2018-10-25,1380.74,2465.60
"SO - 0001097",In-Store,WARE-UHY1004,USD,2,34,208,47,6,0.05,2018-04-10,2018-09-24,2018-09-26,2018-10-05,1915.13,2659.90
"SO - 0001098",Wholesale,WARE-NBV1002,USD,27,30,61,11,7,0.2,2018-07-19,2018-09-25,2018-10-11,2018-10-13,1155.75,1675.00
"SO - 0001099",Online,WARE-NMK1003,USD,14,3,115,38,5,0.05,2018-07-19,2018-09-25,2018-09-27,2018-10-03,3505.84,6150.60
"SO - 0001100",Online,WARE-NMK1003,USD,16,43,172,43,5,0.05,2018-04-10,2018-09-25,2018-09-27,2018-10-04,2387.88,5306.40
"SO - 0001101",Distributor,WARE-PUJ1005,USD,21,3,329,3,6,0.15,2018-07-19,2018-09-25,2018-10-02,2018-10-09,3082.13,3758.70
"SO - 0001102",Online,WARE-PUJ1005,USD,15,8,318,23,7,0.08,2018-04-10,2018-09-25,2018-10-05,2018-10-10,1603.98,2291.40
"SO - 0001103",In-Store,WARE-NMK1003,USD,5,16,142,44,7,0.08,2018-04-10,2018-09-25,2018-10-20,2018-10-28,3564.13,5748.60
"SO - 0001104",Online,WARE-MKL1006,USD,13,22,355,3,8,0.1,2018-04-10,2018-09-25,2018-10-09,2018-10-13,1336.65,1909.50
"SO - 0001105",Online,WARE-NMK1003,USD,13,22,185,11,7,0.05,2018-07-19,2018-09-25,2018-10-05,2018-10-10,3308.80,3892.70
"SO - 0001106",Online,WARE-MKL1006,USD,12,43,362,11,6,0.08,2018-04-10,2018-09-25,2018-10-12,2018-10-18,749.66,1118.90
"SO - 0001107",Online,WARE-NMK1003,USD,16,3,164,12,1,0.08,2018-04-10,2018-09-25,2018-10-21,2018-10-30,2559.94,3999.90
"SO - 0001108",In-Store,WARE-PUJ1005,USD,10,45,286,39,2,0.08,2018-07-19,2018-09-26,2018-10-06,2018-10-13,873.28,1782.20
"SO - 0001109",Distributor,WARE-NMK1003,USD,24,12,114,47,4,0.05,2018-07-19,2018-09-26,2018-10-22,2018-10-31,707.52,1072.00
"SO - 0001110",In-Store,WARE-XYS1001,USD,10,3,29,2,4,0.4,2018-04-10,2018-09-26,2018-10-12,2018-10-19,559.92,917.90
"SO - 0001111",Distributor,WARE-PUJ1005,USD,23,40,323,34,2,0.08,2018-04-10,2018-09-26,2018-10-21,2018-10-31,2836.51,5252.80
"SO - 0001112",Distributor,WARE-UHY1004,USD,22,2,213,44,4,0.08,2018-07-19,2018-09-26,2018-10-04,2018-10-07,5399.73,6505.70
"SO - 0001113",In-Store,WARE-PUJ1005,USD,4,7,317,21,6,0.1,2018-07-19,2018-09-26,2018-09-29,2018-09-30,1932.41,3390.20
"SO - 0001114",In-Store,WARE-PUJ1005,USD,6,34,298,34,5,0.08,2018-04-10,2018-09-26,2018-10-18,2018-10-24,108.34,221.10
"SO - 0001115",Online,WARE-PUJ1005,USD,14,14,282,38,2,0.05,2018-07-19,2018-09-26,2018-10-24,2018-11-03,3034.83,3993.20
"SO - 0001116",In-Store,WARE-MKL1006,USD,9,43,340,24,8,0.4,2018-07-19,2018-09-26,2018-10-01,2018-10-06,1612.29,2519.20
"SO - 0001117",In-Store,WARE-XYS1001,USD,9,11,19,21,5,0.05,2018-07-19,2018-09-27,2018-10-07,2018-10-15,2964.75,3953.00
"SO - 0001118",In-Store,WARE-PUJ1005,USD,12,12,303,37,3,0.2,2018-04-10,2018-09-27,2018-10-09,2018-10-18,840.92,1092.10
"SO - 0001119",Online,WARE-NBV1002,USD,20,26,84,36,7,0.3,2018-04-10,2018-09-27,2018-10-05,2018-10-10,4726.92,5835.70
"SO - 0001120",In-Store,WARE-NMK1003,USD,12,31,101,17,5,0.05,2018-04-10,2018-09-27,2018-10-19,2018-10-21,1276.35,1701.80
"SO - 0001121",Wholesale,WARE-XYS1001,USD,26,31,20,45,6,0.15,2018-04-10,2018-09-27,2018-10-07,2018-10-10,4343.14,6117.10
"SO - 0001122",In-Store,WARE-MKL1006,USD,6,6,332,16,2,0.08,2018-07-19,2018-09-27,2018-10-21,2018-10-29,1188.92,1829.10
"SO - 0001123",In-Store,WARE-MKL1006,USD,2,48,363,9,5,0.08,2018-04-10,2018-09-27,2018-09-30,2018-10-06,2477.73,3932.90
"SO - 0001124",Online,WARE-NMK1003,USD,15,20,97,15,2,0.05,2018-07-19,2018-09-27,2018-10-01,2018-10-09,1101.82,1695.10
"SO - 0001125",Online,WARE-NMK1003,USD,12,18,199,36,4,0.2,2018-07-19,2018-09-27,2018-10-23,2018-10-28,130.25,180.90
"SO - 0001126",In-Store,WARE-NMK1003,USD,12,2,126,3,1,0.15,2018-04-10,2018-09-28,2018-10-05,2018-10-15,631.94,877.70
"SO - 0001127",In-Store,WARE-NBV1002,USD,9,45,79,33,7,0.15,2018-04-10,2018-09-28,2018-10-21,2018-10-27,1984.88,2646.50
"SO - 0001128",In-Store,WARE-NBV1002,USD,9,25,74,47,4,0.05,2018-04-10,2018-09-28,2018-10-17,2018-10-23,2206.85,5132.20
"SO - 0001129",Online,WARE-XYS1001,USD,18,21,48,17,8,0.4,2018-07-19,2018-09-28,2018-10-23,2018-11-02,3271.74,5112.10
"SO - 0001130",In-Store,WARE-UHY1004,USD,12,47,222,31,7,0.05,2018-07-19,2018-09-28,2018-10-04,2018-10-11,522.00,1065.30
"SO - 0001131",Online,WARE-UHY1004,USD,19,13,216,2,6,0.15,2018-07-19,2018-09-28,2018-10-08,2018-10-13,2059.85,3269.60
"SO - 0001132",In-Store,WARE-PUJ1005,USD,9,28,315,35,6,0.08,2018-04-10,2018-09-28,2018-10-02,2018-10-09,3277.91,6070.20
"SO - 0001133",Online,WARE-XYS1001,USD,18,3,33,46,7,0.2,2018-07-19,2018-09-28,2018-10-18,2018-10-23,857.40,1279.70
"SO - 0001134",In-Store,WARE-NBV1002,USD,11,41,74,18,1,0.05,2018-07-19,2018-09-28,2018-10-07,2018-10-08,2449.52,3061.90
"SO - 0001135",In-Store,WARE-UHY1004,USD,1,24,233,15,2,0.05,2018-07-19,2018-09-28,2018-10-02,2018-10-10,1217.39,2646.50
"SO - 0001136",Distributor,WARE-NMK1003,USD,23,28,169,40,6,0.08,2018-04-10,2018-09-29,2018-10-27,2018-10-31,3767.54,5232.70
"SO - 0001137",Online,WARE-NMK1003,USD,16,19,105,7,6,0.15,2018-04-10,2018-09-29,2018-10-15,2018-10-19,3268.93,3986.50
"SO - 0001138",Online,WARE-PUJ1005,USD,16,8,306,39,4,0.1,2018-07-19,2018-09-29,2018-10-03,2018-10-08,178.49,247.90
"SO - 0001139",Distributor,WARE-NMK1003,USD,22,37,113,23,6,0.15,2018-07-19,2018-09-29,2018-10-01,2018-10-10,141.50,221.10
"SO - 0001140",Distributor,WARE-MKL1006,USD,23,12,358,45,3,0.1,2018-04-10,2018-09-29,2018-10-06,2018-10-14,492.32,1118.90
"SO - 0001141",In-Store,WARE-NMK1003,USD,5,11,146,7,1,0.05,2018-04-10,2018-09-29,2018-10-10,2018-10-20,2825.52,5433.70
"SO - 0001142",In-Store,WARE-PUJ1005,USD,7,17,291,4,5,0.08,2018-07-19,2018-09-29,2018-10-27,2018-10-28,1756.47,3028.40
"SO - 0001143",Online,WARE-PUJ1005,USD,15,22,296,8,1,0.15,2018-04-10,2018-09-29,2018-10-04,2018-10-14,2296.69,3892.70
"SO - 0001144",In-Store,WARE-UHY1004,USD,12,38,224,39,3,0.15,2018-04-10,2018-09-29,2018-10-09,2018-10-11,2089.40,2579.50
"SO - 0001145",Wholesale,WARE-NMK1003,USD,27,6,131,3,6,0.05,2018-07-19,2018-09-29,2018-10-03,2018-10-09,1230.12,1809.00
"SO - 0001146",Online,WARE-UHY1004,USD,13,22,215,47,4,0.08,2018-07-19,2018-09-30,2018-10-03,2018-10-05,2457.02,5118.80
"SO - 0001147",Online,WARE-UHY1004,USD,12,42,243,29,2,0.1,2018-04-10,2018-09-30,2018-10-03,2018-10-09,753.21,978.20
"SO - 0001148",In-Store,WARE-UHY1004,USD,11,29,215,11,3,0.05,2018-07-19,2018-09-30,2018-10-04,2018-10-06,554.76,770.50
"SO - 0001149",In-Store,WARE-XYS1001,USD,12,39,22,41,8,0.08,2018-04-10,2018-09-30,2018-10-16,2018-10-20,759.78,1085.40
"SO - 0001150",In-Store,WARE-PUJ1005,USD,10,15,309,36,5,0.05,2018-07-19,2018-09-30,2018-10-20,2018-10-26,795.96,1989.90
"SO - 0001151",In-Store,WARE-XYS1001,USD,10,4,22,1,4,0.05,2018-07-19,2018-09-30,2018-10-17,2018-10-19,2180.85,2907.80
"SO - 0001152",Wholesale,WARE-XYS1001,USD,28,32,56,10,8,0.08,2018-04-10,2018-09-30,2018-10-09,2018-10-13,886.01,1165.80
"SO - 0001153",Online,WARE-NMK1003,USD,14,26,116,36,4,0.08,2018-07-19,2018-09-30,2018-10-19,2018-10-28,4343.48,5715.10
"SO - 0001154",Online,WARE-NMK1003,USD,15,35,160,38,7,0.1,2018-07-19,2018-09-30,2018-10-22,2018-10-31,1254.37,1695.10
"SO - 0001155",Distributor,WARE-NMK1003,USD,21,18,156,45,1,0.2,2018-07-19,2018-10-01,2018-10-10,2018-10-19,643.87,1038.50
"SO - 0001156",In-Store,WARE-PUJ1005,USD,4,32,315,23,7,0.05,2018-07-19,2018-10-01,2018-10-07,2018-10-15,2778.62,5788.80
"SO - 0001157",Online,WARE-XYS1001,USD,12,9,21,42,2,0.15,2018-07-19,2018-10-01,2018-10-21,2018-10-23,1118.90,2237.80
"SO - 0001158",Wholesale,WARE-MKL1006,USD,25,46,330,36,7,0.15,2018-07-19,2018-10-01,2018-10-26,2018-10-30,871.87,1132.30
"SO - 0001159",In-Store,WARE-NMK1003,USD,10,19,89,12,4,0.05,2018-07-19,2018-10-01,2018-10-15,2018-10-17,552.48,891.10
"SO - 0001160",Online,WARE-XYS1001,USD,16,41,20,9,4,0.05,2018-04-10,2018-10-01,2018-10-15,2018-10-25,3055.20,3819.00
"SO - 0001161",Distributor,WARE-PUJ1005,USD,21,9,287,9,6,0.15,2018-07-19,2018-10-02,2018-10-10,2018-10-19,702.70,1232.80
"SO - 0001162",Online,WARE-XYS1001,USD,12,25,14,44,3,0.08,2018-07-19,2018-10-02,2018-10-05,2018-10-11,2532.60,6331.50
"SO - 0001163",Online,WARE-XYS1001,USD,13,2,51,44,6,0.1,2018-07-19,2018-10-02,2018-10-15,2018-10-17,431.41,917.90
"SO - 0001164",Online,WARE-UHY1004,USD,14,38,246,38,4,0.05,2018-07-19,2018-10-02,2018-10-28,2018-11-06,639.98,1333.30
"SO - 0001165",Online,WARE-NMK1003,USD,15,43,97,24,4,0.15,2018-07-19,2018-10-02,2018-10-18,2018-10-23,3444.34,5467.20
"SO - 0001166",Online,WARE-PUJ1005,USD,15,15,310,34,3,0.1,2018-07-19,2018-10-02,2018-10-17,2018-10-18,3950.32,5896.00
"SO - 0001167",In-Store,WARE-NBV1002,USD,5,22,78,25,1,0.2,2018-04-10,2018-10-02,2018-10-08,2018-10-12,1212.03,1809.00
"SO - 0001168",Online,WARE-NBV1002,USD,15,26,84,17,4,0.08,2018-07-19,2018-10-02,2018-10-25,2018-10-31,722.93,1112.20
"SO - 0001169",Distributor,WARE-NMK1003,USD,25,1,186,4,4,0.05,2018-07-19,2018-10-03,2018-10-24,2018-10-27,1782.20,2546.00
"SO - 0001170",In-Store,WARE-UHY1004,USD,10,34,228,27,8,0.05,2018-07-19,2018-10-03,2018-10-26,2018-11-01,774.52,1139.00
"SO - 0001171",In-Store,WARE-UHY1004,USD,8,49,223,26,2,0.05,2018-07-19,2018-10-03,2018-10-19,2018-10-23,2362.29,3872.60
"SO - 0001172",Online,WARE-XYS1001,USD,18,5,37,42,8,0.15,2018-04-10,2018-10-03,2018-10-22,2018-10-29,809.23,1326.60
"SO - 0001173",Distributor,WARE-MKL1006,USD,21,40,347,3,4,0.1,2018-07-19,2018-10-03,2018-10-20,2018-10-22,1793.39,2525.90
"SO - 0001174",Online,WARE-NMK1003,USD,19,3,141,1,4,0.15,2018-04-10,2018-10-03,2018-10-13,2018-10-18,564.01,924.60
"SO - 0001175",Distributor,WARE-NMK1003,USD,24,49,128,11,5,0.05,2018-07-19,2018-10-03,2018-10-14,2018-10-18,146.33,261.30
"SO - 0001176",Online,WARE-XYS1001,USD,12,50,15,8,6,0.1,2018-07-19,2018-10-04,2018-10-29,2018-11-06,161.81,234.50
"SO - 0001177",Distributor,WARE-PUJ1005,USD,25,35,327,26,8,0.05,2018-07-19,2018-10-04,2018-10-12,2018-10-16,4273.80,5775.40
"SO - 0001178",Online,WARE-NMK1003,USD,20,35,182,45,6,0.05,2018-07-19,2018-10-04,2018-10-23,2018-10-25,2812.33,3852.50
"SO - 0001179",Online,WARE-NMK1003,USD,18,9,150,30,4,0.05,2018-07-19,2018-10-04,2018-10-10,2018-10-13,585.31,1045.20
"SO - 0001180",Wholesale,WARE-MKL1006,USD,27,9,342,29,2,0.15,2018-07-19,2018-10-04,2018-10-12,2018-10-13,535.87,864.30
"SO - 0001181",In-Store,WARE-NMK1003,USD,7,49,93,26,5,0.05,2018-07-19,2018-10-04,2018-10-13,2018-10-23,2124.30,2559.40
"SO - 0001182",In-Store,WARE-UHY1004,USD,9,35,204,14,6,0.1,2018-07-19,2018-10-05,2018-10-29,2018-11-03,999.91,1922.90
"SO - 0001183",In-Store,WARE-XYS1001,USD,6,45,17,40,8,0.08,2018-07-19,2018-10-05,2018-10-25,2018-11-03,2865.46,3979.80
"SO - 0001184",In-Store,WARE-PUJ1005,USD,7,7,299,23,6,0.1,2018-07-19,2018-10-05,2018-10-16,2018-10-18,706.78,917.90
"SO - 0001185",In-Store,WARE-NMK1003,USD,8,8,173,24,1,0.08,2018-04-10,2018-10-05,2018-10-10,2018-10-18,1652.22,3671.60
"SO - 0001186",Online,WARE-NMK1003,USD,14,14,201,35,6,0.2,2018-07-19,2018-10-05,2018-10-17,2018-10-25,651.78,1018.40
"SO - 0001187",Wholesale,WARE-NMK1003,USD,25,2,139,25,3,0.15,2018-07-19,2018-10-06,2018-10-22,2018-11-01,831.00,1051.90
"SO - 0001188",Online,WARE-XYS1001,USD,19,17,54,20,4,0.3,2018-07-19,2018-10-06,2018-10-27,2018-11-06,789.33,1025.10
"SO - 0001189",Wholesale,WARE-PUJ1005,USD,26,46,270,45,2,0.05,2018-07-19,2018-10-06,2018-10-31,2018-11-01,83.55,194.30
"SO - 0001190",In-Store,WARE-NBV1002,USD,4,12,81,45,2,0.08,2018-04-10,2018-10-06,2018-10-11,2018-10-20,1836.87,3993.20
"SO - 0001191",In-Store,WARE-NBV1002,USD,12,36,78,31,5,0.05,2018-07-19,2018-10-06,2018-10-24,2018-10-27,4175.78,5567.70
"SO - 0001192",In-Store,WARE-NMK1003,USD,1,42,119,3,8,0.05,2018-04-10,2018-10-06,2018-10-08,2018-10-16,500.69,1065.30
"SO - 0001193",Online,WARE-NMK1003,USD,14,5,156,12,5,0.08,2018-07-19,2018-10-06,2018-10-28,2018-10-31,911.20,1072.00
"SO - 0001194",Wholesale,WARE-PUJ1005,USD,25,41,273,34,1,0.1,2018-04-10,2018-10-06,2018-10-20,2018-10-26,154.37,214.40
"SO - 0001195",In-Store,WARE-XYS1001,USD,4,41,44,26,2,0.1,2018-07-19,2018-10-07,2018-11-04,2018-11-14,2913.90,5112.10
"SO - 0001196",In-Store,WARE-NMK1003,USD,7,11,160,47,7,0.1,2018-07-19,2018-10-07,2018-10-24,2018-10-29,615.06,904.50
"SO - 0001197",Wholesale,WARE-PUJ1005,USD,26,6,303,42,4,0.15,2018-07-19,2018-10-07,2018-10-25,2018-11-03,1952.92,2324.90
"SO - 0001198",In-Store,WARE-UHY1004,USD,11,32,211,33,8,0.08,2018-04-10,2018-10-07,2018-10-21,2018-10-28,3314.36,3993.20
"SO - 0001199",Online,WARE-PUJ1005,USD,12,4,283,6,3,0.15,2018-07-19,2018-10-07,2018-10-25,2018-11-03,594.56,1025.10
"SO - 0001200",In-Store,WARE-NMK1003,USD,7,32,108,1,1,0.05,2018-07-19,2018-10-07,2018-10-24,2018-10-26,888.42,1306.50
"SO - 0001201",In-Store,WARE-XYS1001,USD,12,24,26,39,5,0.1,2018-07-19,2018-10-07,2018-10-28,2018-10-31,101.84,254.60
"SO - 0001202",Online,WARE-UHY1004,USD,20,48,229,7,2,0.05,2018-07-19,2018-10-07,2018-10-25,2018-10-27,1573.76,1896.10
"SO - 0001203",In-Store,WARE-NMK1003,USD,11,10,185,20,3,0.08,2018-07-19,2018-10-08,2018-10-21,2018-10-22,571.64,1058.60
"SO - 0001204",Wholesale,WARE-UHY1004,USD,26,15,253,27,1,0.05,2018-07-19,2018-10-08,2018-10-28,2018-11-04,2130.60,4020.00
"SO - 0001205",In-Store,WARE-NMK1003,USD,2,31,130,3,5,0.2,2018-04-10,2018-10-08,2018-10-31,2018-11-04,861.42,2003.30
"SO - 0001206",In-Store,WARE-UHY1004,USD,3,13,233,47,6,0.08,2018-04-10,2018-10-08,2018-10-12,2018-10-15,4029.25,5165.70
"SO - 0001207",Online,WARE-NBV1002,USD,17,16,59,19,6,0.3,2018-07-19,2018-10-08,2018-10-16,2018-10-22,3601.92,5145.60
"SO - 0001208",Online,WARE-MKL1006,USD,14,5,333,19,4,0.2,2018-07-19,2018-10-08,2018-10-28,2018-11-06,1277.96,1936.30
"SO - 0001209",Wholesale,WARE-NMK1003,USD,26,1,136,31,7,0.08,2018-07-19,2018-10-09,2018-10-30,2018-11-09,114.97,174.20
"SO - 0001210",Distributor,WARE-PUJ1005,USD,24,48,300,12,1,0.05,2018-07-19,2018-10-09,2018-10-27,2018-11-05,1071.73,1728.60
"SO - 0001211",In-Store,WARE-NBV1002,USD,10,37,61,40,5,0.15,2018-07-19,2018-10-09,2018-10-12,2018-10-19,1121.58,1809.00
"SO - 0001212",In-Store,WARE-NMK1003,USD,5,22,184,27,7,0.08,2018-07-19,2018-10-09,2018-10-16,2018-10-18,2673.30,3517.50
"SO - 0001213",In-Store,WARE-XYS1001,USD,9,23,13,34,5,0.08,2018-07-19,2018-10-09,2018-10-12,2018-10-16,2154.52,2659.90
"SO - 0001214",Online,WARE-PUJ1005,USD,20,24,275,24,3,0.1,2018-07-19,2018-10-09,2018-10-11,2018-10-19,1716.74,2351.70
"SO - 0001215",In-Store,WARE-PUJ1005,USD,1,43,309,39,5,0.08,2018-07-19,2018-10-10,2018-10-23,2018-10-24,94.07,180.90
"SO - 0001216",Distributor,WARE-NMK1003,USD,24,21,109,29,3,0.08,2018-07-19,2018-10-10,2018-11-07,2018-11-13,581.83,1118.90
"SO - 0001217",In-Store,WARE-NMK1003,USD,9,36,155,46,3,0.15,2018-07-19,2018-10-10,2018-10-26,2018-11-03,1185.90,2010.00
"SO - 0001218",Wholesale,WARE-NMK1003,USD,27,19,189,39,5,0.05,2018-07-19,2018-10-10,2018-10-28,2018-11-01,795.96,1206.00
"SO - 0001219",Distributor,WARE-XYS1001,USD,22,20,2,46,1,0.05,2018-07-19,2018-10-10,2018-11-05,2018-11-06,130.25,180.90
"SO - 0001220",In-Store,WARE-UHY1004,USD,8,12,245,3,1,0.08,2018-07-19,2018-10-11,2018-10-24,2018-10-26,2059.58,3886.00
"SO - 0001221",Online,WARE-MKL1006,USD,13,12,359,10,3,0.08,2018-07-19,2018-10-11,2018-11-02,2018-11-07,4293.76,6505.70
"SO - 0001222",Online,WARE-XYS1001,USD,16,4,35,36,3,0.05,2018-07-19,2018-10-11,2018-10-24,2018-10-25,820.48,1051.90
"SO - 0001223",In-Store,WARE-PUJ1005,USD,7,40,287,22,4,0.05,2018-07-19,2018-10-11,2018-11-05,2018-11-06,524.21,1092.10
"SO - 0001224",In-Store,WARE-XYS1001,USD,10,42,17,47,4,0.15,2018-07-19,2018-10-11,2018-10-17,2018-10-20,1370.82,2492.40
"SO - 0001225",Distributor,WARE-MKL1006,USD,24,17,355,16,6,0.08,2018-04-10,2018-10-11,2018-11-05,2018-11-15,1868.50,3892.70
"SO - 0001226",Distributor,WARE-MKL1006,USD,20,21,367,33,7,0.4,2018-07-19,2018-10-12,2018-10-21,2018-10-27,2079.81,2505.80
"SO - 0001227",Wholesale,WARE-UHY1004,USD,27,50,253,43,8,0.1,2018-07-19,2018-10-12,2018-10-28,2018-11-01,395.57,824.10
"SO - 0001228",Distributor,WARE-UHY1004,USD,21,35,253,10,8,0.05,2018-07-19,2018-10-12,2018-10-27,2018-11-01,441.66,690.10
"SO - 0001229",In-Store,WARE-NBV1002,USD,10,25,66,21,5,0.2,2018-07-19,2018-10-12,2018-11-06,2018-11-12,1206.20,2365.10
"SO - 0001230",In-Store,WARE-NBV1002,USD,11,42,65,22,8,0.3,2018-07-19,2018-10-12,2018-11-01,2018-11-06,460.96,1072.00
"SO - 0001231",Online,WARE-MKL1006,USD,15,17,355,29,3,0.08,2018-07-19,2018-10-12,2018-10-17,2018-10-18,468.73,1065.30
"SO - 0001232",Online,WARE-UHY1004,USD,18,8,256,11,7,0.1,2018-07-19,2018-10-12,2018-10-19,2018-10-29,1396.55,2586.20
"SO - 0001233",In-Store,WARE-PUJ1005,USD,6,46,325,8,2,0.05,2018-07-19,2018-10-13,2018-10-25,2018-11-04,151.62,207.70
"SO - 0001234",Online,WARE-XYS1001,USD,15,26,47,7,5,0.08,2018-07-19,2018-10-13,2018-10-16,2018-10-25,2283.76,4006.60
"SO - 0001235",In-Store,WARE-XYS1001,USD,10,40,56,9,6,0.15,2018-07-19,2018-10-13,2018-10-20,2018-10-24,1095.85,2331.60
"SO - 0001236",Distributor,WARE-NMK1003,USD,24,31,100,41,7,0.3,2018-07-19,2018-10-13,2018-10-24,2018-10-30,600.86,1018.40
"SO - 0001237",Online,WARE-XYS1001,USD,19,18,12,20,3,0.2,2018-07-19,2018-10-13,2018-11-02,2018-11-12,4108.44,5628.00
"SO - 0001238",Distributor,WARE-NMK1003,USD,24,49,119,8,3,0.2,2018-07-19,2018-10-13,2018-11-07,2018-11-11,1782.20,2546.00
"SO - 0001239",Online,WARE-MKL1006,USD,14,19,331,10,5,0.08,2018-07-19,2018-10-13,2018-10-24,2018-10-27,668.93,857.60
"SO - 0001240",In-Store,WARE-NMK1003,USD,8,16,88,43,7,0.08,2018-07-19,2018-10-14,2018-11-07,2018-11-08,1757.75,3906.10
"SO - 0001241",In-Store,WARE-UHY1004,USD,3,11,258,9,8,0.05,2018-07-19,2018-10-14,2018-11-03,2018-11-07,783.90,1005.00
"SO - 0001242",Distributor,WARE-PUJ1005,USD,24,39,305,25,4,0.05,2018-07-19,2018-10-14,2018-11-08,2018-11-17,388.33,844.20
"SO - 0001243",Distributor,WARE-XYS1001,USD,25,45,32,16,3,0.08,2018-07-19,2018-10-14,2018-10-21,2018-10-25,515.90,1031.80
"SO - 0001244",In-Store,WARE-PUJ1005,USD,6,6,301,1,2,0.05,2018-07-19,2018-10-15,2018-10-17,2018-10-18,591.74,924.60
"SO - 0001245",In-Store,WARE-PUJ1005,USD,7,46,299,34,6,0.08,2018-07-19,2018-10-15,2018-10-22,2018-10-24,825.44,1072.00
"SO - 0001246",Wholesale,WARE-NBV1002,USD,26,32,75,28,5,0.15,2018-07-19,2018-10-15,2018-10-22,2018-10-31,172.46,261.30
"SO - 0001247",Online,WARE-XYS1001,USD,18,45,39,22,4,0.05,2018-07-19,2018-10-15,2018-10-20,2018-10-28,894.85,1065.30
"SO - 0001248",In-Store,WARE-UHY1004,USD,12,38,229,1,5,0.15,2018-07-19,2018-10-15,2018-11-06,2018-11-10,1254.24,1929.60
"SO - 0001249",Online,WARE-XYS1001,USD,18,17,28,43,3,0.1,2018-07-19,2018-10-15,2018-10-31,2018-11-09,3494.72,5460.50
"SO - 0001250",Distributor,WARE-UHY1004,USD,24,27,229,33,1,0.05,2018-07-19,2018-10-15,2018-10-26,2018-10-29,1180.21,1815.70
"SO - 0001251",Online,WARE-NMK1003,USD,18,42,170,15,6,0.2,2018-07-19,2018-10-15,2018-11-05,2018-11-07,387.33,944.70
"SO - 0001252",In-Store,WARE-MKL1006,USD,3,8,347,12,7,0.05,2018-04-10,2018-10-15,2018-10-31,2018-11-01,553.09,850.90
"SO - 0001253",Online,WARE-NBV1002,USD,15,40,71,46,5,0.08,2018-07-19,2018-10-15,2018-11-01,2018-11-09,174.47,207.70
"SO - 0001254",Online,WARE-NMK1003,USD,14,22,110,16,5,0.1,2018-07-19,2018-10-15,2018-11-10,2018-11-12,823.97,1916.20
"SO - 0001255",Online,WARE-UHY1004,USD,19,28,223,10,2,0.1,2018-07-19,2018-10-16,2018-11-12,2018-11-13,963.59,1889.40
"SO - 0001256",In-Store,WARE-NMK1003,USD,6,4,91,20,3,0.08,2018-07-19,2018-10-16,2018-10-19,2018-10-24,185.72,241.20
"SO - 0001257",Distributor,WARE-NMK1003,USD,24,3,115,12,6,0.08,2018-07-19,2018-10-16,2018-11-02,2018-11-07,4392.12,6016.60
"SO - 0001258",Distributor,WARE-XYS1001,USD,23,42,35,23,3,0.08,2018-07-19,2018-10-16,2018-11-01,2018-11-08,621.76,1072.00
"SO - 0001259",In-Store,WARE-XYS1001,USD,8,50,2,1,4,0.15,2018-07-19,2018-10-16,2018-11-06,2018-11-15,2601.48,3825.70
"SO - 0001260",In-Store,WARE-MKL1006,USD,3,1,352,17,6,0.05,2018-07-19,2018-10-17,2018-11-09,2018-11-15,2166.78,2814.00
"SO - 0001261",In-Store,WARE-PUJ1005,USD,10,33,270,20,8,0.05,2018-07-19,2018-10-17,2018-10-23,2018-10-28,1807.59,2619.70
"SO - 0001262",Wholesale,WARE-NMK1003,USD,26,48,157,8,7,0.3,2018-07-19,2018-10-17,2018-10-19,2018-10-24,525.88,1118.90
"SO - 0001263",In-Store,WARE-NMK1003,USD,8,7,169,25,2,0.05,2018-07-19,2018-10-17,2018-10-28,2018-11-01,514.56,1072.00
"SO - 0001264",In-Store,WARE-NMK1003,USD,9,20,169,19,2,0.05,2018-07-19,2018-10-17,2018-10-25,2018-10-27,1617.98,3946.30
"SO - 0001265",In-Store,WARE-PUJ1005,USD,9,25,315,43,7,0.05,2018-07-19,2018-10-17,2018-11-01,2018-11-03,166.43,241.20
"SO - 0001266",Online,WARE-NMK1003,USD,19,46,151,14,2,0.05,2018-07-19,2018-10-18,2018-11-11,2018-11-20,156.78,241.20
"SO - 0001267",Online,WARE-UHY1004,USD,13,9,260,40,8,0.4,2018-07-19,2018-10-18,2018-10-24,2018-10-30,854.25,1005.00
"SO - 0001268",Online,WARE-NMK1003,USD,18,42,139,34,1,0.1,2018-07-19,2018-10-18,2018-11-07,2018-11-13,178.22,234.50
"SO - 0001269",In-Store,WARE-NMK1003,USD,4,33,142,19,4,0.15,2018-07-19,2018-10-18,2018-11-01,2018-11-11,741.69,904.50
"SO - 0001270",In-Store,WARE-NMK1003,USD,10,12,88,32,6,0.15,2018-07-19,2018-10-18,2018-11-10,2018-11-20,477.58,1085.40
"SO - 0001271",In-Store,WARE-NBV1002,USD,11,3,84,11,5,0.15,2018-07-19,2018-10-18,2018-10-23,2018-11-01,600.86,1018.40
"SO - 0001272",In-Store,WARE-XYS1001,USD,11,46,26,4,4,0.15,2018-07-19,2018-10-18,2018-10-23,2018-11-02,180.30,261.30
"SO - 0001273",Online,WARE-PUJ1005,USD,13,25,291,43,5,0.08,2018-07-19,2018-10-18,2018-11-14,2018-11-23,2166.78,3939.60
"SO - 0001274",Online,WARE-PUJ1005,USD,15,34,302,23,4,0.08,2018-07-19,2018-10-18,2018-11-14,2018-11-18,3364.41,6117.10
"SO - 0001275",Online,WARE-NMK1003,USD,15,4,122,5,2,0.05,2018-07-19,2018-10-18,2018-11-07,2018-11-16,1207.34,1775.50
"SO - 0001276",In-Store,WARE-NMK1003,USD,6,1,155,40,2,0.08,2018-07-19,2018-10-18,2018-10-21,2018-10-30,683.40,1005.00
"SO - 0001277",Online,WARE-MKL1006,USD,13,48,365,36,8,0.05,2018-07-19,2018-10-19,2018-11-14,2018-11-19,985.24,1159.10
"SO - 0001278",In-Store,WARE-UHY1004,USD,10,11,257,33,7,0.08,2018-07-19,2018-10-19,2018-10-31,2018-11-09,200.20,241.20
"SO - 0001279",Distributor,WARE-NMK1003,USD,21,45,181,14,7,0.05,2018-07-19,2018-10-19,2018-10-27,2018-11-06,3264.91,5936.20
"SO - 0001280",Online,WARE-PUJ1005,USD,18,23,306,3,6,0.08,2018-07-19,2018-10-19,2018-11-11,2018-11-15,391.15,931.30
"SO - 0001281",In-Store,WARE-NMK1003,USD,7,9,125,6,4,0.05,2018-07-19,2018-10-19,2018-11-07,2018-11-11,623.90,1299.80
"SO - 0001282",In-Store,WARE-XYS1001,USD,1,15,56,47,2,0.05,2018-07-19,2018-10-19,2018-11-14,2018-11-19,2364.30,5373.40
"SO - 0001283",Distributor,WARE-MKL1006,USD,23,38,333,26,2,0.3,2018-07-19,2018-10-19,2018-11-01,2018-11-05,1801.76,2224.40
"SO - 0001284",In-Store,WARE-NMK1003,USD,9,43,188,45,5,0.08,2018-07-19,2018-10-20,2018-11-17,2018-11-24,1684.18,2673.30
"SO - 0001285",Distributor,WARE-PUJ1005,USD,21,13,290,24,6,0.1,2018-07-19,2018-10-20,2018-10-27,2018-11-01,2559.94,3999.90
"SO - 0001286",Online,WARE-UHY1004,USD,12,18,226,40,2,0.05,2018-07-19,2018-10-20,2018-11-08,2018-11-11,3268.93,3845.80
"SO - 0001287",Online,WARE-NMK1003,USD,13,44,127,18,2,0.15,2018-07-19,2018-10-20,2018-10-22,2018-10-26,1433.13,2311.50
"SO - 0001288",In-Store,WARE-MKL1006,USD,8,43,354,34,3,0.15,2018-07-19,2018-10-20,2018-11-16,2018-11-20,444.88,1112.20
"SO - 0001289",Online,WARE-NMK1003,USD,16,21,137,35,8,0.05,2018-07-19,2018-10-20,2018-11-11,2018-11-17,588.13,1031.80
"SO - 0001290",In-Store,WARE-NMK1003,USD,2,30,112,36,4,0.3,2018-07-19,2018-10-20,2018-10-26,2018-10-27,650.50,891.10
"SO - 0001291",In-Store,WARE-NBV1002,USD,9,10,81,45,4,0.1,2018-07-19,2018-10-20,2018-10-26,2018-11-02,4394.66,6103.70
"SO - 0001292",Online,WARE-PUJ1005,USD,16,48,285,17,3,0.1,2018-07-19,2018-10-21,2018-11-07,2018-11-16,3217.61,5547.60
"SO - 0001293",Online,WARE-PUJ1005,USD,13,13,329,6,3,0.05,2018-07-19,2018-10-21,2018-11-14,2018-11-18,396.37,683.40
"SO - 0001294",In-Store,WARE-XYS1001,USD,11,1,42,46,6,0.15,2018-07-19,2018-10-21,2018-11-11,2018-11-12,2782.18,5058.50
"SO - 0001295",Online,WARE-MKL1006,USD,13,17,332,20,8,0.08,2018-07-19,2018-10-21,2018-11-10,2018-11-18,1217.99,2485.70
"SO - 0001296",Wholesale,WARE-UHY1004,USD,28,31,229,44,8,0.08,2018-07-19,2018-10-21,2018-10-24,2018-10-30,2907.26,6056.80
"SO - 0001297",Distributor,WARE-PUJ1005,USD,21,19,327,37,8,0.1,2018-07-19,2018-10-21,2018-10-31,2018-11-01,2367.78,3819.00
"SO - 0001298",In-Store,WARE-PUJ1005,USD,4,33,278,9,6,0.1,2018-07-19,2018-10-21,2018-11-01,2018-11-06,437.64,951.40
"SO - 0001299",Wholesale,WARE-NMK1003,USD,28,38,121,21,6,0.2,2018-07-19,2018-10-21,2018-10-24,2018-10-29,926.28,1172.50
"SO - 0001300",In-Store,WARE-NMK1003,USD,10,36,198,47,8,0.05,2018-07-19,2018-10-21,2018-11-16,2018-11-22,1396.55,2586.20
"SO - 0001301",Wholesale,WARE-PUJ1005,USD,26,10,303,14,1,0.15,2018-07-19,2018-10-22,2018-10-30,2018-11-08,194.64,234.50
"SO - 0001302",In-Store,WARE-XYS1001,USD,1,3,57,34,2,0.08,2018-07-19,2018-10-22,2018-11-17,2018-11-27,632.08,1192.60
"SO - 0001303",Wholesale,WARE-PUJ1005,USD,28,13,292,46,6,0.15,2018-07-19,2018-10-22,2018-11-11,2018-11-19,2697.09,3249.50
"SO - 0001304",Online,WARE-NMK1003,USD,15,10,158,18,7,0.3,2018-07-19,2018-10-22,2018-11-07,2018-11-13,3757.29,5607.90
"SO - 0001305",In-Store,WARE-NMK1003,USD,1,49,200,29,1,0.1,2018-07-19,2018-10-22,2018-11-07,2018-11-09,868.05,1098.80
"SO - 0001306",Distributor,WARE-XYS1001,USD,24,9,27,35,7,0.1,2018-07-19,2018-10-22,2018-11-05,2018-11-11,1394.14,1936.30
"SO - 0001307",Online,WARE-XYS1001,USD,15,33,21,9,7,0.1,2018-07-19,2018-10-22,2018-11-15,2018-11-22,4460.19,6371.70
"SO - 0001308",In-Store,WARE-PUJ1005,USD,10,46,307,47,8,0.08,2018-07-19,2018-10-22,2018-11-16,2018-11-21,736.20,897.80
"SO - 0001309",Online,WARE-MKL1006,USD,16,14,362,9,2,0.4,2018-07-19,2018-10-22,2018-11-18,2018-11-25,586.25,837.50
"SO - 0001310",Online,WARE-XYS1001,USD,13,13,8,46,3,0.08,2018-07-19,2018-10-22,2018-11-06,2018-11-10,626.45,737.00
"SO - 0001311",In-Store,WARE-UHY1004,USD,5,39,241,40,6,0.05,2018-07-19,2018-10-23,2018-11-07,2018-11-11,146.53,180.90
"SO - 0001312",In-Store,WARE-MKL1006,USD,5,38,351,8,4,0.05,2018-07-19,2018-10-23,2018-10-26,2018-11-02,1662.67,3463.90
"SO - 0001313",In-Store,WARE-XYS1001,USD,7,20,45,18,4,0.08,2018-07-19,2018-10-23,2018-11-04,2018-11-07,85.02,180.90
"SO - 0001314",Online,WARE-NMK1003,USD,13,8,142,20,5,0.08,2018-07-19,2018-10-23,2018-11-03,2018-11-09,777.20,971.50
"SO - 0001315",Online,WARE-NMK1003,USD,16,29,181,36,8,0.05,2018-07-19,2018-10-24,2018-11-13,2018-11-22,1310.32,2472.30
"SO - 0001316",In-Store,WARE-MKL1006,USD,2,7,331,3,5,0.05,2018-07-19,2018-10-24,2018-11-05,2018-11-08,1025.64,2385.20
"SO - 0001317",Online,WARE-NBV1002,USD,16,14,63,4,6,0.15,2018-07-19,2018-10-24,2018-11-08,2018-11-14,150.35,227.80
"SO - 0001318",Distributor,WARE-PUJ1005,USD,20,43,303,21,4,0.05,2018-07-19,2018-10-24,2018-11-18,2018-11-26,1487.40,1983.20
"SO - 0001319",In-Store,WARE-UHY1004,USD,10,34,240,26,3,0.05,2018-07-19,2018-10-24,2018-11-18,2018-11-20,2423.59,3973.10
"SO - 0001320",In-Store,WARE-NBV1002,USD,5,24,82,16,7,0.2,2018-07-19,2018-10-24,2018-11-01,2018-11-04,2120.15,3926.20
"SO - 0001321",Wholesale,WARE-XYS1001,USD,28,29,18,29,7,0.08,2018-07-19,2018-10-24,2018-11-16,2018-11-26,2001.96,2412.00
"SO - 0001322",In-Store,WARE-MKL1006,USD,12,12,335,8,8,0.1,2018-07-19,2018-10-24,2018-11-15,2018-11-23,137.08,207.70
"SO - 0001323",In-Store,WARE-NMK1003,USD,10,1,181,33,6,0.08,2018-07-19,2018-10-24,2018-10-26,2018-11-04,1924.98,3155.70
"SO - 0001324",In-Store,WARE-UHY1004,USD,5,13,247,5,5,0.2,2018-07-19,2018-10-25,2018-11-04,2018-11-10,475.97,991.60
"SO - 0001325",In-Store,WARE-XYS1001,USD,6,48,25,40,6,0.08,2018-07-19,2018-10-25,2018-11-20,2018-11-27,913.14,1185.90
"SO - 0001326",In-Store,WARE-XYS1001,USD,6,3,5,1,8,0.05,2018-07-19,2018-10-25,2018-10-29,2018-11-04,152.76,201.00
"SO - 0001327",Distributor,WARE-MKL1006,USD,23,43,351,37,8,0.1,2018-07-19,2018-10-25,2018-10-29,2018-10-30,834.55,1159.10
"SO - 0001328",In-Store,WARE-NBV1002,USD,8,5,78,11,5,0.3,2018-07-19,2018-10-25,2018-11-16,2018-11-20,1247.00,2653.20
"SO - 0001329",Online,WARE-PUJ1005,USD,14,37,328,29,8,0.2,2018-07-19,2018-10-25,2018-10-31,2018-11-08,1691.15,3932.90
"SO - 0001330",Distributor,WARE-NMK1003,USD,21,14,164,25,7,0.08,2018-07-19,2018-10-25,2018-11-20,2018-11-30,2010.00,2680.00
"SO - 0001331",In-Store,WARE-NBV1002,USD,7,46,63,1,6,0.08,2018-07-19,2018-10-25,2018-11-07,2018-11-13,1836.60,2385.20
"SO - 0001332",In-Store,WARE-NMK1003,USD,5,3,106,30,4,0.05,2018-07-19,2018-10-25,2018-11-18,2018-11-24,1559.76,1949.70
"SO - 0001333",Online,WARE-PUJ1005,USD,18,30,276,18,8,0.05,2018-07-19,2018-10-25,2018-11-06,2018-11-16,489.77,1139.00
"SO - 0001334",In-Store,WARE-PUJ1005,USD,8,25,314,20,8,0.15,2018-07-19,2018-10-25,2018-11-21,2018-12-01,1561.44,2646.50
"SO - 0001335",In-Store,WARE-NMK1003,USD,4,44,94,45,2,0.1,2018-07-19,2018-10-26,2018-11-15,2018-11-25,185.72,221.10
"SO - 0001336",In-Store,WARE-NMK1003,USD,10,23,128,7,4,0.1,2018-07-19,2018-10-26,2018-11-04,2018-11-11,574.06,1025.10
"SO - 0001337",Distributor,WARE-PUJ1005,USD,24,42,319,4,7,0.08,2018-07-19,2018-10-26,2018-11-07,2018-11-16,125.96,268.00
"SO - 0001338",Online,WARE-PUJ1005,USD,19,42,316,46,5,0.4,2018-07-19,2018-10-26,2018-10-28,2018-11-02,912.00,1098.80
"SO - 0001339",In-Store,WARE-NMK1003,USD,5,4,153,29,8,0.15,2018-07-19,2018-10-26,2018-11-06,2018-11-11,1538.86,2653.20
"SO - 0001340",Distributor,WARE-UHY1004,USD,22,30,219,15,4,0.08,2018-07-19,2018-10-26,2018-11-15,2018-11-19,1297.92,2237.80
"SO - 0001341",In-Store,WARE-NBV1002,USD,3,26,70,12,4,0.05,2018-07-19,2018-10-27,2018-11-20,2018-11-30,884.53,1922.90
"SO - 0001342",Online,WARE-MKL1006,USD,17,40,347,28,2,0.05,2018-07-19,2018-10-27,2018-11-15,2018-11-25,4304.08,5380.10
"SO - 0001343",Online,WARE-NMK1003,USD,19,22,95,32,2,0.05,2018-07-19,2018-10-27,2018-11-10,2018-11-19,528.56,1078.70
"SO - 0001344",Online,WARE-XYS1001,USD,19,49,7,36,2,0.1,2018-07-19,2018-10-27,2018-10-30,2018-11-03,1294.64,2271.30
"SO - 0001345",Online,WARE-NMK1003,USD,16,8,119,22,3,0.15,2018-07-19,2018-10-27,2018-11-12,2018-11-15,2846.43,5473.90
"SO - 0001346",In-Store,WARE-UHY1004,USD,1,34,221,28,8,0.08,2018-07-19,2018-10-27,2018-11-21,2018-11-23,1541.67,2371.80
"SO - 0001347",In-Store,WARE-NMK1003,USD,4,35,140,45,7,0.08,2018-07-19,2018-10-27,2018-11-04,2018-11-05,465.18,877.70
"SO - 0001348",Online,WARE-UHY1004,USD,15,37,236,22,6,0.2,2018-07-19,2018-10-27,2018-11-11,2018-11-19,759.78,1688.40
"SO - 0001349",Online,WARE-PUJ1005,USD,15,25,273,47,4,0.08,2018-07-19,2018-10-27,2018-11-09,2018-11-18,710.33,1246.20
"SO - 0001350",Distributor,WARE-PUJ1005,USD,22,50,262,13,6,0.1,2018-07-19,2018-10-28,2018-11-11,2018-11-20,121.94,187.60
"SO - 0001351",In-Store,WARE-NBV1002,USD,5,43,68,12,7,0.05,2018-07-19,2018-10-28,2018-11-13,2018-11-18,712.88,1018.40
"SO - 0001352",Online,WARE-XYS1001,USD,16,9,22,30,3,0.08,2018-07-19,2018-10-28,2018-11-20,2018-11-27,792.07,1721.90
"SO - 0001353",In-Store,WARE-NMK1003,USD,6,34,91,29,6,0.08,2018-07-19,2018-10-28,2018-11-21,2018-11-26,1541.00,3082.00
"SO - 0001354",Distributor,WARE-NBV1002,USD,21,14,73,18,5,0.1,2018-07-19,2018-10-28,2018-11-13,2018-11-16,1346.70,2010.00
"SO - 0001355",Online,WARE-MKL1006,USD,20,44,359,15,6,0.15,2018-07-19,2018-10-29,2018-11-26,2018-11-30,3314.89,3946.30
"SO - 0001356",In-Store,WARE-NBV1002,USD,5,37,66,24,5,0.08,2018-07-19,2018-10-29,2018-11-10,2018-11-16,1132.23,2633.10
"SO - 0001357",In-Store,WARE-UHY1004,USD,4,20,241,39,8,0.1,2018-07-19,2018-10-29,2018-11-13,2018-11-17,1389.31,2894.40
"SO - 0001358",Distributor,WARE-MKL1006,USD,23,5,334,23,8,0.08,2018-07-19,2018-10-29,2018-11-07,2018-11-16,600.99,871.00
"SO - 0001359",In-Store,WARE-NMK1003,USD,6,31,100,9,2,0.05,2018-07-19,2018-10-29,2018-11-02,2018-11-09,548.26,1118.90
"SO - 0001360",Distributor,WARE-NMK1003,USD,25,6,95,33,4,0.15,2018-07-19,2018-10-29,2018-11-24,2018-11-30,1768.13,3048.50
"SO - 0001361",Online,WARE-PUJ1005,USD,19,34,283,8,2,0.1,2018-07-19,2018-10-29,2018-11-03,2018-11-07,1539.86,3276.30
"SO - 0001362",Online,WARE-PUJ1005,USD,13,16,279,44,4,0.2,2018-07-19,2018-10-29,2018-11-16,2018-11-20,520.86,1132.30
"SO - 0001363",Online,WARE-NMK1003,USD,14,5,143,27,5,0.08,2018-07-19,2018-10-29,2018-11-13,2018-11-19,762.19,964.80
"SO - 0001364",In-Store,WARE-XYS1001,USD,8,32,57,25,6,0.15,2018-07-19,2018-10-29,2018-11-23,2018-12-03,155.44,268.00
"SO - 0001365",Distributor,WARE-UHY1004,USD,22,28,210,45,1,0.2,2018-07-19,2018-10-29,2018-11-11,2018-11-12,665.18,978.20
"SO - 0001366",Online,WARE-XYS1001,USD,15,29,45,44,2,0.2,2018-07-19,2018-10-29,2018-11-05,2018-11-08,2672.09,3872.60
"SO - 0001367",Online,WARE-NMK1003,USD,17,43,100,34,1,0.2,2018-07-19,2018-10-30,2018-11-22,2018-11-25,2511.50,2954.70
"SO - 0001368",Online,WARE-PUJ1005,USD,14,47,315,39,1,0.1,2018-07-19,2018-10-30,2018-11-04,2018-11-11,1330.29,2418.70
"SO - 0001369",Wholesale,WARE-UHY1004,USD,26,11,246,4,4,0.15,2018-07-19,2018-10-30,2018-11-13,2018-11-16,953.61,2217.70
"SO - 0001370",Wholesale,WARE-NMK1003,USD,27,8,171,39,3,0.1,2018-07-19,2018-10-30,2018-11-18,2018-11-28,2495.08,3564.40
"SO - 0001371",Distributor,WARE-UHY1004,USD,22,36,208,21,3,0.1,2018-07-19,2018-10-31,2018-11-06,2018-11-10,1468.64,1835.80
"SO - 0001372",Online,WARE-NBV1002,USD,18,41,86,37,7,0.2,2018-07-19,2018-10-31,2018-11-27,2018-11-29,2153.65,2626.40
"SO - 0001373",Online,WARE-XYS1001,USD,15,17,6,11,4,0.08,2018-07-19,2018-10-31,2018-11-04,2018-11-09,1848.80,2532.60
"SO - 0001374",In-Store,WARE-NMK1003,USD,6,43,94,33,8,0.3,2018-07-19,2018-10-31,2018-11-17,2018-11-21,1770.01,2391.90
"SO - 0001375",In-Store,WARE-MKL1006,USD,3,39,350,13,6,0.1,2018-07-19,2018-10-31,2018-11-28,2018-12-05,621.22,817.40
"SO - 0001376",Distributor,WARE-XYS1001,USD,22,20,21,11,5,0.15,2018-07-19,2018-10-31,2018-11-04,2018-11-13,1575.84,3939.60
"SO - 0001377",In-Store,WARE-PUJ1005,USD,9,30,313,8,7,0.08,2018-07-19,2018-10-31,2018-11-27,2018-12-02,1686.73,3182.50
"SO - 0001378",Online,WARE-XYS1001,USD,17,19,30,8,2,0.1,2018-07-19,2018-10-31,2018-11-07,2018-11-11,1279.16,1728.60
"SO - 0001379",Distributor,WARE-PUJ1005,USD,24,27,265,7,3,0.15,2018-07-19,2018-10-31,2018-11-09,2018-11-17,2170.80,2680.00
"SO - 0001380",Distributor,WARE-NMK1003,USD,24,24,99,4,1,0.2,2018-07-19,2018-10-31,2018-11-02,2018-11-05,654.46,991.60
"SO - 0001381",In-Store,WARE-MKL1006,USD,5,30,335,25,8,0.1,2018-07-19,2018-10-31,2018-11-12,2018-11-17,124.75,254.60
"SO - 0001382",In-Store,WARE-XYS1001,USD,1,39,20,25,2,0.15,2018-07-19,2018-10-31,2018-11-11,2018-11-15,2417.63,3899.40
"SO - 0001383",Online,WARE-UHY1004,USD,20,17,220,46,8,0.05,2018-07-19,2018-11-01,2018-11-17,2018-11-18,2736.82,3966.40
"SO - 0001384",In-Store,WARE-NMK1003,USD,3,14,184,2,4,0.05,2018-07-19,2018-11-01,2018-11-13,2018-11-15,1039.84,1299.80
"SO - 0001385",In-Store,WARE-PUJ1005,USD,5,44,322,27,1,0.05,2018-07-19,2018-11-01,2018-11-16,2018-11-26,3158.65,3805.60
"SO - 0001386",Wholesale,WARE-NMK1003,USD,27,13,164,2,2,0.1,2018-07-19,2018-11-01,2018-11-27,2018-12-07,637.57,1045.20
"SO - 0001387",Online,WARE-PUJ1005,USD,18,8,305,40,2,0.15,2018-07-19,2018-11-01,2018-11-03,2018-11-06,1450.42,3021.70
"SO - 0001388",Online,WARE-PUJ1005,USD,20,9,304,23,5,0.08,2018-07-19,2018-11-01,2018-11-09,2018-11-12,216.88,261.30
"SO - 0001389",Distributor,WARE-XYS1001,USD,20,13,26,17,8,0.1,2018-07-19,2018-11-01,2018-11-14,2018-11-24,4944.33,6505.70
"SO - 0001390",Online,WARE-UHY1004,USD,15,9,214,24,7,0.05,2018-07-19,2018-11-01,2018-11-09,2018-11-13,789.39,1835.80
"SO - 0001391",In-Store,WARE-NMK1003,USD,10,27,187,7,8,0.1,2018-07-19,2018-11-01,2018-11-03,2018-11-04,1995.53,3912.80
"SO - 0001392",In-Store,WARE-PUJ1005,USD,12,49,291,36,1,0.1,2018-07-19,2018-11-01,2018-11-08,2018-11-18,1303.02,2505.80
"SO - 0001393",In-Store,WARE-NMK1003,USD,7,20,159,11,2,0.1,2018-07-19,2018-11-01,2018-11-29,2018-12-03,548.86,857.60
"SO - 0001394",In-Store,WARE-MKL1006,USD,5,15,359,4,3,0.3,2018-07-19,2018-11-01,2018-11-22,2018-11-26,762.19,964.80
"SO - 0001395",In-Store,WARE-XYS1001,USD,1,34,53,8,7,0.4,2018-07-19,2018-11-01,2018-11-14,2018-11-18,2334.95,5695.00
"SO - 0001396",Distributor,WARE-UHY1004,USD,23,12,247,28,5,0.08,2018-07-19,2018-11-02,2018-11-25,2018-11-27,753.75,1005.00
"SO - 0001397",Distributor,WARE-UHY1004,USD,24,35,255,13,3,0.05,2018-07-19,2018-11-02,2018-11-06,2018-11-13,1800.49,2338.30
"SO - 0001398",In-Store,WARE-PUJ1005,USD,4,17,270,21,4,0.1,2018-07-19,2018-11-02,2018-11-15,2018-11-24,435.03,1011.70
"SO - 0001399",In-Store,WARE-NMK1003,USD,4,3,183,38,5,0.15,2018-07-19,2018-11-02,2018-11-10,2018-11-14,557.44,857.60
"SO - 0001400",Online,WARE-MKL1006,USD,17,48,363,38,8,0.1,2018-07-19,2018-11-02,2018-11-26,2018-11-27,183.51,221.10
"SO - 0001401",In-Store,WARE-PUJ1005,USD,9,14,314,20,2,0.05,2018-07-19,2018-11-02,2018-11-30,2018-12-01,943.36,1715.20
"SO - 0001402",Online,WARE-NBV1002,USD,17,34,64,45,8,0.08,2018-07-19,2018-11-02,2018-11-06,2018-11-12,1494.64,2264.60
"SO - 0001403",Online,WARE-UHY1004,USD,17,50,244,31,4,0.05,2018-07-19,2018-11-02,2018-11-13,2018-11-23,452.25,1005.00
"SO - 0001404",In-Store,WARE-NMK1003,USD,3,19,102,11,1,0.15,2018-07-19,2018-11-03,2018-11-29,2018-12-05,2211.13,3812.30
"SO - 0001405",In-Store,WARE-PUJ1005,USD,12,19,320,19,2,0.05,2018-07-19,2018-11-03,2018-11-20,2018-11-30,661.29,944.70
"SO - 0001406",Online,WARE-PUJ1005,USD,20,23,270,20,7,0.1,2018-07-19,2018-11-03,2018-11-05,2018-11-14,916.56,1206.00
"SO - 0001407",In-Store,WARE-NMK1003,USD,4,36,145,10,3,0.05,2018-07-19,2018-11-03,2018-11-26,2018-11-30,1816.97,3865.90
"SO - 0001408",In-Store,WARE-XYS1001,USD,4,13,36,46,8,0.05,2018-07-19,2018-11-03,2018-11-13,2018-11-21,2452.40,3892.70
"SO - 0001409",Online,WARE-UHY1004,USD,14,44,227,13,1,0.3,2018-07-19,2018-11-03,2018-11-28,2018-11-29,142.38,167.50
"SO - 0001410",In-Store,WARE-XYS1001,USD,5,40,40,38,2,0.05,2018-07-19,2018-11-03,2018-11-15,2018-11-25,85.02,180.90
"SO - 0001411",Wholesale,WARE-UHY1004,USD,28,24,248,18,2,0.4,2018-07-19,2018-11-03,2018-12-01,2018-12-05,835.22,1815.70
"SO - 0001412",In-Store,WARE-NMK1003,USD,5,7,114,39,5,0.08,2018-07-19,2018-11-03,2018-11-06,2018-11-13,143.72,261.30
"SO - 0001413",In-Store,WARE-XYS1001,USD,2,10,32,46,8,0.08,2018-07-19,2018-11-03,2018-11-18,2018-11-27,619.08,1125.60
"SO - 0001414",Distributor,WARE-UHY1004,USD,25,13,233,15,2,0.05,2018-07-19,2018-11-04,2018-11-10,2018-11-13,797.23,1092.10
"SO - 0001415",Distributor,WARE-NMK1003,USD,20,50,202,14,6,0.1,2018-07-19,2018-11-04,2018-11-23,2018-11-30,3241.46,3953.00
"SO - 0001416",Online,WARE-UHY1004,USD,13,1,213,45,7,0.1,2018-07-19,2018-11-04,2018-11-23,2018-11-25,4372.96,5205.90
"SO - 0001417",Wholesale,WARE-PUJ1005,USD,27,17,309,11,3,0.08,2018-07-19,2018-11-04,2018-11-19,2018-11-28,2213.28,2666.60
"SO - 0001418",Wholesale,WARE-MKL1006,USD,27,36,343,38,4,0.05,2018-07-19,2018-11-04,2018-11-08,2018-11-11,4576.03,5942.90
"SO - 0001419",In-Store,WARE-NBV1002,USD,11,15,78,14,8,0.08,2018-07-19,2018-11-04,2018-11-07,2018-11-10,1181.88,2412.00
"SO - 0001420",Distributor,WARE-XYS1001,USD,25,16,55,43,3,0.05,2018-07-19,2018-11-04,2018-11-29,2018-12-05,813.11,1098.80
"SO - 0001421",Online,WARE-PUJ1005,USD,16,8,263,36,6,0.2,2018-07-19,2018-11-05,2018-11-30,2018-12-10,905.84,1132.30
"SO - 0001422",Distributor,WARE-PUJ1005,USD,24,17,298,12,7,0.05,2018-07-19,2018-11-05,2018-11-22,2018-11-24,1838.35,3604.60
"SO - 0001423",In-Store,WARE-NMK1003,USD,1,24,118,9,3,0.05,2018-07-19,2018-11-05,2018-11-16,2018-11-20,563.81,1025.10
"SO - 0001424",Online,WARE-PUJ1005,USD,16,47,312,38,2,0.08,2018-07-19,2018-11-06,2018-11-28,2018-12-07,844.20,1688.40
"SO - 0001425",In-Store,WARE-PUJ1005,USD,8,2,286,26,2,0.1,2018-07-19,2018-11-06,2018-12-01,2018-12-04,3417.00,4020.00
"SO - 0001426",Distributor,WARE-NMK1003,USD,22,39,141,30,3,0.1,2018-07-19,2018-11-06,2018-11-10,2018-11-12,4186.96,6157.30
"SO - 0001427",In-Store,WARE-UHY1004,USD,3,4,215,38,4,0.2,2018-07-19,2018-11-06,2018-11-28,2018-11-29,1399.50,2499.10
"SO - 0001428",Wholesale,WARE-NMK1003,USD,27,32,137,35,3,0.3,2018-07-19,2018-11-06,2018-11-08,2018-11-18,2060.25,2512.50
"SO - 0001429",In-Store,WARE-NMK1003,USD,12,35,192,30,5,0.05,2018-07-19,2018-11-06,2018-11-25,2018-12-05,978.74,1179.20
"SO - 0001430",Online,WARE-NMK1003,USD,16,39,175,4,7,0.08,2018-07-19,2018-11-06,2018-11-15,2018-11-17,181.30,221.10
"SO - 0001431",Online,WARE-UHY1004,USD,16,21,216,35,8,0.2,2018-07-19,2018-11-07,2018-11-16,2018-11-23,488.83,1018.40
"SO - 0001432",In-Store,WARE-PUJ1005,USD,11,38,285,24,6,0.1,2018-07-19,2018-11-07,2018-11-30,2018-12-01,736.20,1098.80
"SO - 0001433",In-Store,WARE-NMK1003,USD,1,9,120,40,4,0.4,2018-07-19,2018-11-07,2018-11-27,2018-12-01,1819.59,2458.90
"SO - 0001434",Online,WARE-NMK1003,USD,13,47,97,1,1,0.1,2018-07-19,2018-11-07,2018-11-22,2018-11-23,539.75,1018.40
"SO - 0001435",Wholesale,WARE-PUJ1005,USD,26,17,318,16,8,0.3,2018-07-19,2018-11-07,2018-11-22,2018-11-30,1054.92,2244.50
"SO - 0001436",In-Store,WARE-NMK1003,USD,9,4,96,29,2,0.08,2018-07-19,2018-11-07,2018-11-20,2018-11-24,649.50,877.70
"SO - 0001437",In-Store,WARE-NBV1002,USD,9,15,59,3,5,0.15,2018-07-19,2018-11-07,2018-11-21,2018-11-29,2039.95,3999.90
"SO - 0001438",Online,WARE-NBV1002,USD,12,33,59,46,8,0.08,2018-07-19,2018-11-07,2018-11-30,2018-12-03,1784.88,3966.40
"SO - 0001439",Online,WARE-NMK1003,USD,19,9,89,47,1,0.15,2018-07-19,2018-11-07,2018-11-13,2018-11-20,2080.15,2633.10
"SO - 0001440",Online,WARE-NBV1002,USD,13,44,65,20,2,0.4,2018-07-19,2018-11-07,2018-11-10,2018-11-15,960.18,1882.70
"SO - 0001441",In-Store,WARE-NMK1003,USD,4,9,193,26,5,0.05,2018-07-19,2018-11-07,2018-12-02,2018-12-07,1251.29,2720.20
"SO - 0001442",Online,WARE-MKL1006,USD,16,22,353,9,5,0.08,2018-07-19,2018-11-07,2018-12-04,2018-12-12,3541.62,5902.70
"SO - 0001443",Distributor,WARE-NMK1003,USD,23,47,145,33,1,0.05,2018-07-19,2018-11-08,2018-11-27,2018-11-29,455.20,1058.60
"SO - 0001444",Online,WARE-NMK1003,USD,18,24,110,27,3,0.15,2018-07-19,2018-11-08,2018-11-10,2018-11-15,596.97,1085.40
"SO - 0001445",Online,WARE-UHY1004,USD,20,50,247,27,4,0.4,2018-07-19,2018-11-08,2018-12-03,2018-12-04,973.78,2264.60
"SO - 0001446",Distributor,WARE-NBV1002,USD,21,22,85,40,8,0.08,2018-07-19,2018-11-08,2018-11-23,2018-11-26,486.42,810.70
"SO - 0001447",Wholesale,WARE-UHY1004,USD,28,39,255,34,3,0.2,2018-07-19,2018-11-08,2018-11-23,2018-11-30,1612.49,3932.90
"SO - 0001448",In-Store,WARE-NMK1003,USD,8,36,121,37,6,0.05,2018-07-19,2018-11-08,2018-11-26,2018-12-03,3015.00,4020.00
"SO - 0001449",Online,WARE-XYS1001,USD,17,11,18,18,6,0.1,2018-07-19,2018-11-08,2018-11-18,2018-11-26,5487.30,6532.50
"SO - 0001450",Online,WARE-MKL1006,USD,20,9,347,16,2,0.1,2018-07-19,2018-11-08,2018-12-03,2018-12-04,405.22,750.40
"SO - 0001451",In-Store,WARE-NMK1003,USD,9,34,101,32,3,0.08,2018-07-19,2018-11-08,2018-11-15,2018-11-21,777.20,1943.00
"SO - 0001452",Wholesale,WARE-UHY1004,USD,26,50,248,34,8,0.15,2018-07-19,2018-11-08,2018-11-30,2018-12-02,591.95,1038.50
"SO - 0001453",In-Store,WARE-MKL1006,USD,4,39,367,13,8,0.05,2018-07-19,2018-11-09,2018-11-17,2018-11-21,2929.58,3906.10
"SO - 0001454",In-Store,WARE-NMK1003,USD,4,29,140,41,4,0.08,2018-07-19,2018-11-09,2018-11-30,2018-12-07,411.92,777.20
"SO - 0001455",In-Store,WARE-NMK1003,USD,1,20,135,40,4,0.05,2018-07-19,2018-11-09,2018-11-21,2018-11-30,1032.87,2519.20
"SO - 0001456",Wholesale,WARE-NMK1003,USD,26,14,169,12,3,0.1,2018-07-19,2018-11-09,2018-11-18,2018-11-27,2713.70,3932.90
"SO - 0001457",Distributor,WARE-PUJ1005,USD,23,39,264,45,6,0.05,2018-07-19,2018-11-09,2018-11-27,2018-11-29,685.34,1293.10
"SO - 0001458",In-Store,WARE-NMK1003,USD,6,12,94,12,8,0.3,2018-07-19,2018-11-09,2018-11-11,2018-11-17,435.03,1011.70
"SO - 0001459",Wholesale,WARE-PUJ1005,USD,28,35,321,26,6,0.05,2018-07-19,2018-11-09,2018-11-12,2018-11-22,150.08,187.60
"SO - 0001460",Distributor,WARE-PUJ1005,USD,24,31,287,40,6,0.05,2018-07-19,2018-11-09,2018-11-28,2018-12-06,1843.91,2525.90
"SO - 0001461",Wholesale,WARE-NMK1003,USD,28,10,171,15,7,0.05,2018-07-19,2018-11-10,2018-11-28,2018-12-04,2859.56,5199.20
"SO - 0001462",In-Store,WARE-XYS1001,USD,5,48,47,47,5,0.1,2018-07-19,2018-11-10,2018-11-25,2018-12-01,2720.74,5038.40
"SO - 0001463",Online,WARE-NBV1002,USD,18,41,73,2,2,0.08,2018-07-19,2018-11-10,2018-11-21,2018-11-24,620.62,1051.90
"SO - 0001464",Online,WARE-NMK1003,USD,12,34,90,16,8,0.05,2018-07-19,2018-11-10,2018-11-19,2018-11-24,1194.01,1681.70
"SO - 0001465",In-Store,WARE-MKL1006,USD,3,4,366,8,6,0.05,2018-07-19,2018-11-10,2018-11-30,2018-12-04,786.51,1829.10
"SO - 0001466",Online,WARE-XYS1001,USD,14,24,6,32,5,0.4,2018-07-19,2018-11-10,2018-11-21,2018-11-26,715.23,1172.50
"SO - 0001467",In-Store,WARE-NMK1003,USD,1,5,121,23,6,0.05,2018-07-19,2018-11-10,2018-11-21,2018-11-23,2543.32,6358.30
"SO - 0001468",Online,WARE-PUJ1005,USD,12,33,262,40,1,0.08,2018-07-19,2018-11-10,2018-11-22,2018-11-24,787.92,984.90
"SO - 0001469",Distributor,WARE-NMK1003,USD,21,39,106,24,4,0.05,2018-07-19,2018-11-10,2018-11-15,2018-11-23,1899.45,2532.60
"SO - 0001470",Distributor,WARE-NMK1003,USD,24,23,117,22,7,0.05,2018-07-19,2018-11-10,2018-11-26,2018-12-01,785.64,958.10
"SO - 0001471",In-Store,WARE-XYS1001,USD,11,1,55,8,1,0.08,2018-07-19,2018-11-10,2018-11-29,2018-12-04,2304.60,3906.10
"SO - 0001472",In-Store,WARE-NMK1003,USD,10,27,119,45,4,0.1,2018-07-19,2018-11-10,2018-12-05,2018-12-08,1893.29,2666.60
"SO - 0001473",In-Store,WARE-NMK1003,USD,8,31,176,37,7,0.4,2018-07-19,2018-11-11,2018-12-06,2018-12-07,1785.55,2747.00
"SO - 0001474",Online,WARE-MKL1006,USD,20,44,340,44,1,0.05,2018-07-19,2018-11-11,2018-11-24,2018-12-01,529.30,1058.60
"SO - 0001475",Online,WARE-XYS1001,USD,18,16,15,6,5,0.15,2018-07-19,2018-11-11,2018-11-28,2018-12-07,940.68,1306.50
"SO - 0001476",Online,WARE-PUJ1005,USD,13,15,281,13,4,0.05,2018-07-19,2018-11-11,2018-12-02,2018-12-04,1543.68,2572.80
"SO - 0001477",Online,WARE-XYS1001,USD,17,31,28,31,3,0.1,2018-07-19,2018-11-11,2018-12-08,2018-12-10,787.92,1125.60
"SO - 0001478",Wholesale,WARE-UHY1004,USD,28,19,232,10,7,0.3,2018-07-19,2018-11-11,2018-11-18,2018-11-28,692.51,911.20
"SO - 0001479",In-Store,WARE-UHY1004,USD,8,28,253,37,1,0.08,2018-07-19,2018-11-11,2018-11-30,2018-12-02,688.02,1092.10
"SO - 0001480",In-Store,WARE-PUJ1005,USD,7,32,286,45,7,0.4,2018-07-19,2018-11-11,2018-11-25,2018-12-03,1417.99,1916.20
"SO - 0001481",In-Store,WARE-NMK1003,USD,4,33,149,39,7,0.08,2018-07-19,2018-11-11,2018-12-07,2018-12-14,4044.66,5252.80
"SO - 0001482",In-Store,WARE-PUJ1005,USD,1,8,279,14,2,0.1,2018-07-19,2018-11-11,2018-12-05,2018-12-12,121.20,180.90
"SO - 0001483",Online,WARE-NBV1002,USD,19,35,64,4,2,0.1,2018-07-19,2018-11-12,2018-11-26,2018-12-02,2763.82,3892.70
"SO - 0001484",Wholesale,WARE-MKL1006,USD,26,48,344,39,4,0.15,2018-07-19,2018-11-12,2018-11-25,2018-11-28,180.97,247.90
"SO - 0001485",In-Store,WARE-NMK1003,USD,1,39,119,9,6,0.05,2018-07-19,2018-11-12,2018-11-26,2018-12-02,2707.07,3658.20
"SO - 0001486",Distributor,WARE-XYS1001,USD,22,48,26,25,7,0.05,2018-07-19,2018-11-12,2018-12-08,2018-12-15,3712.07,6512.40
"SO - 0001487",In-Store,WARE-NMK1003,USD,5,8,110,31,5,0.05,2018-07-19,2018-11-12,2018-11-20,2018-11-21,815.12,1031.80
"SO - 0001488",In-Store,WARE-UHY1004,USD,7,16,239,23,7,0.05,2018-07-19,2018-11-12,2018-11-30,2018-12-05,1527.33,1862.60
"SO - 0001489",Distributor,WARE-NBV1002,USD,23,37,60,10,1,0.1,2018-07-19,2018-11-12,2018-12-10,2018-12-19,1206.20,2365.10
"SO - 0001490",In-Store,WARE-PUJ1005,USD,9,13,323,27,3,0.4,2018-07-19,2018-11-13,2018-11-23,2018-11-27,190.55,241.20
"SO - 0001491",In-Store,WARE-NBV1002,USD,1,48,60,19,5,0.08,2018-07-19,2018-11-13,2018-11-24,2018-11-30,693.45,1005.00
"SO - 0001492",Online,WARE-NMK1003,USD,18,48,160,39,8,0.3,2018-07-19,2018-11-13,2018-12-04,2018-12-12,500.49,1112.20
"SO - 0001493",In-Store,WARE-MKL1006,USD,3,43,341,28,7,0.05,2018-07-19,2018-11-13,2018-11-26,2018-11-27,522.60,1045.20
"SO - 0001494",In-Store,WARE-NMK1003,USD,12,46,172,18,1,0.05,2018-07-19,2018-11-13,2018-11-18,2018-11-25,136.01,234.50
"SO - 0001495",In-Store,WARE-MKL1006,USD,3,10,363,12,5,0.05,2018-07-19,2018-11-13,2018-11-22,2018-11-27,1695.64,2231.10
"SO - 0001496",Online,WARE-NMK1003,USD,12,47,159,32,2,0.05,2018-07-19,2018-11-13,2018-11-27,2018-12-05,2729.04,4013.30
"SO - 0001497",Online,WARE-PUJ1005,USD,16,6,282,8,2,0.08,2018-07-19,2018-11-13,2018-11-19,2018-11-25,780.89,1735.30
"SO - 0001498",Online,WARE-PUJ1005,USD,17,40,262,28,3,0.1,2018-07-19,2018-11-14,2018-12-08,2018-12-16,1522.51,2003.30
"SO - 0001499",In-Store,WARE-NBV1002,USD,5,37,76,6,2,0.1,2018-07-19,2018-11-14,2018-12-11,2018-12-13,171.19,234.50
"SO - 0001500",Online,WARE-NBV1002,USD,18,47,61,37,1,0.15,2018-07-19,2018-11-14,2018-11-29,2018-12-04,1308.18,1842.50
"SO - 0001501",In-Store,WARE-UHY1004,USD,6,23,243,46,7,0.08,2018-07-19,2018-11-14,2018-11-30,2018-12-05,697.87,1125.60
"SO - 0001502",In-Store,WARE-MKL1006,USD,10,46,362,3,4,0.08,2018-07-19,2018-11-14,2018-12-01,2018-12-02,947.05,1721.90
"SO - 0001503",In-Store,WARE-PUJ1005,USD,3,9,284,12,6,0.05,2018-07-19,2018-11-14,2018-12-06,2018-12-15,584.31,1025.10
"SO - 0001504",Online,WARE-UHY1004,USD,13,25,209,1,5,0.05,2018-07-19,2018-11-14,2018-11-23,2018-11-27,1184.02,2519.20
"SO - 0001505",Wholesale,WARE-NMK1003,USD,27,19,141,35,2,0.1,2018-07-19,2018-11-14,2018-12-01,2018-12-03,2500.11,2941.30
"SO - 0001506",Online,WARE-NMK1003,USD,15,30,102,34,5,0.05,2018-07-19,2018-11-14,2018-12-05,2018-12-07,527.42,1098.80
"SO - 0001507",Online,WARE-PUJ1005,USD,20,2,281,32,3,0.05,2018-07-19,2018-11-14,2018-11-27,2018-12-06,2520.88,5862.50
"SO - 0001508",Distributor,WARE-NMK1003,USD,21,18,88,37,7,0.05,2018-07-19,2018-11-14,2018-12-08,2018-12-16,2653.00,3959.70
"SO - 0001509",In-Store,WARE-UHY1004,USD,10,37,257,22,5,0.05,2018-07-19,2018-11-15,2018-12-03,2018-12-13,1423.08,2412.00
"SO - 0001510",In-Store,WARE-UHY1004,USD,1,4,224,30,1,0.08,2018-07-19,2018-11-15,2018-11-18,2018-11-22,780.15,951.40
"SO - 0001511",Online,WARE-NBV1002,USD,12,12,69,1,7,0.1,2018-07-19,2018-11-15,2018-12-13,2018-12-22,3125.95,3859.20
"SO - 0001512",Wholesale,WARE-MKL1006,USD,27,4,353,40,6,0.05,2018-07-19,2018-11-15,2018-12-08,2018-12-14,560.39,1098.80
"SO - 0001513",Online,WARE-PUJ1005,USD,16,42,300,15,1,0.08,2018-07-19,2018-11-15,2018-11-28,2018-12-01,594.56,1165.80
"SO - 0001514",Distributor,WARE-UHY1004,USD,24,11,243,15,3,0.2,2018-07-19,2018-11-16,2018-12-02,2018-12-06,3575.66,6385.10
"SO - 0001515",Online,WARE-XYS1001,USD,20,39,26,23,2,0.05,2018-07-19,2018-11-16,2018-11-28,2018-11-30,1237.69,2525.90
"SO - 0001516",In-Store,WARE-NMK1003,USD,2,49,171,5,8,0.05,2018-07-19,2018-11-16,2018-12-04,2018-12-11,2329.99,3236.10
"SO - 0001517",Distributor,WARE-XYS1001,USD,21,40,37,37,7,0.08,2018-07-19,2018-11-16,2018-12-10,2018-12-18,1620.86,3859.20
"SO - 0001518",In-Store,WARE-UHY1004,USD,7,25,243,17,2,0.05,2018-07-19,2018-11-16,2018-11-29,2018-12-05,145.39,207.70
"SO - 0001519",In-Store,WARE-PUJ1005,USD,5,35,286,7,6,0.08,2018-07-19,2018-11-16,2018-12-03,2018-12-11,1076.02,1956.40
"SO - 0001520",In-Store,WARE-NMK1003,USD,3,14,168,44,3,0.2,2018-07-19,2018-11-16,2018-12-04,2018-12-06,1599.29,2579.50
"SO - 0001521",In-Store,WARE-XYS1001,USD,11,5,4,4,6,0.05,2018-07-19,2018-11-16,2018-11-19,2018-11-26,724.40,1065.30
"SO - 0001522",In-Store,WARE-NMK1003,USD,2,17,195,12,8,0.1,2018-07-19,2018-11-16,2018-12-06,2018-12-07,2710.82,3872.60
"SO - 0001523",Online,WARE-UHY1004,USD,12,13,225,20,5,0.15,2018-07-19,2018-11-16,2018-11-22,2018-11-26,4234.67,6137.20
"SO - 0001524",Online,WARE-PUJ1005,USD,13,22,317,29,1,0.15,2018-07-19,2018-11-17,2018-11-20,2018-11-26,808.69,951.40
"SO - 0001525",In-Store,WARE-NMK1003,USD,9,17,116,36,6,0.08,2018-07-19,2018-11-17,2018-12-07,2018-12-10,1999.82,2438.80
"SO - 0001526",Online,WARE-NMK1003,USD,18,33,103,17,5,0.05,2018-07-19,2018-11-17,2018-11-26,2018-12-05,667.86,1192.60
"SO - 0001527",Distributor,WARE-UHY1004,USD,23,22,226,43,2,0.2,2018-07-19,2018-11-17,2018-11-24,2018-11-29,4844.30,6291.30
"SO - 0001528",In-Store,WARE-NMK1003,USD,2,43,135,46,7,0.08,2018-07-19,2018-11-17,2018-11-23,2018-11-30,1944.94,2525.90
"SO - 0001529",Online,WARE-NMK1003,USD,13,24,200,29,5,0.08,2018-07-19,2018-11-18,2018-12-08,2018-12-12,906.11,1313.20
"SO - 0001530",Online,WARE-UHY1004,USD,19,23,234,19,8,0.15,2018-07-19,2018-11-18,2018-12-10,2018-12-13,705.51,871.00
"SO - 0001531",Online,WARE-UHY1004,USD,19,32,241,15,1,0.08,2018-07-19,2018-11-18,2018-12-09,2018-12-17,2174.15,3953.00
"SO - 0001532",In-Store,WARE-XYS1001,USD,1,34,56,18,8,0.2,2018-07-19,2018-11-18,2018-11-24,2018-11-29,1708.43,3973.10
"SO - 0001533",In-Store,WARE-UHY1004,USD,8,50,253,37,4,0.15,2018-07-19,2018-11-18,2018-12-02,2018-12-08,4534.56,6298.00
"SO - 0001534",In-Store,WARE-MKL1006,USD,10,2,347,44,3,0.08,2018-07-19,2018-11-18,2018-12-09,2018-12-10,561.73,877.70
"SO - 0001535",Online,WARE-PUJ1005,USD,18,28,284,37,8,0.08,2018-07-19,2018-11-18,2018-11-21,2018-11-28,430.54,844.20
"SO - 0001536",Online,WARE-MKL1006,USD,14,3,347,46,7,0.05,2018-07-19,2018-11-18,2018-12-12,2018-12-22,2977.21,6472.20
"SO - 0001537",In-Store,WARE-XYS1001,USD,5,31,55,11,1,0.05,2018-07-19,2018-11-18,2018-12-08,2018-12-10,1993.25,3986.50
"SO - 0001538",Wholesale,WARE-NMK1003,USD,26,9,111,10,7,0.05,2018-07-19,2018-11-18,2018-11-27,2018-11-29,3354.29,3993.20
"SO - 0001539",In-Store,WARE-PUJ1005,USD,8,25,267,19,2,0.05,2018-07-19,2018-11-18,2018-12-16,2018-12-17,3048.50,6097.00
"SO - 0001540",Online,WARE-NMK1003,USD,19,23,93,3,5,0.08,2018-07-19,2018-11-19,2018-12-10,2018-12-12,780.15,1098.80
"SO - 0001541",In-Store,WARE-MKL1006,USD,12,50,350,14,8,0.05,2018-07-19,2018-11-19,2018-12-07,2018-12-10,2697.15,3966.40
"SO - 0001542",In-Store,WARE-MKL1006,USD,8,30,350,10,8,0.05,2018-07-19,2018-11-19,2018-11-23,2018-12-02,1537.65,1809.00
"SO - 0001543",In-Store,WARE-PUJ1005,USD,5,38,312,46,1,0.15,2018-07-19,2018-11-19,2018-12-09,2018-12-12,1785.22,2445.50
"SO - 0001544",In-Store,WARE-MKL1006,USD,4,15,332,41,7,0.1,2018-07-19,2018-11-19,2018-11-24,2018-11-26,4744.27,6499.00
"SO - 0001545",Wholesale,WARE-NBV1002,USD,26,45,70,30,6,0.08,2018-07-19,2018-11-19,2018-12-14,2018-12-24,844.20,2010.00
"SO - 0001546",In-Store,WARE-MKL1006,USD,4,43,341,4,2,0.08,2018-07-19,2018-11-19,2018-11-25,2018-12-01,2012.61,3946.30
"SO - 0001547",Distributor,WARE-XYS1001,USD,21,17,42,45,8,0.1,2018-07-19,2018-11-19,2018-11-29,2018-11-30,1220.47,1768.80
"SO - 0001548",Online,WARE-PUJ1005,USD,15,44,291,23,4,0.1,2018-07-19,2018-11-19,2018-11-29,2018-12-04,1128.95,2257.90
"SO - 0001549",Distributor,WARE-PUJ1005,USD,22,26,268,17,3,0.08,2018-07-19,2018-11-20,2018-11-24,2018-11-28,222.11,261.30
"SO - 0001550",Distributor,WARE-MKL1006,USD,24,11,343,26,8,0.08,2018-07-19,2018-11-20,2018-11-22,2018-11-25,2141.86,3966.40
"SO - 0001551",Distributor,WARE-NMK1003,USD,25,45,169,40,1,0.08,2018-07-19,2018-11-20,2018-12-11,2018-12-12,1452.23,1708.50
"SO - 0001552",In-Store,WARE-MKL1006,USD,6,25,334,47,3,0.08,2018-07-19,2018-11-20,2018-12-06,2018-12-07,195.64,268.00
"SO - 0001553",Online,WARE-NBV1002,USD,16,50,63,18,1,0.05,2018-07-19,2018-11-20,2018-12-02,2018-12-07,2786.87,5929.50
"SO - 0001554",In-Store,WARE-NMK1003,USD,9,2,183,45,7,0.05,2018-07-19,2018-11-20,2018-12-16,2018-12-19,495.26,1125.60
"SO - 0001555",Online,WARE-NMK1003,USD,15,49,138,30,3,0.05,2018-07-19,2018-11-21,2018-12-17,2018-12-23,722.93,871.00
"SO - 0001556",Online,WARE-UHY1004,USD,14,43,220,5,8,0.3,2018-07-19,2018-11-21,2018-12-02,2018-12-10,2038.14,3919.50
"SO - 0001557",In-Store,WARE-XYS1001,USD,4,15,14,4,2,0.3,2018-07-19,2018-11-21,2018-12-08,2018-12-17,475.70,670.00
"SO - 0001558",In-Store,WARE-NMK1003,USD,8,11,128,5,4,0.08,2018-07-19,2018-11-21,2018-11-29,2018-11-30,1031.80,1876.00
"SO - 0001559",Online,WARE-PUJ1005,USD,15,23,268,25,2,0.08,2018-07-19,2018-11-21,2018-12-05,2018-12-09,835.76,1989.90
"SO - 0001560",Wholesale,WARE-XYS1001,USD,26,35,29,28,5,0.08,2018-07-19,2018-11-21,2018-11-28,2018-12-03,1266.30,1809.00
"SO - 0001561",Distributor,WARE-NMK1003,USD,23,15,88,13,2,0.08,2018-07-19,2018-11-21,2018-12-13,2018-12-18,3023.04,5038.40
"SO - 0001562",Online,WARE-XYS1001,USD,17,49,25,37,3,0.05,2018-07-19,2018-11-21,2018-12-12,2018-12-15,1394.94,2324.90
"SO - 0001563",Distributor,WARE-PUJ1005,USD,23,10,307,3,1,0.05,2018-07-19,2018-11-21,2018-12-19,2018-12-27,1810.21,2291.40
"SO - 0001564",Distributor,WARE-NBV1002,USD,23,33,75,24,7,0.3,2018-07-19,2018-11-21,2018-12-07,2018-12-15,823.03,991.60
"SO - 0001565",Online,WARE-PUJ1005,USD,13,3,285,9,4,0.08,2018-07-19,2018-11-21,2018-12-01,2018-12-08,791.14,1098.80
"SO - 0001566",In-Store,WARE-MKL1006,USD,6,44,359,11,6,0.2,2018-07-19,2018-11-22,2018-12-02,2018-12-08,2387.21,3410.30
"SO - 0001567",Online,WARE-PUJ1005,USD,20,3,294,14,1,0.15,2018-07-19,2018-11-22,2018-12-09,2018-12-14,457.88,683.40
"SO - 0001568",In-Store,WARE-NMK1003,USD,2,25,177,11,8,0.08,2018-07-19,2018-11-22,2018-12-17,2018-12-25,678.04,1695.10
"SO - 0001569",Wholesale,WARE-UHY1004,USD,28,24,251,1,7,0.15,2018-07-19,2018-11-22,2018-11-28,2018-12-08,109.75,261.30
"SO - 0001570",Distributor,WARE-NMK1003,USD,22,6,102,2,6,0.1,2018-07-19,2018-11-22,2018-12-12,2018-12-14,1956.40,3912.80
"SO - 0001571",Online,WARE-XYS1001,USD,20,5,30,16,5,0.08,2018-07-19,2018-11-22,2018-12-13,2018-12-22,891.17,1896.10
"SO - 0001572",In-Store,WARE-NMK1003,USD,11,19,125,46,6,0.3,2018-07-19,2018-11-22,2018-12-10,2018-12-20,749.66,1118.90
"SO - 0001573",In-Store,WARE-NMK1003,USD,10,3,89,21,4,0.1,2018-07-19,2018-11-22,2018-12-20,2018-12-29,698.94,1092.10
"SO - 0001574",In-Store,WARE-NMK1003,USD,5,49,161,7,6,0.3,2018-07-19,2018-11-22,2018-12-05,2018-12-13,910.06,1936.30
"SO - 0001575",In-Store,WARE-NMK1003,USD,8,50,122,7,6,0.08,2018-07-19,2018-11-22,2018-12-01,2018-12-07,1211.43,1922.90
"SO - 0001576",In-Store,WARE-UHY1004,USD,11,29,236,21,7,0.15,2018-07-19,2018-11-23,2018-12-01,2018-12-05,2538.97,3906.10
"SO - 0001577",In-Store,WARE-NMK1003,USD,8,1,158,28,2,0.05,2018-07-19,2018-11-23,2018-12-10,2018-12-15,365.35,891.10
"SO - 0001578",Distributor,WARE-PUJ1005,USD,20,31,309,11,6,0.1,2018-07-19,2018-11-23,2018-12-08,2018-12-11,2658.56,3323.20
"SO - 0001579",In-Store,WARE-NMK1003,USD,1,38,171,24,1,0.08,2018-07-19,2018-11-23,2018-12-16,2018-12-24,670.00,1675.00
"SO - 0001580",In-Store,WARE-NMK1003,USD,12,20,165,40,8,0.05,2018-07-19,2018-11-23,2018-12-09,2018-12-12,567.96,1159.10
"SO - 0001581",Distributor,WARE-UHY1004,USD,20,29,229,9,1,0.05,2018-07-19,2018-11-23,2018-12-20,2018-12-21,820.42,1038.50
"SO - 0001582",In-Store,WARE-UHY1004,USD,3,9,247,12,2,0.08,2018-07-19,2018-11-23,2018-11-26,2018-12-02,1410.02,2311.50
"SO - 0001583",In-Store,WARE-MKL1006,USD,1,34,367,14,8,0.15,2018-07-19,2018-11-23,2018-12-04,2018-12-11,1435.94,2519.20
"SO - 0001584",In-Store,WARE-XYS1001,USD,5,11,14,4,3,0.2,2018-07-19,2018-11-23,2018-11-26,2018-12-04,78.79,187.60
"SO - 0001585",In-Store,WARE-NMK1003,USD,9,30,202,40,5,0.05,2018-07-19,2018-11-23,2018-12-01,2018-12-09,1432.73,1989.90
"SO - 0001586",Wholesale,WARE-XYS1001,USD,28,43,20,15,5,0.08,2018-07-19,2018-11-23,2018-12-13,2018-12-21,3091.11,3912.80
"SO - 0001587",Online,WARE-UHY1004,USD,17,28,224,2,5,0.08,2018-07-19,2018-11-24,2018-11-29,2018-12-02,4215.64,6485.60
"SO - 0001588",Wholesale,WARE-NBV1002,USD,26,49,63,8,7,0.1,2018-07-19,2018-11-24,2018-12-16,2018-12-17,4557.07,5842.40
"SO - 0001589",In-Store,WARE-NMK1003,USD,3,19,182,41,2,0.4,2018-07-19,2018-11-25,2018-11-28,2018-12-02,4343.88,5641.40
"SO - 0001590",Distributor,WARE-NMK1003,USD,22,32,165,36,7,0.05,2018-07-19,2018-11-25,2018-12-14,2018-12-21,124.62,201.00
"SO - 0001591",In-Store,WARE-MKL1006,USD,1,7,364,31,7,0.08,2018-07-19,2018-11-25,2018-12-23,2018-12-26,1578.52,3946.30
"SO - 0001592",Distributor,WARE-UHY1004,USD,21,37,221,45,7,0.08,2018-07-19,2018-11-25,2018-12-01,2018-12-02,2051.47,3061.90
"SO - 0001593",Online,WARE-PUJ1005,USD,19,36,276,45,3,0.1,2018-07-19,2018-11-25,2018-12-03,2018-12-04,2087.99,3939.60
"SO - 0001594",In-Store,WARE-NMK1003,USD,9,44,105,17,2,0.05,2018-07-19,2018-11-25,2018-12-18,2018-12-25,73.70,167.50
"SO - 0001595",Distributor,WARE-MKL1006,USD,23,41,331,19,6,0.2,2018-07-19,2018-11-25,2018-12-17,2018-12-25,538.01,978.20
"SO - 0001596",In-Store,WARE-PUJ1005,USD,4,34,311,5,6,0.05,2018-07-19,2018-11-26,2018-12-17,2018-12-26,127.30,254.60
"SO - 0001597",In-Store,WARE-NMK1003,USD,8,14,120,23,5,0.08,2018-07-19,2018-11-26,2018-11-29,2018-12-09,2672.36,3611.30
"SO - 0001598",In-Store,WARE-PUJ1005,USD,12,23,318,6,8,0.05,2018-07-19,2018-11-26,2018-12-24,2018-12-26,209.04,261.30
"SO - 0001599",In-Store,WARE-NMK1003,USD,4,30,188,15,1,0.08,2018-07-19,2018-11-26,2018-12-16,2018-12-25,862.89,1065.30
"SO - 0001600",Distributor,WARE-NBV1002,USD,24,4,78,11,3,0.1,2018-07-19,2018-11-26,2018-12-21,2018-12-22,2575.88,5480.60
"SO - 0001601",Online,WARE-PUJ1005,USD,13,6,326,41,7,0.08,2018-07-19,2018-11-26,2018-12-10,2018-12-20,2033.12,3986.50
"SO - 0001602",In-Store,WARE-NMK1003,USD,1,48,179,42,7,0.05,2018-07-19,2018-11-26,2018-12-21,2018-12-27,4248.54,6157.30
"SO - 0001603",In-Store,WARE-MKL1006,USD,7,13,362,24,3,0.05,2018-07-19,2018-11-26,2018-12-24,2018-12-25,2869.48,3457.20
"SO - 0001604",In-Store,WARE-XYS1001,USD,1,44,11,21,2,0.1,2018-07-19,2018-11-26,2018-12-17,2018-12-25,3082.27,5815.60
"SO - 0001605",Online,WARE-MKL1006,USD,20,29,357,8,8,0.1,2018-07-19,2018-11-26,2018-12-23,2018-12-29,1346.70,2244.50
"SO - 0001606",In-Store,WARE-PUJ1005,USD,3,10,312,27,6,0.05,2018-07-19,2018-11-26,2018-12-23,2018-12-25,720.79,1092.10
"SO - 0001607",Online,WARE-NMK1003,USD,16,44,106,5,8,0.05,2018-07-19,2018-11-27,2018-12-24,2018-12-25,1999.95,2666.60
"SO - 0001608",In-Store,WARE-NBV1002,USD,11,11,76,45,1,0.1,2018-07-19,2018-11-27,2018-12-02,2018-12-09,1873.66,3986.50
"SO - 0001609",Online,WARE-NMK1003,USD,18,16,163,45,1,0.05,2018-07-19,2018-11-27,2018-12-21,2018-12-25,1529.28,1842.50
"SO - 0001610",Online,WARE-UHY1004,USD,15,3,252,20,5,0.05,2018-07-19,2018-11-27,2018-12-23,2018-12-29,4271.65,5085.30
"SO - 0001611",Distributor,WARE-NMK1003,USD,25,23,104,8,2,0.3,2018-07-19,2018-11-27,2018-12-13,2018-12-20,1264.42,2257.90
"SO - 0001612",Wholesale,WARE-MKL1006,USD,26,17,355,6,5,0.05,2018-07-19,2018-11-27,2018-12-19,2018-12-20,2490.39,3953.00
"SO - 0001613",In-Store,WARE-NBV1002,USD,2,32,68,25,7,0.05,2018-07-19,2018-11-27,2018-12-08,2018-12-16,743.50,917.90
"SO - 0001614",In-Store,WARE-UHY1004,USD,10,19,241,28,4,0.1,2018-07-19,2018-11-28,2018-12-13,2018-12-14,376.27,723.60
"SO - 0001615",Online,WARE-XYS1001,USD,12,47,19,1,3,0.15,2018-07-19,2018-11-28,2018-12-26,2019-01-03,1431.12,3577.80
"SO - 0001616",Online,WARE-PUJ1005,USD,20,37,322,28,8,0.1,2018-07-19,2018-11-28,2018-12-01,2018-12-02,1393.60,1742.00
"SO - 0001617",Online,WARE-XYS1001,USD,20,4,21,14,5,0.05,2018-07-19,2018-11-28,2018-12-14,2018-12-21,99.16,247.90
"SO - 0001618",In-Store,WARE-NMK1003,USD,1,18,179,2,1,0.1,2018-07-19,2018-11-28,2018-11-30,2018-12-09,1162.99,1762.10
"SO - 0001619",Wholesale,WARE-NMK1003,USD,25,20,174,33,8,0.08,2018-07-19,2018-11-28,2018-12-24,2019-01-02,624.71,991.60
"SO - 0001620",Distributor,WARE-XYS1001,USD,24,29,41,36,5,0.05,2018-07-19,2018-11-28,2018-12-04,2018-12-06,713.75,1065.30
"SO - 0001621",Distributor,WARE-XYS1001,USD,21,13,37,17,6,0.15,2018-07-19,2018-11-28,2018-12-24,2018-12-30,772.11,1152.40
"SO - 0001622",Online,WARE-NMK1003,USD,14,47,134,23,8,0.08,2018-07-19,2018-11-28,2018-12-24,2018-12-26,2448.18,2914.50
"SO - 0001623",In-Store,WARE-XYS1001,USD,2,21,20,38,1,0.1,2018-07-19,2018-11-28,2018-11-30,2018-12-01,2619.70,5239.40
"SO - 0001624",In-Store,WARE-MKL1006,USD,3,15,354,23,2,0.3,2018-07-19,2018-11-29,2018-12-17,2018-12-22,968.15,1139.00
"SO - 0001625",In-Store,WARE-MKL1006,USD,1,47,365,20,4,0.08,2018-07-19,2018-11-29,2018-12-24,2018-12-29,1688.40,2010.00
"SO - 0001626",Distributor,WARE-UHY1004,USD,21,36,211,39,3,0.08,2018-07-19,2018-11-29,2018-12-20,2018-12-30,734.45,1165.80
"SO - 0001627",In-Store,WARE-XYS1001,USD,2,47,2,19,7,0.1,2018-10-27,2018-11-29,2018-12-10,2018-12-12,3009.37,3959.70
"SO - 0001628",In-Store,WARE-UHY1004,USD,4,25,228,3,6,0.05,2018-10-27,2018-11-29,2018-12-24,2018-12-25,2001.69,2599.60
"SO - 0001629",In-Store,WARE-PUJ1005,USD,8,17,275,46,7,0.05,2018-07-19,2018-11-29,2018-12-03,2018-12-06,1254.24,2787.20
"SO - 0001630",In-Store,WARE-NMK1003,USD,9,41,143,34,1,0.05,2018-07-19,2018-11-29,2018-12-25,2018-12-28,563.81,1025.10
"SO - 0001631",Online,WARE-UHY1004,USD,19,4,209,17,3,0.3,2018-07-19,2018-11-29,2018-12-18,2018-12-24,2900.43,3919.50
"SO - 0001632",Online,WARE-NBV1002,USD,14,5,60,17,5,0.2,2018-07-19,2018-11-29,2018-12-24,2018-12-29,1597.28,3993.20
"SO - 0001633",Online,WARE-UHY1004,USD,16,36,246,29,5,0.15,2018-07-19,2018-11-30,2018-12-27,2018-12-30,4251.08,6344.90
"SO - 0001634",Online,WARE-NBV1002,USD,16,11,78,18,1,0.08,2018-07-19,2018-11-30,2018-12-16,2018-12-22,898.87,1152.40
"SO - 0001635",In-Store,WARE-UHY1004,USD,4,19,218,44,8,0.05,2018-07-19,2018-11-30,2018-12-26,2019-01-05,2675.44,3993.20
"SO - 0001636",Distributor,WARE-PUJ1005,USD,23,39,313,18,2,0.1,2018-07-19,2018-11-30,2018-12-21,2018-12-27,182.24,268.00
"SO - 0001637",Wholesale,WARE-NMK1003,USD,28,11,203,35,4,0.08,2018-07-19,2018-11-30,2018-12-09,2018-12-10,3610.56,5232.70
"SO - 0001638",Online,WARE-MKL1006,USD,13,17,355,30,2,0.08,2018-07-19,2018-11-30,2018-12-25,2019-01-04,1430.05,2465.60
"SO - 0001639",Distributor,WARE-NMK1003,USD,23,14,138,16,1,0.15,2018-07-19,2018-11-30,2018-12-27,2019-01-04,437.91,1018.40
"SO - 0001640",Distributor,WARE-UHY1004,USD,23,25,230,40,1,0.4,2018-07-19,2018-12-01,2018-12-18,2018-12-27,2168.79,2613.00
"SO - 0001641",In-Store,WARE-XYS1001,USD,1,49,51,23,5,0.4,2018-07-19,2018-12-01,2018-12-11,2018-12-19,685.41,1038.50
"SO - 0001642",Online,WARE-PUJ1005,USD,15,34,272,15,6,0.05,2018-07-19,2018-12-01,2018-12-04,2018-12-12,1043.19,2318.20
"SO - 0001643",Online,WARE-PUJ1005,USD,15,42,263,46,2,0.08,2018-10-27,2018-12-01,2018-12-24,2018-12-29,865.77,1219.40
"SO - 0001644",In-Store,WARE-PUJ1005,USD,6,24,321,11,2,0.15,2018-07-19,2018-12-01,2018-12-14,2018-12-21,2334.82,5306.40
"SO - 0001645",In-Store,WARE-PUJ1005,USD,11,17,301,33,6,0.05,2018-07-19,2018-12-02,2018-12-10,2018-12-19,1462.61,2479.00
"SO - 0001646",Wholesale,WARE-UHY1004,USD,28,44,244,36,8,0.1,2018-07-19,2018-12-02,2018-12-20,2018-12-27,186.80,227.80
"SO - 0001647",Distributor,WARE-NMK1003,USD,24,30,100,26,3,0.1,2018-07-19,2018-12-02,2018-12-14,2018-12-20,3498.41,5929.50
"SO - 0001648",In-Store,WARE-NMK1003,USD,11,17,167,44,6,0.15,2018-07-19,2018-12-02,2018-12-22,2018-12-29,1175.45,1728.60
"SO - 0001649",Distributor,WARE-UHY1004,USD,21,28,217,24,4,0.08,2018-07-19,2018-12-02,2018-12-07,2018-12-16,825.71,1045.20
"SO - 0001650",In-Store,WARE-XYS1001,USD,9,2,28,35,8,0.1,2018-07-19,2018-12-02,2018-12-15,2018-12-25,1411.96,1721.90
"SO - 0001651",Distributor,WARE-XYS1001,USD,20,44,44,31,8,0.05,2018-07-19,2018-12-03,2018-12-29,2019-01-08,2999.72,3845.80
"SO - 0001652",Online,WARE-MKL1006,USD,14,23,349,36,2,0.4,2018-07-19,2018-12-03,2018-12-15,2018-12-19,1651.15,2706.80
"SO - 0001653",Online,WARE-NMK1003,USD,16,29,94,41,5,0.08,2018-07-19,2018-12-03,2018-12-18,2018-12-24,1358.76,2613.00
"SO - 0001654",Distributor,WARE-PUJ1005,USD,23,9,323,21,3,0.08,2018-07-19,2018-12-03,2018-12-11,2018-12-19,2977.75,3631.40
"SO - 0001655",Online,WARE-UHY1004,USD,13,10,213,25,3,0.05,2018-07-19,2018-12-03,2018-12-30,2019-01-06,563.81,1105.50
"SO - 0001656",Online,WARE-NBV1002,USD,20,31,73,27,1,0.15,2018-07-19,2018-12-03,2018-12-29,2019-01-06,533.05,1045.20
"SO - 0001657",Wholesale,WARE-PUJ1005,USD,27,4,318,22,8,0.05,2018-07-19,2018-12-03,2018-12-10,2018-12-14,1551.32,3041.80
"SO - 0001658",Distributor,WARE-NBV1002,USD,21,50,79,39,5,0.08,2018-07-19,2018-12-03,2018-12-23,2019-01-02,965.47,1755.40
"SO - 0001659",Distributor,WARE-NMK1003,USD,21,47,114,2,1,0.05,2018-07-19,2018-12-03,2018-12-26,2019-01-05,1191.53,2291.40
"SO - 0001660",Wholesale,WARE-XYS1001,USD,28,45,18,13,6,0.2,2018-07-19,2018-12-03,2018-12-12,2018-12-20,719.85,1058.60
"SO - 0001661",In-Store,WARE-NMK1003,USD,1,43,165,42,8,0.1,2018-07-19,2018-12-03,2018-12-20,2018-12-28,479.39,1065.30
"SO - 0001662",In-Store,WARE-NMK1003,USD,9,48,122,11,5,0.4,2018-07-19,2018-12-03,2018-12-28,2019-01-04,115.78,241.20
"SO - 0001663",In-Store,WARE-UHY1004,USD,4,20,228,47,7,0.1,2018-07-19,2018-12-04,2018-12-11,2018-12-13,781.29,1132.30
"SO - 0001664",Online,WARE-NMK1003,USD,19,43,137,1,2,0.15,2018-07-19,2018-12-04,2018-12-07,2018-12-11,1890.74,2224.40
"SO - 0001665",In-Store,WARE-MKL1006,USD,9,20,344,46,4,0.08,2018-07-19,2018-12-04,2018-12-14,2018-12-23,659.28,824.10
"SO - 0001666",In-Store,WARE-PUJ1005,USD,8,23,269,10,2,0.1,2018-07-19,2018-12-04,2018-12-16,2018-12-24,1458.05,2351.70
"SO - 0001667",Online,WARE-XYS1001,USD,20,43,24,30,1,0.05,2018-07-19,2018-12-04,2018-12-12,2018-12-13,2918.65,6344.90
"SO - 0001668",Distributor,WARE-NMK1003,USD,23,42,126,32,6,0.1,2018-07-19,2018-12-04,2018-12-16,2018-12-18,3541.42,5621.30
"SO - 0001669",Distributor,WARE-NMK1003,USD,22,32,141,23,6,0.05,2018-07-19,2018-12-04,2018-12-06,2018-12-11,598.44,1031.80
"SO - 0001670",Online,WARE-UHY1004,USD,18,21,210,25,4,0.05,2018-07-19,2018-12-04,2018-12-15,2018-12-21,1828.03,2405.30
"SO - 0001671",Distributor,WARE-NMK1003,USD,22,7,92,20,2,0.08,2018-07-19,2018-12-04,2018-12-09,2018-12-15,906.51,1105.50
"SO - 0001672",In-Store,WARE-MKL1006,USD,8,34,343,23,5,0.08,2018-07-19,2018-12-04,2018-12-18,2018-12-27,958.77,1775.50
"SO - 0001673",Online,WARE-NMK1003,USD,14,7,153,46,2,0.08,2018-07-19,2018-12-04,2018-12-21,2018-12-22,786.31,1092.10
"SO - 0001674",Online,WARE-NMK1003,USD,15,1,105,27,6,0.08,2018-07-19,2018-12-04,2018-12-09,2018-12-19,83.08,207.70
"SO - 0001675",In-Store,WARE-MKL1006,USD,9,16,340,45,4,0.1,2018-07-19,2018-12-04,2018-12-21,2018-12-30,759.78,1809.00
"SO - 0001676",Online,WARE-UHY1004,USD,12,30,259,2,8,0.08,2018-07-19,2018-12-05,2018-12-07,2018-12-14,1437.15,1842.50
"SO - 0001677",In-Store,WARE-MKL1006,USD,4,18,344,45,4,0.1,2018-10-27,2018-12-05,2018-12-31,2019-01-07,2764.15,3839.10
"SO - 0001678",Online,WARE-NMK1003,USD,13,34,178,43,7,0.15,2018-07-19,2018-12-05,2018-12-10,2018-12-16,171.52,268.00
"SO - 0001679",In-Store,WARE-NMK1003,USD,2,28,118,19,3,0.3,2018-07-19,2018-12-05,2018-12-13,2018-12-18,859.68,1829.10
"SO - 0001680",Wholesale,WARE-PUJ1005,USD,27,15,294,25,1,0.2,2018-07-19,2018-12-05,2018-12-19,2018-12-29,1256.92,1795.60
"SO - 0001681",Online,WARE-XYS1001,USD,15,11,24,12,6,0.4,2018-07-19,2018-12-05,2019-01-02,2019-01-03,458.75,1118.90
"SO - 0001682",Distributor,WARE-XYS1001,USD,20,22,37,5,2,0.08,2018-10-27,2018-12-06,2018-12-21,2018-12-29,716.10,1118.90
"SO - 0001683",In-Store,WARE-UHY1004,USD,10,22,258,43,4,0.1,2018-07-19,2018-12-06,2018-12-23,2018-12-27,2630.55,3926.20
"SO - 0001684",Wholesale,WARE-NBV1002,USD,27,19,81,4,8,0.05,2018-07-19,2018-12-06,2019-01-02,2019-01-11,514.02,917.90
"SO - 0001685",In-Store,WARE-NMK1003,USD,5,50,135,31,6,0.2,2018-07-19,2018-12-06,2018-12-16,2018-12-25,99.70,207.70
"SO - 0001686",In-Store,WARE-PUJ1005,USD,6,17,283,37,1,0.08,2018-07-19,2018-12-06,2018-12-08,2018-12-16,1264.96,1976.50
"SO - 0001687",Wholesale,WARE-NBV1002,USD,27,19,80,16,4,0.15,2018-10-27,2018-12-06,2018-12-11,2018-12-16,2613.40,3959.70
"SO - 0001688",In-Store,WARE-NMK1003,USD,6,49,124,29,2,0.1,2018-10-27,2018-12-06,2019-01-01,2019-01-02,846.08,1098.80
"SO - 0001689",Online,WARE-NMK1003,USD,13,15,103,41,2,0.05,2018-07-19,2018-12-06,2018-12-12,2018-12-15,728.49,877.70
"SO - 0001690",In-Store,WARE-NMK1003,USD,7,14,178,47,5,0.1,2018-07-19,2018-12-06,2018-12-28,2019-01-06,1276.35,2552.70
"SO - 0001691",In-Store,WARE-MKL1006,USD,5,12,355,18,8,0.05,2018-07-19,2018-12-06,2018-12-26,2019-01-05,768.83,1025.10
"SO - 0001692",Distributor,WARE-UHY1004,USD,23,34,245,31,7,0.15,2018-07-19,2018-12-06,2019-01-03,2019-01-08,668.93,1045.20
"SO - 0001693",Wholesale,WARE-PUJ1005,USD,28,27,306,26,8,0.4,2018-07-19,2018-12-07,2018-12-22,2018-12-25,2393.24,5983.10
"SO - 0001694",Distributor,WARE-NMK1003,USD,23,47,173,37,6,0.08,2018-07-19,2018-12-07,2018-12-14,2018-12-21,756.30,1112.20
"SO - 0001695",In-Store,WARE-NMK1003,USD,9,23,121,34,6,0.2,2018-07-19,2018-12-07,2018-12-30,2019-01-04,816.60,1855.90
"SO - 0001696",In-Store,WARE-PUJ1005,USD,1,30,319,29,6,0.05,2018-07-19,2018-12-07,2018-12-26,2019-01-02,2295.42,3825.70
"SO - 0001697",Distributor,WARE-UHY1004,USD,23,16,218,37,8,0.3,2018-07-19,2018-12-07,2018-12-15,2018-12-22,653.92,817.40
"SO - 0001698",In-Store,WARE-NMK1003,USD,3,9,122,47,8,0.08,2018-10-27,2018-12-07,2019-01-01,2019-01-03,375.87,737.00
"SO - 0001699",In-Store,WARE-NMK1003,USD,6,5,203,32,5,0.05,2018-07-19,2018-12-07,2018-12-20,2018-12-28,1651.95,2465.60
"SO - 0001700",In-Store,WARE-XYS1001,USD,8,41,10,12,6,0.1,2018-07-19,2018-12-07,2018-12-21,2018-12-26,686.08,857.60
"SO - 0001701",Online,WARE-PUJ1005,USD,15,24,322,31,6,0.2,2018-07-19,2018-12-08,2018-12-23,2018-12-31,431.48,1078.70
"SO - 0001702",In-Store,WARE-NMK1003,USD,2,23,164,17,6,0.2,2018-07-19,2018-12-08,2018-12-24,2018-12-27,2746.06,3390.20
"SO - 0001703",In-Store,WARE-UHY1004,USD,8,18,208,40,3,0.2,2018-10-27,2018-12-08,2018-12-10,2018-12-18,4356.14,5514.10
"SO - 0001704",Online,WARE-NBV1002,USD,13,3,60,13,8,0.05,2018-07-19,2018-12-08,2018-12-15,2018-12-22,145.39,207.70
"SO - 0001705",In-Store,WARE-NBV1002,USD,1,49,70,11,2,0.05,2018-07-19,2018-12-08,2019-01-02,2019-01-11,924.60,2010.00
"SO - 0001706",Online,WARE-UHY1004,USD,14,30,221,39,5,0.08,2018-07-19,2018-12-08,2018-12-21,2018-12-29,1052.84,1949.70
"SO - 0001707",Online,WARE-XYS1001,USD,14,14,26,7,7,0.08,2018-10-27,2018-12-08,2018-12-27,2018-12-30,106.26,174.20
"SO - 0001708",Online,WARE-MKL1006,USD,20,24,364,23,7,0.05,2018-07-19,2018-12-08,2019-01-01,2019-01-07,797.30,1139.00
"SO - 0001709",Wholesale,WARE-MKL1006,USD,27,17,345,28,8,0.08,2018-07-19,2018-12-08,2018-12-21,2018-12-31,2181.12,5319.80
"SO - 0001710",In-Store,WARE-PUJ1005,USD,4,43,327,8,4,0.15,2018-07-19,2018-12-09,2018-12-12,2018-12-15,2080.89,3926.20
"SO - 0001711",Distributor,WARE-PUJ1005,USD,24,36,313,7,3,0.05,2018-07-19,2018-12-09,2018-12-23,2018-12-31,768.49,1038.50
"SO - 0001712",In-Store,WARE-MKL1006,USD,1,45,349,35,5,0.15,2018-07-19,2018-12-09,2019-01-03,2019-01-13,2972.66,5038.40
"SO - 0001713",In-Store,WARE-NMK1003,USD,1,11,141,14,5,0.05,2018-07-19,2018-12-09,2018-12-23,2019-01-01,561.06,1058.60
"SO - 0001714",In-Store,WARE-PUJ1005,USD,6,6,309,35,5,0.05,2018-10-27,2018-12-09,2018-12-22,2018-12-29,97.28,221.10
"SO - 0001715",In-Store,WARE-NMK1003,USD,2,24,141,24,1,0.1,2018-10-27,2018-12-09,2019-01-04,2019-01-13,2505.26,3296.40
"SO - 0001716",In-Store,WARE-NMK1003,USD,12,7,166,30,6,0.05,2018-07-19,2018-12-09,2018-12-11,2018-12-20,2711.09,5648.10
"SO - 0001717",Wholesale,WARE-PUJ1005,USD,28,8,309,1,1,0.1,2018-07-19,2018-12-09,2018-12-21,2018-12-28,727.29,1118.90
"SO - 0001718",In-Store,WARE-PUJ1005,USD,2,25,302,31,4,0.08,2018-10-27,2018-12-09,2018-12-30,2019-01-09,2224.40,2680.00
"SO - 0001719",In-Store,WARE-UHY1004,USD,10,42,231,36,8,0.05,2018-07-19,2018-12-10,2019-01-01,2019-01-08,2860.77,3865.90
"SO - 0001720",In-Store,WARE-NMK1003,USD,7,35,151,2,1,0.08,2018-10-27,2018-12-10,2019-01-07,2019-01-08,399.59,951.40
"SO - 0001721",Online,WARE-XYS1001,USD,17,39,51,19,6,0.08,2018-10-27,2018-12-11,2018-12-21,2018-12-27,4272.19,5621.30
"SO - 0001722",In-Store,WARE-UHY1004,USD,5,3,246,1,3,0.1,2018-07-19,2018-12-11,2018-12-25,2019-01-04,3119.92,3999.90
"SO - 0001723",Online,WARE-XYS1001,USD,18,12,49,20,2,0.05,2018-10-27,2018-12-11,2018-12-29,2018-12-30,3647.15,6398.50
"SO - 0001724",Distributor,WARE-XYS1001,USD,24,30,1,6,2,0.3,2018-07-19,2018-12-11,2019-01-02,2019-01-10,633.49,1038.50
"SO - 0001725",Distributor,WARE-NMK1003,USD,20,50,113,11,7,0.08,2018-07-19,2018-12-11,2018-12-23,2018-12-26,2806.09,6525.80
"SO - 0001726",In-Store,WARE-UHY1004,USD,8,40,217,26,5,0.4,2018-07-19,2018-12-11,2019-01-07,2019-01-13,808.15,1092.10
"SO - 0001727",Wholesale,WARE-NMK1003,USD,26,9,128,5,3,0.05,2018-07-19,2018-12-11,2019-01-05,2019-01-06,2715.51,3879.30
"SO - 0001728",In-Store,WARE-UHY1004,USD,6,31,250,27,6,0.1,2018-07-19,2018-12-11,2019-01-04,2019-01-05,2027.69,2599.60
"SO - 0001729",In-Store,WARE-NMK1003,USD,2,33,202,37,2,0.05,2018-07-19,2018-12-11,2018-12-30,2019-01-05,485.01,850.90
"SO - 0001730",Wholesale,WARE-NMK1003,USD,27,47,106,20,2,0.1,2018-07-19,2018-12-12,2018-12-30,2019-01-07,773.85,1031.80
"SO - 0001731",Wholesale,WARE-NBV1002,USD,27,26,79,4,8,0.08,2018-10-27,2018-12-12,2018-12-23,2018-12-25,79.66,194.30
"SO - 0001732",In-Store,WARE-NMK1003,USD,8,27,162,47,2,0.2,2018-07-19,2018-12-12,2019-01-08,2019-01-14,1585.49,2331.60
"SO - 0001733",Distributor,WARE-NMK1003,USD,24,20,161,25,3,0.2,2018-07-19,2018-12-12,2018-12-14,2018-12-23,2191.17,3001.60
"SO - 0001734",In-Store,WARE-NMK1003,USD,5,25,136,15,3,0.05,2018-07-19,2018-12-12,2018-12-29,2019-01-04,168.24,207.70
"SO - 0001735",In-Store,WARE-MKL1006,USD,1,41,362,8,6,0.2,2018-07-19,2018-12-12,2018-12-15,2018-12-21,438.78,743.70
"SO - 0001736",In-Store,WARE-NMK1003,USD,1,46,125,31,7,0.08,2018-07-19,2018-12-12,2018-12-30,2018-12-31,120.47,207.70
"SO - 0001737",Distributor,WARE-NMK1003,USD,21,32,133,47,3,0.1,2018-07-19,2018-12-12,2018-12-14,2018-12-17,3922.72,5768.70
"SO - 0001738",In-Store,WARE-MKL1006,USD,9,49,358,36,7,0.4,2018-10-27,2018-12-12,2019-01-06,2019-01-08,1341.34,1916.20
"SO - 0001739",In-Store,WARE-NMK1003,USD,9,8,110,28,8,0.3,2018-10-27,2018-12-12,2019-01-08,2019-01-09,2238.14,2633.10
"SO - 0001740",In-Store,WARE-NMK1003,USD,7,45,97,21,7,0.1,2018-07-19,2018-12-12,2018-12-19,2018-12-21,639.18,1065.30
"SO - 0001741",In-Store,WARE-NBV1002,USD,8,48,86,41,3,0.2,2018-10-27,2018-12-12,2018-12-14,2018-12-16,1603.11,2257.90
"SO - 0001742",Online,WARE-UHY1004,USD,13,20,245,34,1,0.05,2018-07-19,2018-12-12,2019-01-03,2019-01-12,545.38,991.60
"SO - 0001743",Wholesale,WARE-NMK1003,USD,28,49,192,13,4,0.08,2018-10-27,2018-12-12,2019-01-04,2019-01-13,1660.19,2338.30
"SO - 0001744",In-Store,WARE-MKL1006,USD,7,21,343,1,7,0.08,2018-10-27,2018-12-13,2018-12-30,2019-01-03,1583.75,2988.20
"SO - 0001745",In-Store,WARE-NMK1003,USD,8,35,166,21,6,0.4,2018-10-27,2018-12-13,2018-12-26,2018-12-31,682.53,1118.90
"SO - 0001746",Online,WARE-UHY1004,USD,18,29,214,17,6,0.15,2018-07-19,2018-12-13,2019-01-08,2019-01-17,1267.71,2485.70
"SO - 0001747",In-Store,WARE-NMK1003,USD,4,20,117,22,4,0.2,2018-07-19,2018-12-13,2018-12-25,2019-01-04,1708.50,2847.50
"SO - 0001748",In-Store,WARE-NBV1002,USD,1,25,66,15,4,0.2,2018-07-19,2018-12-13,2019-01-09,2019-01-12,2571.19,3296.40
"SO - 0001749",Online,WARE-XYS1001,USD,18,38,33,11,4,0.1,2018-07-19,2018-12-13,2018-12-21,2018-12-30,689.77,971.50
"SO - 0001750",Distributor,WARE-PUJ1005,USD,21,34,299,12,7,0.2,2018-07-19,2018-12-13,2019-01-07,2019-01-17,102.98,194.30
"SO - 0001751",Online,WARE-NMK1003,USD,12,27,172,18,6,0.4,2018-10-27,2018-12-13,2018-12-21,2018-12-27,3223.64,5969.70
"SO - 0001752",Online,WARE-NMK1003,USD,14,1,166,11,1,0.05,2018-07-19,2018-12-14,2018-12-18,2018-12-27,625.65,1078.70
"SO - 0001753",In-Store,WARE-NMK1003,USD,10,33,128,40,7,0.05,2018-07-19,2018-12-14,2019-01-10,2019-01-15,1640.16,2412.00
"SO - 0001754",In-Store,WARE-XYS1001,USD,11,45,18,25,4,0.05,2018-07-19,2018-12-14,2019-01-06,2019-01-09,904.10,1159.10
"SO - 0001755",In-Store,WARE-MKL1006,USD,12,17,355,12,4,0.08,2018-07-19,2018-12-14,2018-12-17,2018-12-18,809.56,1882.70
"SO - 0001756",In-Store,WARE-UHY1004,USD,5,23,217,27,6,0.2,2018-10-27,2018-12-14,2018-12-20,2018-12-28,1072.34,1949.70
"SO - 0001757",Distributor,WARE-NMK1003,USD,22,46,102,9,3,0.05,2018-07-19,2018-12-14,2019-01-10,2019-01-11,747.18,1098.80
"SO - 0001758",In-Store,WARE-NMK1003,USD,2,27,173,32,7,0.05,2018-07-19,2018-12-14,2019-01-02,2019-01-04,2335.22,3155.70
"SO - 0001759",Distributor,WARE-NMK1003,USD,23,24,123,30,5,0.2,2018-07-19,2018-12-14,2018-12-29,2019-01-04,2144.00,2680.00
"SO - 0001760",Wholesale,WARE-PUJ1005,USD,25,10,309,13,5,0.05,2018-07-19,2018-12-14,2018-12-18,2018-12-25,3871.60,5956.30
"SO - 0001761",In-Store,WARE-UHY1004,USD,3,29,260,36,8,0.1,2018-07-19,2018-12-15,2019-01-03,2019-01-10,924.60,2010.00
"SO - 0001762",Online,WARE-PUJ1005,USD,20,12,325,7,6,0.08,2018-10-27,2018-12-15,2018-12-26,2018-12-27,963.53,1319.90
"SO - 0001763",In-Store,WARE-NBV1002,USD,5,26,77,41,8,0.08,2018-07-19,2018-12-15,2018-12-17,2018-12-22,1065.30,1775.50
"SO - 0001764",In-Store,WARE-XYS1001,USD,1,38,41,39,2,0.15,2018-07-19,2018-12-15,2019-01-04,2019-01-09,129.44,187.60
"SO - 0001765",In-Store,WARE-NMK1003,USD,6,3,173,19,5,0.05,2018-07-19,2018-12-15,2018-12-27,2018-12-29,899.81,1139.00
"SO - 0001766",In-Store,WARE-XYS1001,USD,9,28,46,27,5,0.15,2018-10-27,2018-12-15,2018-12-18,2018-12-23,824.10,1005.00
"SO - 0001767",Distributor,WARE-NBV1002,USD,25,23,58,44,5,0.2,2018-07-19,2018-12-15,2018-12-25,2018-12-29,1097.19,2385.20
"SO - 0001768",Online,WARE-NMK1003,USD,17,26,184,1,6,0.05,2018-10-27,2018-12-15,2019-01-07,2019-01-13,911.74,1085.40
"SO - 0001769",Online,WARE-PUJ1005,USD,16,13,307,4,5,0.2,2018-10-27,2018-12-15,2018-12-20,2018-12-23,1519.56,1809.00
"SO - 0001770",Wholesale,WARE-UHY1004,USD,26,33,250,2,4,0.05,2018-07-19,2018-12-15,2018-12-29,2019-01-05,646.42,897.80
"SO - 0001771",In-Store,WARE-PUJ1005,USD,3,17,284,14,3,0.2,2018-10-27,2018-12-15,2018-12-25,2018-12-26,847.42,1246.20
"SO - 0001772",In-Store,WARE-XYS1001,USD,4,32,20,40,1,0.3,2018-07-19,2018-12-15,2019-01-01,2019-01-11,503.51,1118.90
"SO - 0001773",Online,WARE-NBV1002,USD,19,42,85,5,3,0.05,2018-07-19,2018-12-15,2018-12-23,2018-12-31,835.09,1018.40
"SO - 0001774",Distributor,WARE-UHY1004,USD,23,17,219,33,1,0.08,2018-07-19,2018-12-15,2018-12-26,2018-12-29,3982.21,5105.40
"SO - 0001775",In-Store,WARE-MKL1006,USD,9,13,363,16,8,0.08,2018-07-19,2018-12-16,2019-01-13,2019-01-21,753.42,1159.10
"SO - 0001776",In-Store,WARE-PUJ1005,USD,8,7,287,36,3,0.08,2018-07-19,2018-12-16,2019-01-08,2019-01-10,1379.66,1916.20
"SO - 0001777",In-Store,WARE-NBV1002,USD,9,41,66,23,3,0.15,2018-07-19,2018-12-16,2019-01-01,2019-01-06,131.39,247.90
"SO - 0001778",Wholesale,WARE-UHY1004,USD,26,18,222,28,4,0.08,2018-07-19,2018-12-16,2019-01-12,2019-01-14,610.24,884.40
"SO - 0001779",Distributor,WARE-UHY1004,USD,25,29,242,39,1,0.1,2018-07-19,2018-12-17,2019-01-06,2019-01-11,774.52,1139.00
"SO - 0001780",Wholesale,WARE-MKL1006,USD,26,13,341,2,3,0.3,2018-07-19,2018-12-17,2019-01-11,2019-01-14,85.36,174.20
"SO - 0001781",Online,WARE-NMK1003,USD,17,20,187,27,8,0.05,2018-07-19,2018-12-17,2018-12-22,2018-12-26,761.12,951.40
"SO - 0001782",Online,WARE-NMK1003,USD,20,45,194,32,4,0.05,2018-10-27,2018-12-17,2019-01-03,2019-01-13,125.63,167.50
"SO - 0001783",Wholesale,WARE-NMK1003,USD,28,17,144,31,8,0.05,2018-07-19,2018-12-17,2019-01-12,2019-01-22,3956.95,5138.90
"SO - 0001784",Online,WARE-NMK1003,USD,17,12,180,29,7,0.05,2018-10-27,2018-12-17,2018-12-26,2019-01-01,109.34,214.40
"SO - 0001785",Distributor,WARE-PUJ1005,USD,22,5,300,1,8,0.15,2018-10-27,2018-12-18,2018-12-26,2018-12-29,475.50,1011.70
"SO - 0001786",Distributor,WARE-MKL1006,USD,23,16,332,10,6,0.05,2018-07-19,2018-12-18,2019-01-15,2019-01-24,915.69,1159.10
"SO - 0001787",Distributor,WARE-UHY1004,USD,22,48,228,40,3,0.05,2018-07-19,2018-12-18,2019-01-11,2019-01-17,857.47,1058.60
"SO - 0001788",Wholesale,WARE-MKL1006,USD,27,2,354,43,4,0.15,2018-10-27,2018-12-18,2019-01-06,2019-01-10,766.41,1869.30
"SO - 0001789",Online,WARE-XYS1001,USD,18,47,55,35,5,0.4,2018-10-27,2018-12-18,2019-01-13,2019-01-20,1409.68,1762.10
"SO - 0001790",Online,WARE-PUJ1005,USD,17,10,328,15,3,0.08,2018-07-19,2018-12-18,2018-12-24,2018-12-25,1869.30,2492.40
"SO - 0001791",Distributor,WARE-MKL1006,USD,20,12,347,40,7,0.08,2018-07-19,2018-12-18,2019-01-09,2019-01-16,2038.14,3919.50
"SO - 0001792",Distributor,WARE-NMK1003,USD,21,31,141,7,1,0.08,2018-10-27,2018-12-18,2019-01-09,2019-01-12,1007.68,2519.20
"SO - 0001793",Wholesale,WARE-MKL1006,USD,26,10,358,25,3,0.3,2018-10-27,2018-12-18,2019-01-01,2019-01-06,3252.98,3872.60
"SO - 0001794",In-Store,WARE-NMK1003,USD,8,32,148,38,2,0.08,2018-07-19,2018-12-19,2019-01-07,2019-01-13,1354.81,1855.90
"SO - 0001795",In-Store,WARE-UHY1004,USD,6,26,253,4,1,0.05,2018-07-19,2018-12-19,2018-12-30,2019-01-06,3205.28,4006.60
"SO - 0001796",Online,WARE-UHY1004,USD,18,13,211,31,7,0.1,2018-07-19,2018-12-19,2018-12-26,2018-12-28,1360.30,1721.90
"SO - 0001797",In-Store,WARE-NMK1003,USD,5,6,140,26,2,0.05,2018-07-19,2018-12-19,2019-01-06,2019-01-13,726.95,1038.50
"SO - 0001798",Wholesale,WARE-NMK1003,USD,26,35,181,11,6,0.2,2018-07-19,2018-12-19,2019-01-10,2019-01-12,108.54,241.20
"SO - 0001799",Online,WARE-PUJ1005,USD,17,8,274,30,1,0.05,2018-10-27,2018-12-19,2019-01-05,2019-01-06,673.22,1051.90
"SO - 0001800",Distributor,WARE-UHY1004,USD,25,9,247,37,8,0.08,2018-10-27,2018-12-19,2019-01-09,2019-01-17,130.25,180.90
"SO - 0001801",Online,WARE-NMK1003,USD,18,2,192,12,6,0.05,2018-07-19,2018-12-20,2019-01-05,2019-01-15,219.76,268.00
"SO - 0001802",In-Store,WARE-XYS1001,USD,5,9,2,13,1,0.2,2018-07-19,2018-12-20,2019-01-04,2019-01-10,533.19,1159.10
"SO - 0001803",In-Store,WARE-UHY1004,USD,4,12,239,14,6,0.05,2018-10-27,2018-12-20,2019-01-08,2019-01-15,551.81,951.40
"SO - 0001804",Online,WARE-PUJ1005,USD,18,25,327,29,5,0.05,2018-10-27,2018-12-20,2018-12-24,2019-01-02,2644.36,4006.60
"SO - 0001805",Online,WARE-NMK1003,USD,19,33,122,25,7,0.08,2018-07-19,2018-12-20,2019-01-10,2019-01-15,2372.20,5648.10
"SO - 0001806",Online,WARE-NMK1003,USD,17,37,168,14,5,0.05,2018-07-19,2018-12-20,2019-01-13,2019-01-23,3219.48,3926.20
"SO - 0001807",Online,WARE-MKL1006,USD,15,24,333,41,8,0.08,2018-10-27,2018-12-20,2019-01-04,2019-01-07,4207.94,5326.50
"SO - 0001808",Distributor,WARE-NMK1003,USD,23,17,193,17,5,0.08,2018-07-19,2018-12-20,2019-01-04,2019-01-12,2241.55,5467.20
"SO - 0001809",In-Store,WARE-NMK1003,USD,6,37,171,8,8,0.08,2018-10-27,2018-12-20,2018-12-23,2018-12-29,1654.90,2546.00
"SO - 0001810",In-Store,WARE-NBV1002,USD,1,50,70,5,5,0.05,2018-07-19,2018-12-20,2019-01-14,2019-01-17,889.76,1072.00
"SO - 0001811",Online,WARE-UHY1004,USD,15,24,208,30,7,0.08,2018-10-27,2018-12-20,2018-12-29,2019-01-02,611.71,1112.20
"SO - 0001812",In-Store,WARE-NBV1002,USD,9,10,87,33,3,0.1,2018-07-19,2018-12-20,2019-01-13,2019-01-22,1390.25,2780.50
"SO - 0001813",Online,WARE-NMK1003,USD,12,39,189,16,3,0.05,2018-07-19,2018-12-20,2019-01-11,2019-01-19,1534.97,2646.50
"SO - 0001814",In-Store,WARE-PUJ1005,USD,9,10,273,6,5,0.15,2018-07-19,2018-12-21,2019-01-05,2019-01-13,135.07,214.40
"SO - 0001815",Distributor,WARE-XYS1001,USD,22,8,20,8,7,0.1,2018-07-19,2018-12-21,2018-12-29,2018-12-31,821.69,1125.60
"SO - 0001816",In-Store,WARE-UHY1004,USD,6,32,204,27,7,0.05,2018-07-19,2018-12-21,2019-01-15,2019-01-24,737.00,1842.50
"SO - 0001817",Wholesale,WARE-NMK1003,USD,27,12,165,30,5,0.15,2018-10-27,2018-12-21,2018-12-29,2019-01-06,562.80,1125.60
"SO - 0001818",In-Store,WARE-NMK1003,USD,11,42,190,33,8,0.15,2018-10-27,2018-12-21,2019-01-05,2019-01-14,4170.28,6224.30
"SO - 0001819",In-Store,WARE-NMK1003,USD,1,24,94,12,6,0.05,2018-07-19,2018-12-21,2018-12-25,2019-01-04,1801.76,2224.40
"SO - 0001820",In-Store,WARE-UHY1004,USD,11,6,238,3,4,0.2,2018-07-19,2018-12-21,2019-01-01,2019-01-04,739.41,1192.60
"SO - 0001821",Wholesale,WARE-NMK1003,USD,26,36,122,7,2,0.08,2018-10-27,2018-12-21,2019-01-14,2019-01-20,2926.56,6097.00
"SO - 0001822",In-Store,WARE-UHY1004,USD,7,42,235,30,6,0.08,2018-07-19,2018-12-21,2019-01-17,2019-01-23,866.71,1031.80
"SO - 0001823",Online,WARE-PUJ1005,USD,13,18,306,15,1,0.05,2018-07-19,2018-12-21,2019-01-09,2019-01-12,1358.22,2425.40
"SO - 0001824",In-Store,WARE-NMK1003,USD,10,9,123,27,4,0.08,2018-10-27,2018-12-21,2019-01-05,2019-01-09,691.31,1031.80
"SO - 0001825",Online,WARE-NMK1003,USD,17,35,96,40,8,0.2,2018-07-19,2018-12-21,2019-01-15,2019-01-20,619.48,897.80
"SO - 0001826",Online,WARE-XYS1001,USD,17,33,46,3,5,0.05,2018-07-19,2018-12-22,2019-01-05,2019-01-07,1524.52,2458.90
"SO - 0001827",In-Store,WARE-PUJ1005,USD,9,45,297,35,1,0.1,2018-07-19,2018-12-22,2019-01-15,2019-01-21,1320.70,2358.40
"SO - 0001828",In-Store,WARE-NMK1003,USD,9,41,132,19,2,0.1,2018-10-27,2018-12-22,2019-01-13,2019-01-16,840.78,1788.90
"SO - 0001829",In-Store,WARE-UHY1004,USD,7,12,213,12,2,0.1,2018-10-27,2018-12-22,2018-12-29,2019-01-02,2347.68,3912.80
"SO - 0001830",In-Store,WARE-NMK1003,USD,12,45,94,23,8,0.05,2018-10-27,2018-12-22,2019-01-04,2019-01-10,4362.17,6143.90
"SO - 0001831",Wholesale,WARE-NMK1003,USD,26,42,147,39,2,0.05,2018-07-19,2018-12-22,2019-01-19,2019-01-22,1272.33,2827.40
"SO - 0001832",Online,WARE-PUJ1005,USD,14,7,327,15,3,0.2,2018-07-19,2018-12-22,2019-01-07,2019-01-10,455.20,1058.60
"SO - 0001833",Distributor,WARE-NMK1003,USD,25,5,121,14,7,0.08,2018-10-27,2018-12-22,2019-01-19,2019-01-26,564.61,1065.30
"SO - 0001834",In-Store,WARE-NBV1002,USD,1,5,83,8,6,0.08,2018-10-27,2018-12-23,2019-01-16,2019-01-26,734.05,1112.20
"SO - 0001835",Online,WARE-XYS1001,USD,19,13,30,30,7,0.15,2018-10-27,2018-12-23,2019-01-04,2019-01-05,2184.47,3832.40
"SO - 0001836",Distributor,WARE-NMK1003,USD,22,12,112,29,3,0.4,2018-10-27,2018-12-23,2019-01-05,2019-01-12,626.05,857.60
"SO - 0001837",Distributor,WARE-MKL1006,USD,23,4,347,23,7,0.1,2018-10-27,2018-12-23,2018-12-28,2019-01-04,3003.28,5460.50
"SO - 0001838",In-Store,WARE-XYS1001,USD,7,30,12,29,8,0.15,2018-10-27,2018-12-23,2019-01-17,2019-01-22,1950.24,2566.10
"SO - 0001839",Online,WARE-MKL1006,USD,13,25,342,18,5,0.15,2018-07-19,2018-12-23,2019-01-01,2019-01-05,1193.94,2653.20
"SO - 0001840",Online,WARE-NBV1002,USD,13,15,72,10,2,0.08,2018-10-27,2018-12-23,2019-01-19,2019-01-20,636.77,884.40
"SO - 0001841",Wholesale,WARE-NBV1002,USD,26,31,82,14,7,0.08,2018-10-27,2018-12-23,2019-01-02,2019-01-05,1598.35,3805.60
"SO - 0001842",Distributor,WARE-UHY1004,USD,22,1,226,25,8,0.2,2018-10-27,2018-12-23,2019-01-18,2019-01-22,887.35,1152.40
"SO - 0001843",In-Store,WARE-NBV1002,USD,11,23,71,43,3,0.08,2018-07-19,2018-12-23,2019-01-11,2019-01-20,2567.71,3832.40
"SO - 0001844",In-Store,WARE-UHY1004,USD,9,5,232,11,4,0.05,2018-10-27,2018-12-23,2018-12-25,2019-01-02,661.96,871.00
"SO - 0001845",Online,WARE-NMK1003,USD,19,27,186,37,4,0.05,2018-07-19,2018-12-23,2019-01-14,2019-01-23,1139.67,1809.00
"SO - 0001846",In-Store,WARE-NMK1003,USD,1,30,90,34,5,0.08,2018-10-27,2018-12-23,2019-01-09,2019-01-12,1378.86,1969.80
"SO - 0001847",Online,WARE-XYS1001,USD,17,46,42,20,5,0.05,2018-10-27,2018-12-23,2019-01-03,2019-01-09,716.57,1038.50
"SO - 0001848",Wholesale,WARE-UHY1004,USD,28,25,250,26,6,0.08,2018-07-19,2018-12-23,2019-01-11,2019-01-21,1606.66,3651.50
"SO - 0001849",Distributor,WARE-XYS1001,USD,24,13,56,25,8,0.05,2018-07-19,2018-12-23,2019-01-17,2019-01-21,1306.30,1949.70
"SO - 0001850",Wholesale,WARE-NBV1002,USD,28,50,62,31,8,0.05,2018-07-19,2018-12-23,2019-01-13,2019-01-19,694.12,991.60
"SO - 0001851",Online,WARE-XYS1001,USD,12,17,9,25,8,0.08,2018-10-27,2018-12-24,2018-12-27,2018-12-29,1205.73,2740.30
"SO - 0001852",Online,WARE-NBV1002,USD,17,23,65,42,6,0.08,2018-10-27,2018-12-24,2019-01-07,2019-01-12,1255.85,1902.80
"SO - 0001853",In-Store,WARE-NBV1002,USD,2,47,84,33,2,0.1,2018-07-19,2018-12-24,2019-01-18,2019-01-26,1773.83,2365.10
"SO - 0001854",Online,WARE-NMK1003,USD,13,23,180,37,8,0.08,2018-07-19,2018-12-24,2019-01-03,2019-01-05,662.70,1051.90
"SO - 0001855",Distributor,WARE-UHY1004,USD,22,39,241,25,5,0.1,2018-10-27,2018-12-24,2019-01-12,2019-01-18,2031.24,2860.90
"SO - 0001856",Online,WARE-PUJ1005,USD,12,7,269,46,5,0.08,2018-07-19,2018-12-24,2019-01-12,2019-01-16,4201.70,5835.70
"SO - 0001857",In-Store,WARE-NMK1003,USD,5,12,171,23,1,0.05,2018-07-19,2018-12-24,2019-01-16,2019-01-18,944.97,1152.40
"SO - 0001858",Online,WARE-NMK1003,USD,15,41,120,27,3,0.08,2018-07-19,2018-12-25,2019-01-10,2019-01-14,619.48,897.80
"SO - 0001859",Distributor,WARE-PUJ1005,USD,22,5,269,42,5,0.15,2018-07-19,2018-12-25,2019-01-17,2019-01-22,912.00,1112.20
"SO - 0001860",In-Store,WARE-MKL1006,USD,5,12,365,44,1,0.05,2018-10-27,2018-12-25,2019-01-21,2019-01-31,2333.68,3825.70
"SO - 0001861",Wholesale,WARE-NMK1003,USD,28,3,172,37,4,0.05,2018-10-27,2018-12-25,2019-01-01,2019-01-09,1217.12,1963.10
"SO - 0001862",In-Store,WARE-NBV1002,USD,5,12,70,23,6,0.05,2018-07-19,2018-12-25,2019-01-15,2019-01-20,1750.17,2365.10
"SO - 0001863",Online,WARE-PUJ1005,USD,19,20,286,1,3,0.05,2018-10-27,2018-12-25,2019-01-12,2019-01-18,584.44,958.10
"SO - 0001864",In-Store,WARE-NBV1002,USD,4,36,67,3,3,0.05,2018-07-19,2018-12-25,2019-01-01,2019-01-07,1132.10,1855.90
"SO - 0001865",In-Store,WARE-XYS1001,USD,12,30,58,46,5,0.05,2018-07-19,2018-12-25,2019-01-20,2019-01-22,1349.72,1708.50
"SO - 0001866",In-Store,WARE-UHY1004,USD,10,45,230,16,7,0.08,2018-10-27,2018-12-25,2018-12-30,2019-01-04,1862.06,2586.20
"SO - 0001867",Wholesale,WARE-NBV1002,USD,28,40,84,16,2,0.1,2018-10-27,2018-12-25,2019-01-12,2019-01-17,1693.63,2566.10
"SO - 0001868",Distributor,WARE-PUJ1005,USD,23,32,306,36,3,0.08,2018-10-27,2018-12-25,2018-12-29,2019-01-01,1985.61,3202.60
"SO - 0001869",Online,WARE-NMK1003,USD,17,37,175,10,2,0.08,2018-10-27,2018-12-26,2019-01-09,2019-01-16,2749.28,6545.90
"SO - 0001870",In-Store,WARE-XYS1001,USD,4,49,39,41,4,0.15,2018-10-27,2018-12-26,2019-01-10,2019-01-16,3396.90,5226.00
"SO - 0001871",Distributor,WARE-PUJ1005,USD,25,14,264,20,8,0.4,2018-07-19,2018-12-26,2019-01-02,2019-01-07,732.65,904.50
"SO - 0001872",Distributor,WARE-PUJ1005,USD,25,16,302,36,5,0.05,2018-10-27,2018-12-26,2019-01-23,2019-01-31,1029.39,2237.80
"SO - 0001873",Online,WARE-NMK1003,USD,16,30,130,30,5,0.08,2018-07-19,2018-12-26,2019-01-21,2019-01-26,707.52,1072.00
"SO - 0001874",In-Store,WARE-NBV1002,USD,3,48,62,25,3,0.1,2018-07-19,2018-12-26,2019-01-19,2019-01-24,884.60,1092.10
"SO - 0001875",Distributor,WARE-UHY1004,USD,21,48,256,32,2,0.1,2018-07-19,2018-12-26,2019-01-13,2019-01-22,2333.68,3825.70
"SO - 0001876",In-Store,WARE-UHY1004,USD,2,36,236,24,6,0.1,2018-10-27,2018-12-26,2018-12-31,2019-01-04,165.09,214.40
"SO - 0001877",Distributor,WARE-PUJ1005,USD,23,17,328,11,3,0.15,2018-10-27,2018-12-26,2019-01-03,2019-01-13,4202.24,6566.00
"SO - 0001878",In-Store,WARE-PUJ1005,USD,6,6,299,31,6,0.08,2018-10-27,2018-12-26,2019-01-12,2019-01-14,1083.12,1835.80
"SO - 0001879",In-Store,WARE-NBV1002,USD,7,26,84,45,2,0.15,2018-07-19,2018-12-26,2019-01-08,2019-01-16,1021.48,2432.10
"SO - 0001880",Online,WARE-MKL1006,USD,17,5,330,43,8,0.08,2018-07-19,2018-12-27,2019-01-12,2019-01-18,1519.56,1876.00
"SO - 0001881",Online,WARE-PUJ1005,USD,14,15,305,22,5,0.05,2018-10-27,2018-12-27,2019-01-21,2019-01-31,424.91,1011.70
"SO - 0001882",Online,WARE-XYS1001,USD,15,18,51,34,4,0.05,2018-07-19,2018-12-27,2019-01-23,2019-01-28,768.49,1038.50
"SO - 0001883",In-Store,WARE-XYS1001,USD,8,46,32,32,7,0.05,2018-07-19,2018-12-27,2019-01-18,2019-01-23,613.18,958.10
"SO - 0001884",Distributor,WARE-XYS1001,USD,21,43,31,16,2,0.3,2018-10-27,2018-12-27,2019-01-16,2019-01-20,1222.75,2445.50
"SO - 0001885",Online,WARE-NMK1003,USD,18,11,90,31,5,0.1,2018-10-27,2018-12-27,2019-01-13,2019-01-16,3275.50,3899.40
"SO - 0001886",Online,WARE-NBV1002,USD,18,4,83,43,5,0.08,2018-10-27,2018-12-27,2019-01-14,2019-01-21,653.25,1005.00
"SO - 0001887",Online,WARE-XYS1001,USD,14,19,27,2,5,0.05,2018-07-19,2018-12-27,2019-01-03,2019-01-08,1349.38,1775.50
"SO - 0001888",Online,WARE-UHY1004,USD,18,39,221,36,6,0.15,2018-10-27,2018-12-27,2019-01-10,2019-01-15,855.46,1125.60
"SO - 0001889",Online,WARE-NMK1003,USD,17,49,184,11,2,0.05,2018-10-27,2018-12-28,2019-01-20,2019-01-27,747.18,1098.80
"SO - 0001890",Wholesale,WARE-NMK1003,USD,28,33,109,47,5,0.05,2018-10-27,2018-12-28,2019-01-10,2019-01-12,1490.95,1936.30
"SO - 0001891",Distributor,WARE-UHY1004,USD,24,24,223,25,3,0.08,2018-07-19,2018-12-28,2019-01-07,2019-01-13,2669.82,3926.20
"SO - 0001892",In-Store,WARE-XYS1001,USD,11,14,6,8,7,0.08,2018-10-27,2018-12-28,2019-01-14,2019-01-18,2240.55,3155.70
"SO - 0001893",Wholesale,WARE-NMK1003,USD,26,12,167,20,8,0.08,2018-10-27,2018-12-28,2018-12-30,2019-01-06,1679.96,3999.90
"SO - 0001894",Online,WARE-XYS1001,USD,18,37,31,19,2,0.08,2018-10-27,2018-12-28,2019-01-18,2019-01-23,666.18,1092.10
"SO - 0001895",Online,WARE-NMK1003,USD,18,38,199,37,4,0.15,2018-10-27,2018-12-29,2019-01-14,2019-01-21,442.20,1005.00
"SO - 0001896",In-Store,WARE-UHY1004,USD,11,9,213,19,3,0.05,2018-07-19,2018-12-29,2019-01-24,2019-01-26,134.94,254.60
"SO - 0001897",In-Store,WARE-MKL1006,USD,6,36,336,5,2,0.05,2018-10-27,2018-12-29,2019-01-21,2019-01-28,520.72,897.80
"SO - 0001898",In-Store,WARE-NMK1003,USD,3,8,179,23,4,0.05,2018-07-19,2018-12-29,2019-01-22,2019-01-24,821.89,1748.70
"SO - 0001899",In-Store,WARE-NMK1003,USD,12,14,89,20,4,0.08,2018-10-27,2018-12-29,2019-01-01,2019-01-05,442.20,1105.50
"SO - 0001900",Distributor,WARE-MKL1006,USD,25,25,367,47,6,0.1,2018-07-19,2018-12-29,2019-01-03,2019-01-11,4323.38,5842.40
"SO - 0001901",Online,WARE-NMK1003,USD,17,16,123,46,7,0.08,2018-10-27,2018-12-29,2019-01-20,2019-01-26,754.69,1179.20
"SO - 0001902",Online,WARE-NMK1003,USD,19,45,166,8,4,0.2,2018-07-19,2018-12-29,2019-01-05,2019-01-12,1496.11,2579.50
"SO - 0001903",Online,WARE-MKL1006,USD,16,34,341,25,3,0.08,2018-10-27,2018-12-29,2019-01-12,2019-01-22,656.47,924.60
"SO - 0001904",Distributor,WARE-NMK1003,USD,22,33,162,18,3,0.08,2018-07-19,2018-12-29,2019-01-21,2019-01-25,2905.25,3979.80
"SO - 0001905",In-Store,WARE-PUJ1005,USD,3,43,282,47,4,0.05,2018-10-27,2018-12-29,2019-01-19,2019-01-25,2101.12,2626.40
"SO - 0001906",Wholesale,WARE-XYS1001,USD,27,17,46,37,3,0.08,2018-10-27,2018-12-29,2019-01-14,2019-01-15,1021.55,1293.10
"SO - 0001907",Distributor,WARE-NBV1002,USD,25,18,86,46,8,0.1,2018-07-19,2018-12-29,2019-01-21,2019-01-30,962.46,1132.30
"SO - 0001908",Distributor,WARE-PUJ1005,USD,22,44,295,21,2,0.1,2018-10-27,2018-12-29,2019-01-17,2019-01-18,321.60,670.00
"SO - 0001909",In-Store,WARE-XYS1001,USD,11,42,30,43,7,0.1,2018-07-19,2018-12-30,2019-01-14,2019-01-23,4708.22,6539.20
"SO - 0001910",In-Store,WARE-NBV1002,USD,8,42,83,4,1,0.1,2018-10-27,2018-12-30,2019-01-05,2019-01-11,2637.52,3256.20
"SO - 0001911",Online,WARE-XYS1001,USD,13,43,19,15,1,0.1,2018-07-19,2018-12-30,2019-01-13,2019-01-16,1625.09,2579.50
"SO - 0001912",Online,WARE-NBV1002,USD,20,36,87,5,8,0.05,2018-07-19,2018-12-30,2019-01-13,2019-01-14,2966.43,3852.50
"SO - 0001913",Wholesale,WARE-NMK1003,USD,27,26,145,11,8,0.15,2018-07-19,2018-12-30,2019-01-15,2019-01-20,527.02,924.60
"SO - 0001914",Wholesale,WARE-UHY1004,USD,26,20,260,27,3,0.05,2018-10-27,2018-12-30,2019-01-20,2019-01-24,2421.78,3906.10
"SO - 0001915",Distributor,WARE-UHY1004,USD,23,33,218,35,1,0.1,2018-10-27,2018-12-30,2019-01-10,2019-01-13,129.85,254.60
"SO - 0001916",Wholesale,WARE-MKL1006,USD,28,6,330,15,2,0.08,2018-10-27,2018-12-30,2019-01-23,2019-01-27,589.60,1072.00
"SO - 0001917",In-Store,WARE-PUJ1005,USD,5,12,291,16,2,0.15,2018-10-27,2018-12-30,2019-01-15,2019-01-18,1061.28,2653.20
"SO - 0001918",In-Store,WARE-UHY1004,USD,5,39,232,9,6,0.08,2018-10-27,2018-12-30,2019-01-06,2019-01-09,1817.84,3564.40
"SO - 0001919",In-Store,WARE-PUJ1005,USD,10,4,271,17,8,0.4,2018-10-27,2018-12-30,2019-01-04,2019-01-08,517.78,1078.70
"SO - 0001920",Online,WARE-MKL1006,USD,17,19,358,15,4,0.05,2018-07-19,2018-12-30,2019-01-04,2019-01-05,3112.15,6224.30
"SO - 0001921",Wholesale,WARE-NMK1003,USD,28,2,99,42,6,0.1,2018-07-19,2018-12-30,2019-01-09,2019-01-15,822.49,1326.60
"SO - 0001922",Wholesale,WARE-NMK1003,USD,26,36,115,47,8,0.1,2018-07-19,2018-12-30,2019-01-20,2019-01-24,159.19,221.10
"SO - 0001923",Distributor,WARE-UHY1004,USD,24,25,219,35,8,0.05,2018-07-19,2018-12-30,2019-01-08,2019-01-17,3806.94,6344.90
"SO - 0001924",In-Store,WARE-MKL1006,USD,4,36,349,2,2,0.15,2018-07-19,2018-12-31,2019-01-23,2019-01-28,815.26,1132.30
"SO - 0001925",Online,WARE-MKL1006,USD,16,23,348,22,4,0.05,2018-07-19,2018-12-31,2019-01-08,2019-01-15,446.69,757.10
"SO - 0001926",In-Store,WARE-PUJ1005,USD,5,21,262,17,6,0.1,2018-10-27,2018-12-31,2019-01-25,2019-01-29,882.73,1038.50
"SO - 0001927",Online,WARE-NMK1003,USD,16,40,125,29,6,0.05,2018-10-27,2018-12-31,2019-01-27,2019-01-29,603.60,958.10
"SO - 0001928",Wholesale,WARE-XYS1001,USD,27,39,44,36,1,0.1,2018-10-27,2018-12-31,2019-01-26,2019-02-03,1521.84,1855.90
"SO - 0001929",In-Store,WARE-NMK1003,USD,10,29,187,21,2,0.15,2018-07-19,2018-12-31,2019-01-21,2019-01-28,1879.02,2646.50
"SO - 0001930",In-Store,WARE-XYS1001,USD,3,19,32,10,3,0.15,2018-07-19,2018-12-31,2019-01-19,2019-01-28,3654.05,5453.80
"SO - 0001931",In-Store,WARE-NMK1003,USD,5,5,104,45,4,0.08,2018-07-19,2018-12-31,2019-01-05,2019-01-08,1301.01,1782.20
"SO - 0001932",In-Store,WARE-NMK1003,USD,3,29,126,9,4,0.05,2018-10-27,2018-12-31,2019-01-14,2019-01-21,631.14,1051.90
"SO - 0001933",In-Store,WARE-MKL1006,USD,9,22,338,5,5,0.2,2018-10-27,2018-12-31,2019-01-18,2019-01-26,216.41,254.60
"SO - 0001934",In-Store,WARE-PUJ1005,USD,9,19,315,33,2,0.08,2018-10-27,2018-12-31,2019-01-17,2019-01-22,1745.15,2860.90
"SO - 0001935",In-Store,WARE-NBV1002,USD,8,32,78,10,8,0.1,2018-10-27,2018-12-31,2019-01-16,2019-01-22,1212.83,2887.70
"SO - 0001936",Distributor,WARE-XYS1001,USD,21,31,30,24,8,0.05,2018-10-27,2018-12-31,2019-01-15,2019-01-23,857.47,1085.40
"SO - 0001937",Online,WARE-NMK1003,USD,16,27,136,7,7,0.05,2018-10-27,2019-01-01,2019-01-24,2019-01-31,773.85,1031.80
"SO - 0001938",In-Store,WARE-PUJ1005,USD,5,35,282,44,8,0.08,2018-07-19,2019-01-01,2019-01-18,2019-01-20,644.88,1172.50
"SO - 0001939",In-Store,WARE-MKL1006,USD,2,4,353,39,4,0.08,2018-10-27,2019-01-01,2019-01-12,2019-01-13,924.60,2010.00
"SO - 0001940",Online,WARE-UHY1004,USD,16,16,238,45,8,0.08,2018-07-19,2019-01-01,2019-01-20,2019-01-29,4118.09,5279.60
"SO - 0001941",Wholesale,WARE-NMK1003,USD,28,34,175,6,7,0.15,2018-10-27,2019-01-01,2019-01-07,2019-01-08,581.56,1038.50
"SO - 0001942",Online,WARE-NMK1003,USD,18,37,99,6,2,0.05,2018-10-27,2019-01-01,2019-01-14,2019-01-19,1487.67,2860.90
"SO - 0001943",In-Store,WARE-NMK1003,USD,1,42,88,47,2,0.3,2018-07-19,2019-01-01,2019-01-17,2019-01-27,626.05,978.20
"SO - 0001944",Wholesale,WARE-PUJ1005,USD,26,32,268,23,3,0.05,2018-10-27,2019-01-01,2019-01-03,2019-01-08,1970.81,3718.50
"SO - 0001945",In-Store,WARE-PUJ1005,USD,7,4,274,28,2,0.1,2018-10-27,2019-01-01,2019-01-20,2019-01-23,3014.33,5480.60
"SO - 0001946",In-Store,WARE-NBV1002,USD,1,34,59,41,3,0.1,2018-07-19,2019-01-01,2019-01-05,2019-01-07,518.25,797.30
"SO - 0001947",In-Store,WARE-UHY1004,USD,11,46,259,35,2,0.05,2018-10-27,2019-01-01,2019-01-17,2019-01-27,123.95,247.90
"SO - 0001948",Online,WARE-XYS1001,USD,14,49,55,33,4,0.08,2018-10-27,2019-01-01,2019-01-18,2019-01-26,897.67,1165.80
"SO - 0001949",In-Store,WARE-NMK1003,USD,6,32,100,46,8,0.2,2018-10-27,2019-01-01,2019-01-03,2019-01-06,3212.65,6425.30
"SO - 0001950",Online,WARE-NMK1003,USD,14,28,177,36,7,0.08,2018-10-27,2019-01-01,2019-01-05,2019-01-06,956.89,1293.10
"SO - 0001951",In-Store,WARE-NMK1003,USD,4,38,113,2,1,0.15,2018-07-19,2019-01-01,2019-01-05,2019-01-10,3594.55,6197.50
"SO - 0001952",In-Store,WARE-PUJ1005,USD,1,12,325,4,3,0.3,2018-10-27,2019-01-02,2019-01-30,2019-02-03,3462.83,5869.20
"SO - 0001953",In-Store,WARE-UHY1004,USD,10,31,250,10,8,0.08,2018-07-19,2019-01-02,2019-01-28,2019-01-30,593.35,1098.80
"SO - 0001954",In-Store,WARE-UHY1004,USD,6,25,240,10,2,0.15,2018-10-27,2019-01-02,2019-01-26,2019-01-29,889.76,1072.00
"SO - 0001955",In-Store,WARE-PUJ1005,USD,1,26,313,24,1,0.1,2018-10-27,2019-01-02,2019-01-10,2019-01-12,3984.83,6532.50
"SO - 0001956",Online,WARE-NMK1003,USD,15,19,123,20,3,0.08,2018-10-27,2019-01-02,2019-01-17,2019-01-23,2367.78,3946.30
"SO - 0001957",Online,WARE-NMK1003,USD,13,17,128,9,8,0.3,2018-10-27,2019-01-02,2019-01-23,2019-01-24,835.76,1031.80
"SO - 0001958",In-Store,WARE-PUJ1005,USD,6,15,317,25,4,0.3,2018-07-19,2019-01-02,2019-01-12,2019-01-22,3258.61,5172.40
"SO - 0001959",In-Store,WARE-PUJ1005,USD,7,23,305,3,4,0.05,2018-10-27,2019-01-02,2019-01-12,2019-01-13,1306.50,2512.50
"SO - 0001960",Online,WARE-PUJ1005,USD,15,42,303,26,7,0.05,2018-10-27,2019-01-02,2019-01-08,2019-01-10,2032.65,2639.80
"SO - 0001961",Distributor,WARE-PUJ1005,USD,23,19,311,36,1,0.05,2018-10-27,2019-01-03,2019-01-24,2019-01-25,662.70,1051.90
"SO - 0001962",In-Store,WARE-PUJ1005,USD,9,5,262,10,1,0.05,2018-07-19,2019-01-03,2019-01-07,2019-01-10,757.37,1051.90
"SO - 0001963",Online,WARE-NMK1003,USD,17,33,186,44,7,0.05,2018-10-27,2019-01-03,2019-01-27,2019-02-04,1482.44,2003.30
"SO - 0001964",Online,WARE-NMK1003,USD,19,33,142,12,4,0.05,2018-10-27,2019-01-03,2019-01-21,2019-01-27,502.50,837.50
"SO - 0001965",In-Store,WARE-UHY1004,USD,9,40,237,41,5,0.05,2018-10-27,2019-01-03,2019-01-18,2019-01-26,4303.54,5815.60
"SO - 0001966",In-Store,WARE-XYS1001,USD,12,23,38,29,7,0.05,2018-10-27,2019-01-03,2019-01-10,2019-01-17,973.18,1172.50
"SO - 0001967",Distributor,WARE-NBV1002,USD,24,3,85,1,6,0.2,2018-07-19,2019-01-03,2019-01-17,2019-01-24,716.10,1118.90
"SO - 0001968",Online,WARE-PUJ1005,USD,14,23,283,24,8,0.15,2018-10-27,2019-01-03,2019-01-21,2019-01-31,3230.47,3845.80
"SO - 0001969",In-Store,WARE-XYS1001,USD,2,40,24,40,3,0.08,2018-07-19,2019-01-03,2019-01-05,2019-01-15,1034.48,2586.20
"SO - 0001970",Online,WARE-NMK1003,USD,20,29,139,30,7,0.1,2018-10-27,2019-01-03,2019-01-12,2019-01-14,2066.28,5165.70
"SO - 0001971",Online,WARE-XYS1001,USD,17,26,13,13,3,0.05,2018-10-27,2019-01-03,2019-01-18,2019-01-21,1262.28,3155.70
"SO - 0001972",Online,WARE-UHY1004,USD,17,43,258,44,8,0.2,2018-10-27,2019-01-04,2019-01-24,2019-02-01,1613.36,2304.80
"SO - 0001973",In-Store,WARE-NMK1003,USD,3,26,178,8,3,0.05,2018-10-27,2019-01-04,2019-02-01,2019-02-07,2802.54,3839.10
"SO - 0001974",Online,WARE-PUJ1005,USD,19,44,265,45,2,0.4,2018-10-27,2019-01-04,2019-01-23,2019-01-25,723.60,1005.00
"SO - 0001975",Distributor,WARE-NMK1003,USD,22,19,165,27,6,0.08,2018-10-27,2019-01-04,2019-01-09,2019-01-17,1768.13,2525.90
"SO - 0001976",Wholesale,WARE-NMK1003,USD,27,8,149,24,6,0.05,2018-10-27,2019-01-04,2019-01-22,2019-01-30,1365.26,1922.90
"SO - 0001977",In-Store,WARE-PUJ1005,USD,12,6,292,16,1,0.05,2018-07-19,2019-01-04,2019-01-24,2019-01-25,4587.62,6371.70
"SO - 0001978",Distributor,WARE-PUJ1005,USD,23,36,285,12,2,0.4,2018-10-27,2019-01-04,2019-01-08,2019-01-16,2670.96,3986.50
"SO - 0001979",In-Store,WARE-UHY1004,USD,6,7,212,33,8,0.08,2018-07-19,2019-01-04,2019-01-22,2019-01-29,1193.27,1835.80
"SO - 0001980",In-Store,WARE-NMK1003,USD,11,12,137,20,1,0.2,2018-10-27,2019-01-04,2019-01-31,2019-02-10,574.86,871.00
"SO - 0001981",In-Store,WARE-XYS1001,USD,8,5,33,43,6,0.08,2018-10-27,2019-01-04,2019-01-08,2019-01-09,2910.88,3731.90
"SO - 0001982",Wholesale,WARE-UHY1004,USD,28,22,208,37,8,0.15,2018-10-27,2019-01-04,2019-02-01,2019-02-03,968.49,1976.50
"SO - 0001983",Online,WARE-NMK1003,USD,19,19,161,28,1,0.15,2018-10-27,2019-01-04,2019-01-14,2019-01-19,3006.96,3537.60
"SO - 0001984",Online,WARE-NMK1003,USD,14,32,134,21,8,0.05,2018-10-27,2019-01-04,2019-01-14,2019-01-24,1803.98,2405.30
"SO - 0001985",Online,WARE-UHY1004,USD,20,43,234,47,4,0.05,2018-07-19,2019-01-04,2019-01-24,2019-01-26,2490.99,3075.30
"SO - 0001986",Distributor,WARE-UHY1004,USD,21,29,222,15,2,0.08,2018-10-27,2019-01-04,2019-01-09,2019-01-16,108.34,221.10
"SO - 0001987",Online,WARE-NMK1003,USD,20,49,195,42,3,0.05,2018-10-27,2019-01-04,2019-01-22,2019-01-29,632.68,891.10
"SO - 0001988",Distributor,WARE-UHY1004,USD,21,49,255,12,2,0.08,2018-10-27,2019-01-04,2019-01-30,2019-02-04,944.10,1226.10
"SO - 0001989",In-Store,WARE-XYS1001,USD,4,28,24,41,4,0.08,2018-07-19,2019-01-05,2019-01-29,2019-02-02,4176.91,5721.80
"SO - 0001990",In-Store,WARE-NMK1003,USD,4,23,115,3,7,0.05,2018-07-19,2019-01-05,2019-01-29,2019-02-04,1473.20,3202.60
"SO - 0001991",Online,WARE-UHY1004,USD,14,31,247,30,5,0.1,2018-10-27,2019-01-05,2019-01-30,2019-02-07,1394.74,1721.90
"SO - 0001992",Online,WARE-PUJ1005,USD,20,32,268,7,4,0.4,2018-10-27,2019-01-05,2019-01-10,2019-01-16,493.79,897.80
"SO - 0001993",Online,WARE-PUJ1005,USD,19,12,305,41,8,0.08,2018-10-27,2019-01-05,2019-01-08,2019-01-15,736.33,1051.90
"SO - 0001994",Online,WARE-UHY1004,USD,18,43,235,7,6,0.05,2018-07-19,2019-01-05,2019-01-12,2019-01-14,397.98,904.50
"SO - 0001995",Wholesale,WARE-XYS1001,USD,26,19,24,20,8,0.15,2018-07-19,2019-01-05,2019-02-01,2019-02-04,1202.99,2673.30
"SO - 0001996",Online,WARE-UHY1004,USD,20,28,246,5,8,0.05,2018-10-27,2019-01-05,2019-01-10,2019-01-14,745.71,1065.30
"SO - 0001997",In-Store,WARE-MKL1006,USD,3,1,335,24,4,0.08,2018-10-27,2019-01-05,2019-01-11,2019-01-13,864.30,2010.00
"SO - 0001998",In-Store,WARE-MKL1006,USD,11,8,355,3,7,0.08,2018-10-27,2019-01-05,2019-01-16,2019-01-25,706.25,850.90
"SO - 0001999",In-Store,WARE-UHY1004,USD,1,41,234,22,8,0.08,2018-07-19,2019-01-06,2019-02-01,2019-02-11,1676.61,2465.60
"SO - 0002000",Online,WARE-NMK1003,USD,18,23,200,39,1,0.05,2018-10-27,2019-01-06,2019-02-03,2019-02-05,2284.83,3872.60
"SO - 0002001",Online,WARE-PUJ1005,USD,15,40,279,42,1,0.05,2018-10-27,2019-01-06,2019-01-27,2019-01-30,145.12,254.60
"SO - 0002002",Online,WARE-NMK1003,USD,13,24,88,26,7,0.05,2018-10-27,2019-01-06,2019-01-09,2019-01-14,2004.98,3182.50
"SO - 0002003",Distributor,WARE-UHY1004,USD,20,4,224,16,1,0.08,2018-07-19,2019-01-06,2019-01-08,2019-01-11,745.17,1112.20
"SO - 0002004",In-Store,WARE-NMK1003,USD,2,12,184,15,3,0.15,2018-10-27,2019-01-06,2019-01-20,2019-01-25,596.64,917.90
"SO - 0002005",In-Store,WARE-NMK1003,USD,7,2,189,15,1,0.05,2018-07-19,2019-01-06,2019-01-26,2019-02-03,846.08,1922.90
"SO - 0002006",Distributor,WARE-NMK1003,USD,24,14,133,35,5,0.05,2018-07-19,2019-01-07,2019-02-03,2019-02-05,1078.16,1996.60
"SO - 0002007",Online,WARE-NMK1003,USD,13,19,123,27,7,0.05,2018-10-27,2019-01-07,2019-01-21,2019-01-30,2379.84,3966.40
"SO - 0002008",Online,WARE-NMK1003,USD,12,27,110,26,5,0.05,2018-07-19,2019-01-07,2019-01-10,2019-01-15,470.34,783.90
"SO - 0002009",Online,WARE-NMK1003,USD,13,42,163,12,6,0.08,2018-07-19,2019-01-07,2019-01-24,2019-02-03,440.32,830.80
"SO - 0002010",In-Store,WARE-PUJ1005,USD,5,4,308,18,6,0.05,2018-10-27,2019-01-07,2019-01-10,2019-01-20,543.50,1045.20
"SO - 0002011",Online,WARE-NMK1003,USD,17,35,134,33,1,0.1,2018-10-27,2019-01-07,2019-01-30,2019-02-04,512.55,1025.10
"SO - 0002012",Distributor,WARE-XYS1001,USD,24,35,35,18,2,0.08,2018-10-27,2019-01-07,2019-01-10,2019-01-16,3298.28,5319.80
"SO - 0002013",Wholesale,WARE-UHY1004,USD,26,13,241,17,4,0.08,2018-07-19,2019-01-07,2019-01-20,2019-01-25,430.94,897.80
"SO - 0002014",In-Store,WARE-UHY1004,USD,1,24,242,20,5,0.2,2018-10-27,2019-01-07,2019-01-22,2019-01-24,1477.35,1969.80
"SO - 0002015",Online,WARE-PUJ1005,USD,20,39,289,27,1,0.08,2018-10-27,2019-01-07,2019-02-03,2019-02-09,678.44,1112.20
"SO - 0002016",Distributor,WARE-NMK1003,USD,21,42,162,38,6,0.2,2018-07-19,2019-01-07,2019-01-30,2019-02-03,752.54,1045.20
"SO - 0002017",In-Store,WARE-XYS1001,USD,2,45,18,1,4,0.08,2018-10-27,2019-01-08,2019-01-20,2019-01-28,412.72,1031.80
"SO - 0002018",In-Store,WARE-NMK1003,USD,12,23,164,45,5,0.4,2018-10-27,2019-01-08,2019-01-26,2019-01-30,1087.95,2365.10
"SO - 0002019",In-Store,WARE-PUJ1005,USD,4,13,291,43,3,0.1,2018-07-19,2019-01-08,2019-02-05,2019-02-13,105.53,234.50
"SO - 0002020",Wholesale,WARE-UHY1004,USD,26,18,207,19,8,0.1,2018-10-27,2019-01-08,2019-01-12,2019-01-14,1852.42,2572.80
"SO - 0002021",In-Store,WARE-NMK1003,USD,4,39,186,38,5,0.05,2018-10-27,2019-01-08,2019-01-12,2019-01-16,87.10,174.20
"SO - 0002022",In-Store,WARE-PUJ1005,USD,11,43,310,7,1,0.1,2018-10-27,2019-01-08,2019-01-12,2019-01-13,464.31,1105.50
"SO - 0002023",In-Store,WARE-NMK1003,USD,2,9,191,43,4,0.08,2018-07-19,2019-01-08,2019-01-19,2019-01-27,3180.89,3832.40
"SO - 0002024",In-Store,WARE-PUJ1005,USD,4,21,319,46,2,0.08,2018-10-27,2019-01-08,2019-01-27,2019-02-04,3230.47,3939.60
"SO - 0002025",Wholesale,WARE-NMK1003,USD,26,16,137,26,4,0.1,2018-07-19,2019-01-08,2019-01-19,2019-01-26,868.32,1085.40
"SO - 0002026",Wholesale,WARE-XYS1001,USD,28,9,57,30,7,0.05,2018-10-27,2019-01-08,2019-01-20,2019-01-25,1571.82,2619.70
"SO - 0002027",Online,WARE-XYS1001,USD,13,33,44,19,7,0.05,2018-07-19,2019-01-08,2019-02-01,2019-02-08,2672.97,3383.50
"SO - 0002028",In-Store,WARE-PUJ1005,USD,11,1,263,30,8,0.05,2018-10-27,2019-01-08,2019-01-31,2019-02-01,335.13,817.40
"SO - 0002029",In-Store,WARE-XYS1001,USD,5,38,47,17,2,0.1,2018-07-19,2019-01-08,2019-01-25,2019-02-04,550.14,1078.70
"SO - 0002030",Online,WARE-NBV1002,USD,18,26,86,9,3,0.2,2018-10-27,2019-01-09,2019-01-17,2019-01-18,4280.90,6204.20
"SO - 0002031",Online,WARE-XYS1001,USD,17,43,33,5,6,0.05,2018-07-19,2019-01-09,2019-02-06,2019-02-13,4186.76,5299.70
"SO - 0002032",Distributor,WARE-NMK1003,USD,24,47,159,39,5,0.08,2018-10-27,2019-01-09,2019-01-25,2019-02-01,142.71,201.00
"SO - 0002033",In-Store,WARE-NMK1003,USD,2,34,133,3,6,0.08,2018-10-27,2019-01-09,2019-01-29,2019-02-08,2377.83,3396.90
"SO - 0002034",In-Store,WARE-UHY1004,USD,10,48,232,16,6,0.1,2018-10-27,2019-01-09,2019-01-31,2019-02-08,681.79,1065.30
"SO - 0002035",Distributor,WARE-PUJ1005,USD,21,10,310,3,5,0.08,2018-10-27,2019-01-09,2019-02-03,2019-02-10,3257.94,3973.10
"SO - 0002036",In-Store,WARE-UHY1004,USD,1,14,211,46,8,0.05,2018-10-27,2019-01-09,2019-02-04,2019-02-12,1170.09,1983.20
"SO - 0002037",Wholesale,WARE-MKL1006,USD,27,43,356,40,2,0.4,2018-10-27,2019-01-09,2019-01-24,2019-02-03,1466.50,1929.60
"SO - 0002038",Online,WARE-MKL1006,USD,15,49,359,30,3,0.15,2018-10-27,2019-01-09,2019-01-23,2019-01-28,481.19,891.10
"SO - 0002039",Distributor,WARE-UHY1004,USD,24,38,205,23,7,0.2,2018-07-19,2019-01-10,2019-01-31,2019-02-07,2239.94,3999.90
"SO - 0002040",In-Store,WARE-NMK1003,USD,1,4,162,1,4,0.3,2018-10-27,2019-01-10,2019-02-05,2019-02-09,1519.56,1809.00
"SO - 0002041",Online,WARE-UHY1004,USD,13,17,221,6,5,0.08,2018-07-19,2019-01-10,2019-01-27,2019-02-02,2744.32,3430.40
"SO - 0002042",Wholesale,WARE-UHY1004,USD,28,12,229,43,5,0.05,2018-07-19,2019-01-10,2019-01-20,2019-01-22,1259.60,2519.20
"SO - 0002043",Distributor,WARE-NBV1002,USD,24,2,83,33,1,0.08,2018-10-27,2019-01-10,2019-02-04,2019-02-08,536.20,1011.70
"SO - 0002044",In-Store,WARE-PUJ1005,USD,1,5,313,22,7,0.05,2018-07-19,2019-01-10,2019-01-19,2019-01-20,135.07,214.40
"SO - 0002045",Online,WARE-NMK1003,USD,17,38,138,31,1,0.2,2018-07-19,2019-01-10,2019-01-29,2019-02-04,1464.69,2324.90
"SO - 0002046",In-Store,WARE-NMK1003,USD,3,34,200,39,7,0.08,2018-10-27,2019-01-10,2019-01-15,2019-01-24,1761.36,2552.70
"SO - 0002047",In-Store,WARE-XYS1001,USD,1,46,2,24,3,0.05,2018-10-27,2019-01-10,2019-01-18,2019-01-24,994.28,1775.50
"SO - 0002048",In-Store,WARE-XYS1001,USD,10,7,55,27,3,0.08,2018-10-27,2019-01-10,2019-01-16,2019-01-17,2695.21,3906.10
"SO - 0002049",Online,WARE-PUJ1005,USD,15,46,300,2,4,0.1,2018-07-19,2019-01-10,2019-01-23,2019-01-27,1687.93,2860.90
"SO - 0002050",In-Store,WARE-NMK1003,USD,5,34,168,37,3,0.05,2018-10-27,2019-01-10,2019-01-21,2019-01-29,540.15,931.30
"SO - 0002051",Online,WARE-PUJ1005,USD,17,40,290,28,7,0.08,2018-10-27,2019-01-10,2019-01-19,2019-01-22,846.88,1072.00
"SO - 0002052",In-Store,WARE-NMK1003,USD,8,13,174,37,4,0.15,2018-10-27,2019-01-10,2019-01-20,2019-01-28,101.30,241.20
"SO - 0002053",Wholesale,WARE-XYS1001,USD,28,32,29,12,4,0.05,2018-10-27,2019-01-11,2019-01-23,2019-01-25,2584.19,3691.70
"SO - 0002054",In-Store,WARE-NBV1002,USD,10,30,87,42,3,0.05,2018-10-27,2019-01-11,2019-02-07,2019-02-11,497.41,857.60
"SO - 0002055",Online,WARE-XYS1001,USD,20,4,11,17,2,0.1,2018-10-27,2019-01-11,2019-01-25,2019-02-03,960.58,1185.90
"SO - 0002056",Online,WARE-NMK1003,USD,15,25,99,21,6,0.1,2018-10-27,2019-01-11,2019-01-25,2019-01-31,4789.43,5701.70
"SO - 0002057",Online,WARE-NMK1003,USD,18,40,137,26,8,0.05,2018-10-27,2019-01-11,2019-01-14,2019-01-16,1567.80,3919.50
"SO - 0002058",In-Store,WARE-NMK1003,USD,8,30,196,18,2,0.05,2018-10-27,2019-01-11,2019-01-20,2019-01-25,620.62,1051.90
"SO - 0002059",Online,WARE-PUJ1005,USD,13,45,303,45,8,0.05,2018-10-27,2019-01-11,2019-01-23,2019-01-27,407.36,1018.40
"SO - 0002060",Distributor,WARE-XYS1001,USD,24,41,24,36,4,0.08,2018-10-27,2019-01-11,2019-02-07,2019-02-17,715.49,1212.70
"SO - 0002061",In-Store,WARE-UHY1004,USD,4,35,257,32,7,0.05,2018-10-27,2019-01-11,2019-01-26,2019-02-01,1998.95,3075.30
"SO - 0002062",Online,WARE-UHY1004,USD,17,29,251,8,6,0.2,2018-07-19,2019-01-11,2019-01-30,2019-02-09,2682.14,5587.80
"SO - 0002063",In-Store,WARE-NMK1003,USD,10,4,89,22,3,0.2,2018-10-27,2019-01-11,2019-01-13,2019-01-23,855.46,1125.60
"SO - 0002064",Distributor,WARE-NMK1003,USD,22,6,172,45,1,0.05,2018-10-27,2019-01-12,2019-02-01,2019-02-09,2737.62,6083.60
"SO - 0002065",Online,WARE-PUJ1005,USD,19,31,285,8,4,0.1,2018-07-19,2019-01-12,2019-02-07,2019-02-10,665.71,964.80
"SO - 0002066",In-Store,WARE-PUJ1005,USD,6,27,307,30,2,0.08,2018-10-27,2019-01-12,2019-01-28,2019-02-06,133.20,187.60
"SO - 0002067",Wholesale,WARE-PUJ1005,USD,27,12,328,23,3,0.15,2018-07-19,2019-01-12,2019-01-22,2019-01-29,295.47,703.50
"SO - 0002068",Distributor,WARE-NMK1003,USD,21,37,166,39,8,0.05,2018-10-27,2019-01-12,2019-01-21,2019-01-30,1877.88,3832.40
"SO - 0002069",Distributor,WARE-NMK1003,USD,23,34,94,2,4,0.1,2018-10-27,2019-01-12,2019-01-17,2019-01-21,2321.22,5661.50
"SO - 0002070",In-Store,WARE-NMK1003,USD,3,50,127,37,7,0.2,2018-10-27,2019-01-12,2019-01-15,2019-01-20,159.93,207.70
"SO - 0002071",Distributor,WARE-PUJ1005,USD,21,20,283,41,5,0.2,2018-10-27,2019-01-12,2019-01-26,2019-02-03,3308.80,3892.70
"SO - 0002072",In-Store,WARE-PUJ1005,USD,11,1,316,16,7,0.05,2018-10-27,2019-01-12,2019-02-01,2019-02-06,1713.06,2519.20
"SO - 0002073",In-Store,WARE-NBV1002,USD,11,41,64,33,2,0.08,2018-10-27,2019-01-12,2019-02-08,2019-02-12,1460.60,2921.20
"SO - 0002074",In-Store,WARE-NMK1003,USD,5,39,154,24,7,0.05,2018-10-27,2019-01-13,2019-01-20,2019-01-22,2517.53,5594.50
"SO - 0002075",In-Store,WARE-NMK1003,USD,6,27,116,37,6,0.15,2018-10-27,2019-01-13,2019-01-25,2019-01-29,743.70,991.60
"SO - 0002076",In-Store,WARE-NBV1002,USD,3,13,63,29,7,0.05,2018-10-27,2019-01-13,2019-01-28,2019-01-29,570.30,891.10
"SO - 0002077",Wholesale,WARE-UHY1004,USD,26,14,240,3,4,0.05,2018-10-27,2019-01-13,2019-01-16,2019-01-24,2442.15,5427.00
"SO - 0002078",Online,WARE-XYS1001,USD,15,5,1,8,1,0.2,2018-10-27,2019-01-13,2019-01-15,2019-01-18,3279.92,3999.90
"SO - 0002079",In-Store,WARE-PUJ1005,USD,11,34,278,43,7,0.08,2018-10-27,2019-01-14,2019-02-06,2019-02-10,522.00,1065.30
"SO - 0002080",In-Store,WARE-NMK1003,USD,1,41,190,8,2,0.4,2018-07-19,2019-01-14,2019-01-20,2019-01-30,142.84,174.20
"SO - 0002081",In-Store,WARE-PUJ1005,USD,1,3,313,42,8,0.2,2018-07-19,2019-01-14,2019-01-18,2019-01-28,3131.58,3819.00
"SO - 0002082",Wholesale,WARE-MKL1006,USD,26,38,339,22,1,0.05,2018-10-27,2019-01-14,2019-01-18,2019-01-24,730.43,1058.60
"SO - 0002083",In-Store,WARE-UHY1004,USD,11,48,249,46,4,0.4,2018-07-19,2019-01-14,2019-01-24,2019-02-01,2594.24,3242.80
"SO - 0002084",Distributor,WARE-MKL1006,USD,25,24,350,16,8,0.08,2018-10-27,2019-01-15,2019-02-09,2019-02-13,4705.14,6445.40
"SO - 0002085",In-Store,WARE-NBV1002,USD,6,40,67,24,1,0.15,2018-10-27,2019-01-15,2019-01-29,2019-02-05,586.12,1085.40
"SO - 0002086",In-Store,WARE-NMK1003,USD,12,33,101,22,2,0.05,2018-10-27,2019-01-15,2019-01-26,2019-01-29,1999.82,3571.10
"SO - 0002087",In-Store,WARE-PUJ1005,USD,7,10,316,27,8,0.2,2018-10-27,2019-01-15,2019-02-09,2019-02-13,1319.23,2398.60
"SO - 0002088",Online,WARE-MKL1006,USD,15,8,355,45,5,0.05,2018-10-27,2019-01-15,2019-02-06,2019-02-07,1026.84,1299.80
"SO - 0002089",Distributor,WARE-PUJ1005,USD,23,41,273,32,6,0.05,2018-07-19,2019-01-15,2019-02-05,2019-02-15,658.28,877.70
"SO - 0002090",In-Store,WARE-XYS1001,USD,10,32,23,47,7,0.2,2018-07-19,2019-01-15,2019-02-01,2019-02-07,712.88,1018.40
"SO - 0002091",In-Store,WARE-NMK1003,USD,7,26,124,4,7,0.1,2018-10-27,2019-01-15,2019-01-24,2019-01-31,2365.77,3584.50
"SO - 0002092",In-Store,WARE-NMK1003,USD,9,39,88,18,4,0.05,2018-10-27,2019-01-15,2019-02-09,2019-02-19,743.70,991.60
"SO - 0002093",Online,WARE-XYS1001,USD,13,24,13,35,1,0.15,2018-07-19,2019-01-15,2019-01-23,2019-01-25,3323.74,6391.80
"SO - 0002094",Online,WARE-XYS1001,USD,18,19,36,6,1,0.05,2018-10-27,2019-01-16,2019-02-11,2019-02-14,644.54,871.00
"SO - 0002095",In-Store,WARE-PUJ1005,USD,2,18,277,2,7,0.08,2018-10-27,2019-01-16,2019-02-12,2019-02-15,923.13,1112.20
"SO - 0002096",In-Store,WARE-UHY1004,USD,4,17,249,29,1,0.15,2018-10-27,2019-01-16,2019-01-22,2019-01-28,844.47,1835.80
"SO - 0002097",In-Store,WARE-MKL1006,USD,11,39,334,44,8,0.08,2018-10-27,2019-01-16,2019-02-13,2019-02-23,90.45,201.00
"SO - 0002098",In-Store,WARE-XYS1001,USD,1,38,48,5,1,0.1,2018-10-27,2019-01-16,2019-01-21,2019-01-26,3526.88,5038.40
"SO - 0002099",Online,WARE-MKL1006,USD,18,32,336,28,8,0.1,2018-10-27,2019-01-17,2019-02-14,2019-02-23,933.98,1098.80
"SO - 0002100",In-Store,WARE-UHY1004,USD,9,21,246,37,3,0.08,2018-10-27,2019-01-17,2019-02-05,2019-02-13,1703.48,2271.30
"SO - 0002101",In-Store,WARE-PUJ1005,USD,8,5,287,8,6,0.05,2018-10-27,2019-01-17,2019-01-29,2019-02-05,617.20,1313.20
"SO - 0002102",In-Store,WARE-NMK1003,USD,1,19,91,17,4,0.05,2018-10-27,2019-01-17,2019-02-09,2019-02-18,388.60,971.50
"SO - 0002103",Distributor,WARE-UHY1004,USD,25,11,231,13,4,0.08,2018-10-27,2019-01-17,2019-02-09,2019-02-15,1444.99,1829.10
"SO - 0002104",In-Store,WARE-UHY1004,USD,4,35,217,42,2,0.1,2018-10-27,2019-01-17,2019-01-31,2019-02-06,1370.89,1735.30
"SO - 0002105",In-Store,WARE-XYS1001,USD,9,21,25,38,8,0.3,2018-10-27,2019-01-17,2019-01-19,2019-01-21,1769.81,3932.90
"SO - 0002106",Online,WARE-NMK1003,USD,19,11,184,38,8,0.4,2018-07-19,2019-01-17,2019-01-24,2019-01-25,1804.18,2653.20
"SO - 0002107",Wholesale,WARE-PUJ1005,USD,28,31,290,46,4,0.1,2018-10-27,2019-01-17,2019-01-25,2019-01-28,1355.54,1882.70
"SO - 0002108",In-Store,WARE-UHY1004,USD,6,48,215,33,4,0.05,2018-10-27,2019-01-17,2019-01-20,2019-01-27,2359.74,3932.90
"SO - 0002109",In-Store,WARE-PUJ1005,USD,12,24,329,40,4,0.08,2018-10-27,2019-01-17,2019-01-26,2019-02-04,2034.66,3912.80
"SO - 0002110",Distributor,WARE-PUJ1005,USD,23,38,300,27,5,0.15,2018-10-27,2019-01-18,2019-02-06,2019-02-15,743.43,978.20
"SO - 0002111",Online,WARE-UHY1004,USD,18,48,254,15,6,0.1,2018-07-19,2019-01-18,2019-01-30,2019-01-31,1197.63,1842.50
"SO - 0002112",In-Store,WARE-UHY1004,USD,12,7,213,46,7,0.4,2018-10-27,2019-01-18,2019-01-27,2019-02-02,104.39,254.60
"SO - 0002113",Online,WARE-XYS1001,USD,20,25,23,14,1,0.08,2018-10-27,2019-01-18,2019-01-30,2019-02-09,575.26,1065.30
"SO - 0002114",Online,WARE-XYS1001,USD,16,12,44,31,5,0.3,2018-07-19,2019-01-18,2019-02-11,2019-02-19,2211.80,3510.80
"SO - 0002115",Distributor,WARE-UHY1004,USD,22,9,227,5,7,0.08,2018-10-27,2019-01-18,2019-01-24,2019-01-29,2907.87,5701.70
"SO - 0002116",Wholesale,WARE-NMK1003,USD,27,39,198,44,3,0.15,2018-10-27,2019-01-18,2019-02-03,2019-02-09,2373.14,3390.20
"SO - 0002117",In-Store,WARE-NBV1002,USD,10,46,85,40,1,0.1,2018-10-27,2019-01-19,2019-01-22,2019-01-23,1401.84,2298.10
"SO - 0002118",In-Store,WARE-PUJ1005,USD,1,6,270,3,6,0.2,2018-10-27,2019-01-19,2019-02-02,2019-02-07,1663.07,3959.70
"SO - 0002119",Online,WARE-UHY1004,USD,14,22,243,2,6,0.08,2018-10-27,2019-01-19,2019-02-06,2019-02-07,1715.47,2318.20
"SO - 0002120",Distributor,WARE-MKL1006,USD,21,33,362,44,2,0.2,2018-10-27,2019-01-19,2019-01-22,2019-01-26,82.41,201.00
"SO - 0002121",Online,WARE-NMK1003,USD,15,26,142,33,3,0.1,2018-10-27,2019-01-19,2019-01-31,2019-02-10,2403.29,2827.40
"SO - 0002122",In-Store,WARE-XYS1001,USD,6,42,7,8,2,0.1,2018-10-27,2019-01-19,2019-02-06,2019-02-13,689.83,884.40
"SO - 0002123",In-Store,WARE-PUJ1005,USD,2,45,299,39,4,0.1,2018-10-27,2019-01-19,2019-02-06,2019-02-12,2697.15,3966.40
"SO - 0002124",Distributor,WARE-PUJ1005,USD,24,32,285,20,8,0.05,2018-07-19,2019-01-20,2019-01-25,2019-01-26,3314.49,3899.40
"SO - 0002125",Online,WARE-NMK1003,USD,20,38,197,39,1,0.05,2018-10-27,2019-01-20,2019-02-08,2019-02-09,547.06,770.50
"SO - 0002126",In-Store,WARE-NMK1003,USD,6,46,94,13,8,0.05,2018-10-27,2019-01-20,2019-02-17,2019-02-24,633.49,1038.50
"SO - 0002127",Online,WARE-NMK1003,USD,15,31,102,20,3,0.4,2018-10-27,2019-01-20,2019-02-03,2019-02-06,661.63,837.50
"SO - 0002128",Online,WARE-XYS1001,USD,14,43,36,9,3,0.08,2018-10-27,2019-01-20,2019-02-07,2019-02-10,3076.57,6545.90
"SO - 0002129",In-Store,WARE-UHY1004,USD,7,14,246,9,3,0.1,2018-10-27,2019-01-20,2019-02-04,2019-02-11,198.59,254.60
"SO - 0002130",Online,WARE-PUJ1005,USD,20,7,294,20,2,0.4,2018-10-27,2019-01-20,2019-02-03,2019-02-08,78.39,174.20
"SO - 0002131",In-Store,WARE-XYS1001,USD,2,39,22,22,3,0.1,2018-10-27,2019-01-20,2019-02-13,2019-02-14,768.83,1025.10
"SO - 0002132",Wholesale,WARE-PUJ1005,USD,26,3,277,36,2,0.05,2018-10-27,2019-01-20,2019-01-31,2019-02-05,727.96,1775.50
"SO - 0002133",Wholesale,WARE-MKL1006,USD,26,41,350,25,8,0.4,2018-10-27,2019-01-20,2019-02-04,2019-02-08,2000.22,3390.20
"SO - 0002134",Online,WARE-NMK1003,USD,19,7,170,23,3,0.05,2018-10-27,2019-01-20,2019-01-24,2019-01-30,93.80,234.50
"SO - 0002135",In-Store,WARE-PUJ1005,USD,3,6,291,9,5,0.05,2018-10-27,2019-01-20,2019-01-27,2019-02-05,1454.97,2385.20
"SO - 0002136",Wholesale,WARE-UHY1004,USD,28,18,242,5,2,0.05,2018-10-27,2019-01-20,2019-02-12,2019-02-17,446.56,1038.50
"SO - 0002137",In-Store,WARE-NBV1002,USD,8,14,68,10,1,0.08,2018-07-19,2019-01-20,2019-02-13,2019-02-23,1395.74,2492.40
"SO - 0002138",In-Store,WARE-XYS1001,USD,9,3,56,24,8,0.15,2018-10-27,2019-01-20,2019-01-22,2019-01-29,595.76,1045.20
"SO - 0002139",Online,WARE-PUJ1005,USD,12,34,296,14,2,0.4,2018-10-27,2019-01-20,2019-01-26,2019-01-28,2779.83,6177.40
"SO - 0002140",Online,WARE-UHY1004,USD,14,47,230,31,6,0.05,2018-10-27,2019-01-20,2019-02-08,2019-02-15,1214.31,2639.80
"SO - 0002141",Online,WARE-NMK1003,USD,16,50,187,15,8,0.15,2018-10-27,2019-01-20,2019-02-04,2019-02-07,1316.95,2532.60
"SO - 0002142",In-Store,WARE-PUJ1005,USD,7,35,281,11,5,0.1,2018-10-27,2019-01-20,2019-02-06,2019-02-15,687.82,1165.80
"SO - 0002143",Online,WARE-NMK1003,USD,13,35,173,13,3,0.4,2018-10-27,2019-01-21,2019-02-08,2019-02-11,3207.36,3959.70
"SO - 0002144",In-Store,WARE-NMK1003,USD,5,20,134,20,7,0.08,2018-10-27,2019-01-21,2019-02-13,2019-02-17,619.08,1125.60
"SO - 0002145",Online,WARE-NMK1003,USD,14,19,128,4,5,0.08,2018-10-27,2019-01-21,2019-01-26,2019-01-31,1282.38,2331.60
"SO - 0002146",Wholesale,WARE-NMK1003,USD,27,33,123,47,7,0.1,2018-10-27,2019-01-21,2019-01-28,2019-02-06,1346.23,1896.10
"SO - 0002147",In-Store,WARE-PUJ1005,USD,1,43,280,46,6,0.1,2018-10-27,2019-01-21,2019-02-08,2019-02-14,3320.52,3953.00
"SO - 0002148",Online,WARE-PUJ1005,USD,18,49,278,23,6,0.05,2018-10-27,2019-01-21,2019-01-26,2019-02-01,634.62,857.60
"SO - 0002149",Wholesale,WARE-UHY1004,USD,25,33,230,26,4,0.1,2018-07-19,2019-01-22,2019-02-11,2019-02-17,3272.01,5641.40
"SO - 0002150",Online,WARE-NMK1003,USD,16,48,148,37,1,0.05,2018-10-27,2019-01-22,2019-02-14,2019-02-16,1552.39,2217.70
"SO - 0002151",In-Store,WARE-XYS1001,USD,4,37,36,14,7,0.2,2018-10-27,2019-01-22,2019-01-29,2019-02-02,1317.69,1855.90
"SO - 0002152",Distributor,WARE-NMK1003,USD,25,15,134,35,2,0.08,2018-10-27,2019-01-22,2019-02-02,2019-02-06,1581.20,1976.50
"SO - 0002153",Distributor,WARE-NBV1002,USD,21,5,76,20,2,0.1,2018-10-27,2019-01-22,2019-01-28,2019-01-29,628.53,1065.30
"SO - 0002154",Online,WARE-UHY1004,USD,19,36,252,25,3,0.05,2018-10-27,2019-01-23,2019-02-11,2019-02-14,2594.64,3872.60
"SO - 0002155",In-Store,WARE-NMK1003,USD,7,24,150,10,2,0.05,2018-10-27,2019-01-23,2019-02-16,2019-02-17,1826.42,3886.00
"SO - 0002156",Online,WARE-NBV1002,USD,19,10,75,36,8,0.05,2018-10-27,2019-01-23,2019-02-16,2019-02-26,222.44,268.00
"SO - 0002157",In-Store,WARE-UHY1004,USD,12,9,225,11,4,0.05,2018-10-27,2019-01-23,2019-02-19,2019-02-24,92.19,214.40
"SO - 0002158",Online,WARE-MKL1006,USD,19,12,346,34,5,0.08,2018-10-27,2019-01-23,2019-02-03,2019-02-05,433.09,676.70
"SO - 0002159",Online,WARE-NMK1003,USD,14,39,174,4,1,0.05,2018-10-27,2019-01-23,2019-02-07,2019-02-08,412.05,1005.00
"SO - 0002160",Online,WARE-PUJ1005,USD,15,47,278,5,1,0.05,2018-10-27,2019-01-23,2019-02-12,2019-02-15,703.10,1065.30
"SO - 0002161",In-Store,WARE-MKL1006,USD,7,15,352,33,2,0.1,2018-10-27,2019-01-23,2019-02-03,2019-02-11,113.90,167.50
"SO - 0002162",In-Store,WARE-XYS1001,USD,3,11,47,11,4,0.15,2018-10-27,2019-01-23,2019-02-14,2019-02-19,837.23,1179.20
"SO - 0002163",Online,WARE-NMK1003,USD,14,5,180,6,7,0.2,2018-07-19,2019-01-23,2019-02-07,2019-02-10,3485.34,5808.90
"SO - 0002164",Distributor,WARE-NBV1002,USD,20,25,87,30,4,0.05,2018-10-27,2019-01-24,2019-02-20,2019-02-23,3093.12,3772.10
"SO - 0002165",In-Store,WARE-NBV1002,USD,8,25,64,19,1,0.05,2018-10-27,2019-01-24,2019-02-10,2019-02-12,1532.96,3484.00
"SO - 0002166",Online,WARE-PUJ1005,USD,13,16,286,17,8,0.08,2018-10-27,2019-01-24,2019-02-02,2019-02-11,420.76,1051.90
"SO - 0002167",In-Store,WARE-MKL1006,USD,5,1,335,8,1,0.08,2018-10-27,2019-01-24,2019-02-05,2019-02-10,116.31,207.70
"SO - 0002168",Online,WARE-XYS1001,USD,16,14,38,18,3,0.1,2018-10-27,2019-01-24,2019-01-28,2019-02-07,1195.95,1708.50
"SO - 0002169",In-Store,WARE-NMK1003,USD,8,30,161,32,2,0.15,2018-10-27,2019-01-25,2019-02-17,2019-02-26,794.42,1118.90
"SO - 0002170",In-Store,WARE-UHY1004,USD,3,44,241,10,4,0.1,2018-10-27,2019-01-25,2019-01-27,2019-02-04,796.36,1896.10
"SO - 0002171",Distributor,WARE-NMK1003,USD,24,6,191,36,4,0.1,2018-10-27,2019-01-25,2019-02-15,2019-02-25,931.23,2271.30
"SO - 0002172",In-Store,WARE-PUJ1005,USD,4,1,303,18,4,0.08,2018-10-27,2019-01-25,2019-02-16,2019-02-23,3749.86,5681.60
"SO - 0002173",Wholesale,WARE-MKL1006,USD,26,25,330,34,1,0.08,2018-10-27,2019-01-25,2019-02-21,2019-02-25,607.22,1065.30
"SO - 0002174",In-Store,WARE-UHY1004,USD,9,46,233,13,4,0.05,2018-10-27,2019-01-25,2019-02-05,2019-02-15,2140.99,2579.50
"SO - 0002175",Distributor,WARE-PUJ1005,USD,21,38,274,14,6,0.05,2018-10-27,2019-01-26,2019-01-29,2019-02-07,2987.06,3879.30
"SO - 0002176",Wholesale,WARE-MKL1006,USD,26,44,333,42,6,0.3,2018-10-27,2019-01-26,2019-01-30,2019-01-31,1242.85,2485.70
"SO - 0002177",Online,WARE-UHY1004,USD,14,42,227,47,6,0.2,2018-10-27,2019-01-26,2019-02-10,2019-02-15,707.79,931.30
"SO - 0002178",In-Store,WARE-PUJ1005,USD,2,27,310,8,3,0.05,2018-10-27,2019-01-26,2019-02-11,2019-02-20,856.39,1112.20
"SO - 0002179",Online,WARE-NMK1003,USD,13,20,98,31,6,0.08,2018-10-27,2019-01-26,2019-01-31,2019-02-06,465.78,1058.60
"SO - 0002180",In-Store,WARE-XYS1001,USD,2,42,51,43,8,0.15,2018-10-27,2019-01-26,2019-02-14,2019-02-23,824.90,1018.40
"SO - 0002181",Online,WARE-PUJ1005,USD,12,33,284,42,3,0.05,2018-10-27,2019-01-27,2019-02-04,2019-02-05,1091.97,1882.70
"SO - 0002182",Online,WARE-XYS1001,USD,13,12,22,39,7,0.1,2018-10-27,2019-01-27,2019-02-03,2019-02-12,563.81,1025.10
"SO - 0002183",In-Store,WARE-PUJ1005,USD,1,49,301,42,4,0.08,2018-10-27,2019-01-27,2019-02-11,2019-02-14,4176.65,5882.60
"SO - 0002184",Online,WARE-XYS1001,USD,16,17,48,39,1,0.15,2018-10-27,2019-01-27,2019-02-08,2019-02-16,866.71,1125.60
"SO - 0002185",Online,WARE-XYS1001,USD,15,34,43,28,5,0.1,2018-10-27,2019-01-27,2019-02-19,2019-02-26,920.98,1165.80
"SO - 0002186",Online,WARE-NMK1003,USD,19,41,127,36,8,0.2,2018-10-27,2019-01-27,2019-01-29,2019-02-03,3533.18,5353.30
"SO - 0002187",Wholesale,WARE-NMK1003,USD,28,32,103,14,7,0.1,2018-10-27,2019-01-27,2019-02-14,2019-02-17,1989.90,3979.80
"SO - 0002188",Wholesale,WARE-XYS1001,USD,26,13,21,16,6,0.08,2018-10-27,2019-01-27,2019-02-15,2019-02-17,126.30,194.30
"SO - 0002189",In-Store,WARE-UHY1004,USD,3,21,246,10,3,0.2,2018-10-27,2019-01-27,2019-02-23,2019-03-05,2812.33,3852.50
"SO - 0002190",Online,WARE-MKL1006,USD,12,19,344,30,1,0.08,2018-10-27,2019-01-27,2019-02-18,2019-02-27,2555.11,6083.60
"SO - 0002191",Distributor,WARE-MKL1006,USD,21,37,365,28,2,0.05,2018-10-27,2019-01-27,2019-02-13,2019-02-14,2538.23,6190.80
"SO - 0002192",Wholesale,WARE-UHY1004,USD,26,44,253,35,8,0.05,2018-10-27,2019-01-28,2019-02-22,2019-03-04,2966.43,3852.50
"SO - 0002193",Online,WARE-UHY1004,USD,13,50,253,11,7,0.08,2018-10-27,2019-01-28,2019-02-24,2019-03-04,850.30,1735.30
"SO - 0002194",In-Store,WARE-NMK1003,USD,4,27,143,8,3,0.3,2018-10-27,2019-01-28,2019-02-17,2019-02-27,1098.80,2680.00
"SO - 0002195",In-Store,WARE-NMK1003,USD,7,48,133,27,3,0.08,2018-10-27,2019-01-28,2019-02-22,2019-02-26,686.75,1675.00
"SO - 0002196",Distributor,WARE-UHY1004,USD,24,23,240,16,3,0.08,2018-10-27,2019-01-28,2019-02-25,2019-03-04,908.12,1681.70
"SO - 0002197",Distributor,WARE-PUJ1005,USD,25,38,313,3,8,0.1,2018-10-27,2019-01-28,2019-02-25,2019-02-28,2374.55,3892.70
"SO - 0002198",Distributor,WARE-MKL1006,USD,23,48,356,5,3,0.1,2018-10-27,2019-01-28,2019-02-14,2019-02-20,1870.51,3979.80
"SO - 0002199",Distributor,WARE-UHY1004,USD,24,41,239,36,1,0.08,2018-10-27,2019-01-28,2019-02-10,2019-02-12,507.06,1152.40
"SO - 0002200",Online,WARE-MKL1006,USD,15,38,348,6,1,0.1,2018-10-27,2019-01-28,2019-01-31,2019-02-01,1565.79,3819.00
"SO - 0002201",In-Store,WARE-PUJ1005,USD,10,24,268,47,5,0.08,2018-10-27,2019-01-28,2019-02-19,2019-02-27,1955.86,2385.20
"SO - 0002202",Distributor,WARE-NMK1003,USD,24,8,106,29,3,0.08,2018-10-27,2019-01-28,2019-02-06,2019-02-13,2056.03,3879.30
"SO - 0002203",Online,WARE-XYS1001,USD,15,18,32,20,8,0.08,2018-10-27,2019-01-28,2019-02-22,2019-03-04,2405.97,3819.00
"SO - 0002204",In-Store,WARE-PUJ1005,USD,8,49,261,36,7,0.08,2018-10-27,2019-01-28,2019-02-20,2019-02-28,141.24,207.70
"SO - 0002205",In-Store,WARE-NMK1003,USD,1,33,175,18,4,0.08,2018-10-27,2019-01-28,2019-02-20,2019-02-23,884.40,1105.50
"SO - 0002206",In-Store,WARE-NBV1002,USD,12,25,73,41,3,0.1,2018-10-27,2019-01-28,2019-02-01,2019-02-10,109.75,174.20
"SO - 0002207",In-Store,WARE-NBV1002,USD,6,5,65,44,1,0.08,2018-10-27,2019-01-28,2019-02-24,2019-02-26,773.98,1018.40
"SO - 0002208",In-Store,WARE-NBV1002,USD,11,43,86,38,8,0.08,2018-10-27,2019-01-29,2019-02-22,2019-02-28,1161.91,2525.90
"SO - 0002209",Online,WARE-PUJ1005,USD,20,3,287,40,7,0.3,2018-10-27,2019-01-29,2019-02-03,2019-02-12,2354.11,3859.20
"SO - 0002210",Distributor,WARE-MKL1006,USD,22,20,341,38,1,0.08,2018-10-27,2019-01-29,2019-02-11,2019-02-14,1522.24,2378.50
"SO - 0002211",In-Store,WARE-NMK1003,USD,10,11,107,7,3,0.2,2018-10-27,2019-01-29,2019-02-07,2019-02-17,1386.90,2010.00
"SO - 0002212",In-Store,WARE-NBV1002,USD,12,6,80,6,2,0.05,2018-10-27,2019-01-29,2019-02-13,2019-02-17,1585.02,3865.90
"SO - 0002213",Online,WARE-XYS1001,USD,13,30,31,9,3,0.05,2018-10-27,2019-01-29,2019-02-03,2019-02-08,1242.31,1701.80
"SO - 0002214",In-Store,WARE-NMK1003,USD,2,49,178,16,1,0.1,2018-10-27,2019-01-29,2019-02-20,2019-02-26,944.70,1889.40
"SO - 0002215",Wholesale,WARE-NMK1003,USD,27,3,178,16,6,0.1,2018-10-27,2019-01-29,2019-02-18,2019-02-19,114.97,221.10
"SO - 0002216",Online,WARE-NMK1003,USD,13,4,115,27,3,0.1,2018-10-27,2019-01-29,2019-02-09,2019-02-12,492.45,984.90
"SO - 0002217",Wholesale,WARE-XYS1001,USD,26,21,7,1,1,0.08,2018-10-27,2019-01-29,2019-02-14,2019-02-23,483.47,1098.80
"SO - 0002218",In-Store,WARE-NMK1003,USD,5,34,101,24,7,0.1,2018-10-27,2019-01-30,2019-02-18,2019-02-28,577.41,931.30
"SO - 0002219",Online,WARE-UHY1004,USD,18,41,214,3,1,0.08,2018-10-27,2019-01-30,2019-02-24,2019-03-01,4456.71,5641.40
"SO - 0002220",Distributor,WARE-PUJ1005,USD,21,28,316,2,1,0.15,2018-10-27,2019-01-30,2019-02-22,2019-02-27,788.32,1065.30
"SO - 0002221",In-Store,WARE-XYS1001,USD,8,7,42,4,5,0.1,2018-10-27,2019-01-30,2019-02-08,2019-02-14,857.47,1058.60
"SO - 0002222",Wholesale,WARE-XYS1001,USD,27,19,7,9,6,0.1,2018-10-27,2019-01-30,2019-02-19,2019-02-28,902.83,1842.50
"SO - 0002223",In-Store,WARE-NMK1003,USD,2,21,183,22,7,0.08,2018-10-27,2019-01-31,2019-02-19,2019-02-21,1619.26,2840.80
"SO - 0002224",In-Store,WARE-MKL1006,USD,10,48,338,25,4,0.08,2018-10-27,2019-01-31,2019-02-25,2019-03-07,2020.72,3886.00
"SO - 0002225",Wholesale,WARE-PUJ1005,USD,26,26,279,28,6,0.08,2018-10-27,2019-01-31,2019-02-13,2019-02-14,1084.19,1869.30
"SO - 0002226",Distributor,WARE-PUJ1005,USD,21,30,320,44,7,0.08,2018-10-27,2019-01-31,2019-02-21,2019-03-03,825.44,1072.00
"SO - 0002227",Online,WARE-PUJ1005,USD,16,41,304,42,4,0.15,2018-10-27,2019-01-31,2019-02-24,2019-02-28,857.94,1319.90
"SO - 0002228",Online,WARE-NMK1003,USD,13,39,195,36,5,0.15,2018-10-27,2019-01-31,2019-02-22,2019-03-02,1762.90,3832.40
"SO - 0002229",In-Store,WARE-NMK1003,USD,7,14,145,37,5,0.3,2018-10-27,2019-01-31,2019-02-24,2019-02-25,2069.50,2653.20
"SO - 0002230",In-Store,WARE-PUJ1005,USD,2,4,302,42,1,0.4,2018-10-27,2019-02-01,2019-03-01,2019-03-10,1149.18,1715.20
"SO - 0002231",Wholesale,WARE-UHY1004,USD,26,22,242,22,6,0.1,2018-10-27,2019-02-01,2019-02-10,2019-02-14,1615.44,3437.10
"SO - 0002232",Online,WARE-NBV1002,USD,16,4,84,35,1,0.3,2018-10-27,2019-02-01,2019-02-10,2019-02-11,2581.18,3852.50
"SO - 0002233",Online,WARE-MKL1006,USD,16,6,355,46,5,0.05,2018-10-27,2019-02-01,2019-02-21,2019-02-23,1552.12,1989.90
"SO - 0002234",Online,WARE-NMK1003,USD,14,23,124,17,3,0.05,2018-10-27,2019-02-01,2019-02-28,2019-03-04,827.99,1118.90
"SO - 0002235",Distributor,WARE-UHY1004,USD,21,40,243,15,2,0.08,2018-10-27,2019-02-02,2019-02-07,2019-02-12,709.87,1092.10
"SO - 0002236",In-Store,WARE-PUJ1005,USD,2,29,301,35,7,0.05,2018-10-27,2019-02-02,2019-02-12,2019-02-15,1154.54,2405.30
"SO - 0002237",Online,WARE-UHY1004,USD,12,4,235,25,2,0.4,2018-10-27,2019-02-02,2019-02-11,2019-02-21,446.56,1038.50
"SO - 0002238",Wholesale,WARE-NMK1003,USD,26,21,90,8,6,0.1,2018-10-27,2019-02-02,2019-02-10,2019-02-11,546.85,1031.80
"SO - 0002239",Online,WARE-NMK1003,USD,18,29,154,32,5,0.05,2018-10-27,2019-02-02,2019-02-18,2019-02-24,1443.58,2532.60
"SO - 0002240",In-Store,WARE-NMK1003,USD,5,31,139,27,2,0.1,2018-10-27,2019-02-03,2019-02-26,2019-03-08,1557.15,2552.70
"SO - 0002241",In-Store,WARE-PUJ1005,USD,4,9,272,19,3,0.05,2018-10-27,2019-02-03,2019-02-05,2019-02-12,829.06,1802.30
"SO - 0002242",In-Store,WARE-PUJ1005,USD,1,40,321,28,7,0.1,2018-10-27,2019-02-03,2019-02-19,2019-03-01,694.66,1085.40
"SO - 0002243",Wholesale,WARE-MKL1006,USD,26,35,363,24,4,0.15,2018-10-27,2019-02-03,2019-02-26,2019-03-01,2354.38,3363.40
"SO - 0002244",Distributor,WARE-NMK1003,USD,24,32,193,47,5,0.05,2018-10-27,2019-02-03,2019-02-23,2019-02-24,2280.68,5701.70
"SO - 0002245",Online,WARE-MKL1006,USD,15,6,353,32,4,0.2,2018-10-27,2019-02-03,2019-02-24,2019-03-02,125.42,174.20
"SO - 0002246",Distributor,WARE-NMK1003,USD,24,11,168,21,2,0.1,2018-10-27,2019-02-03,2019-03-03,2019-03-09,671.14,1065.30
"SO - 0002247",Online,WARE-PUJ1005,USD,18,46,276,9,6,0.1,2018-10-27,2019-02-03,2019-02-15,2019-02-25,928.62,1105.50
"SO - 0002248",In-Store,WARE-MKL1006,USD,7,40,348,19,5,0.15,2018-10-27,2019-02-03,2019-02-16,2019-02-24,108.88,167.50
"SO - 0002249",Wholesale,WARE-PUJ1005,USD,26,24,300,22,7,0.1,2018-10-27,2019-02-04,2019-02-16,2019-02-23,3001.60,3752.00
"SO - 0002250",Wholesale,WARE-PUJ1005,USD,28,41,279,19,6,0.08,2018-10-27,2019-02-04,2019-02-18,2019-02-21,576.87,703.50
"SO - 0002251",Online,WARE-NMK1003,USD,13,19,174,27,4,0.05,2018-10-27,2019-02-04,2019-02-18,2019-02-26,772.11,1795.60
"SO - 0002252",In-Store,WARE-XYS1001,USD,9,45,56,36,1,0.05,2018-10-27,2019-02-04,2019-02-13,2019-02-20,2300.65,3899.40
"SO - 0002253",Online,WARE-NMK1003,USD,14,48,130,6,1,0.08,2018-10-27,2019-02-04,2019-03-04,2019-03-07,803.20,991.60
"SO - 0002254",Online,WARE-MKL1006,USD,16,13,357,25,1,0.15,2018-10-27,2019-02-04,2019-02-23,2019-02-27,1193.47,2539.30
"SO - 0002255",In-Store,WARE-UHY1004,USD,8,34,236,12,1,0.08,2018-10-27,2019-02-04,2019-02-21,2019-02-24,704.77,1051.90
"SO - 0002256",In-Store,WARE-NMK1003,USD,12,24,178,41,3,0.2,2018-10-27,2019-02-05,2019-03-01,2019-03-05,501.16,911.20
"SO - 0002257",Online,WARE-XYS1001,USD,18,2,30,25,3,0.08,2018-10-27,2019-02-05,2019-02-19,2019-02-28,3325.88,3912.80
"SO - 0002258",Distributor,WARE-PUJ1005,USD,23,48,312,7,5,0.08,2018-10-27,2019-02-05,2019-03-03,2019-03-06,708.79,998.30
"SO - 0002259",Distributor,WARE-XYS1001,USD,21,2,17,3,6,0.05,2018-10-27,2019-02-05,2019-02-08,2019-02-14,433.36,1031.80
"SO - 0002260",Distributor,WARE-NMK1003,USD,21,10,147,39,4,0.1,2018-10-27,2019-02-05,2019-02-19,2019-03-01,1459.46,2753.70
"SO - 0002261",Wholesale,WARE-NBV1002,USD,26,36,76,41,7,0.4,2018-10-27,2019-02-05,2019-02-08,2019-02-12,143.05,234.50
"SO - 0002262",Online,WARE-XYS1001,USD,20,35,42,42,2,0.05,2018-10-27,2019-02-05,2019-02-14,2019-02-24,702.03,1132.30
"SO - 0002263",In-Store,WARE-UHY1004,USD,5,37,219,39,2,0.1,2018-10-27,2019-02-05,2019-02-27,2019-03-02,449.97,978.20
"SO - 0002264",In-Store,WARE-MKL1006,USD,8,26,359,29,6,0.08,2018-10-27,2019-02-05,2019-02-08,2019-02-18,1938.58,2619.70
"SO - 0002265",Wholesale,WARE-XYS1001,USD,26,33,21,16,7,0.15,2018-10-27,2019-02-05,2019-02-21,2019-03-02,528.56,1078.70
"SO - 0002266",Wholesale,WARE-XYS1001,USD,28,16,29,5,2,0.05,2018-10-27,2019-02-05,2019-03-01,2019-03-03,804.80,1829.10
"SO - 0002267",Distributor,WARE-NMK1003,USD,21,42,149,22,1,0.05,2018-10-27,2019-02-06,2019-03-05,2019-03-13,508.87,1038.50
"SO - 0002268",Online,WARE-UHY1004,USD,19,31,249,9,5,0.05,2018-10-27,2019-02-06,2019-02-26,2019-03-08,1894.22,3946.30
"SO - 0002269",Online,WARE-PUJ1005,USD,18,24,295,23,1,0.05,2018-10-27,2019-02-06,2019-03-04,2019-03-13,2596.85,5299.70
"SO - 0002270",In-Store,WARE-NMK1003,USD,8,37,202,15,6,0.15,2018-10-27,2019-02-06,2019-03-02,2019-03-05,1442.71,2365.10
"SO - 0002271",Distributor,WARE-XYS1001,USD,23,6,47,5,3,0.15,2018-10-27,2019-02-06,2019-02-08,2019-02-16,120.60,268.00
"SO - 0002272",Wholesale,WARE-NMK1003,USD,27,22,136,28,8,0.08,2018-10-27,2019-02-06,2019-02-09,2019-02-18,785.91,1139.00
"SO - 0002273",Distributor,WARE-NMK1003,USD,25,19,148,21,6,0.05,2018-10-27,2019-02-06,2019-02-14,2019-02-15,751.74,1139.00
"SO - 0002274",Online,WARE-MKL1006,USD,18,13,352,7,2,0.3,2018-10-27,2019-02-06,2019-02-20,2019-02-27,148.74,247.90
"SO - 0002275",Online,WARE-NMK1003,USD,15,14,190,36,5,0.4,2018-10-27,2019-02-06,2019-02-28,2019-03-06,1806.05,3926.20
"SO - 0002276",Online,WARE-UHY1004,USD,14,8,218,22,8,0.05,2018-10-27,2019-02-06,2019-02-25,2019-03-05,712.88,938.00
"SO - 0002277",In-Store,WARE-PUJ1005,USD,5,44,297,31,6,0.08,2018-10-27,2019-02-07,2019-02-24,2019-03-06,2417.03,3718.50
"SO - 0002278",In-Store,WARE-PUJ1005,USD,6,50,281,17,4,0.05,2018-10-27,2019-02-07,2019-02-22,2019-02-24,1335.04,2472.30
"SO - 0002279",Wholesale,WARE-NMK1003,USD,26,21,100,45,5,0.05,2018-10-27,2019-02-07,2019-03-02,2019-03-05,3080.66,5601.20
"SO - 0002280",Online,WARE-XYS1001,USD,16,39,24,33,3,0.3,2018-10-27,2019-02-07,2019-02-16,2019-02-20,1861.06,3959.70
"SO - 0002281",Online,WARE-NMK1003,USD,18,1,155,34,5,0.15,2018-10-27,2019-02-07,2019-02-19,2019-02-20,720.92,1802.30
"SO - 0002282",In-Store,WARE-XYS1001,USD,3,39,30,7,3,0.05,2018-10-27,2019-02-07,2019-02-27,2019-03-01,1596.34,2418.70
"SO - 0002283",Distributor,WARE-XYS1001,USD,21,37,40,41,6,0.05,2018-10-27,2019-02-07,2019-02-10,2019-02-14,1065.84,1299.80
"SO - 0002284",Distributor,WARE-NMK1003,USD,21,4,169,20,6,0.1,2018-10-27,2019-02-07,2019-02-18,2019-02-26,682.53,1118.90
"SO - 0002285",In-Store,WARE-PUJ1005,USD,8,29,290,27,6,0.1,2018-10-27,2019-02-07,2019-02-14,2019-02-19,1573.16,3932.90
"SO - 0002286",Distributor,WARE-UHY1004,USD,21,2,212,38,1,0.08,2018-10-27,2019-02-07,2019-02-28,2019-03-01,95.07,221.10
"SO - 0002287",In-Store,WARE-XYS1001,USD,4,24,30,22,2,0.1,2018-10-27,2019-02-07,2019-03-06,2019-03-10,93.80,187.60
"SO - 0002288",Distributor,WARE-NMK1003,USD,23,34,152,8,7,0.05,2018-10-27,2019-02-08,2019-03-08,2019-03-18,1324.26,2244.50
"SO - 0002289",Online,WARE-UHY1004,USD,18,35,206,41,7,0.3,2018-10-27,2019-02-08,2019-03-08,2019-03-10,1799.75,2432.10
"SO - 0002290",In-Store,WARE-UHY1004,USD,7,7,225,22,5,0.05,2018-10-27,2019-02-08,2019-02-19,2019-02-25,3337.94,6298.00
"SO - 0002291",In-Store,WARE-NBV1002,USD,3,3,63,6,8,0.05,2018-10-27,2019-02-08,2019-02-13,2019-02-21,1476.35,2271.30
"SO - 0002292",Distributor,WARE-PUJ1005,USD,23,25,292,20,8,0.05,2018-10-27,2019-02-08,2019-03-03,2019-03-12,2785.86,3979.80
"SO - 0002293",In-Store,WARE-UHY1004,USD,11,36,255,27,4,0.4,2018-10-27,2019-02-08,2019-02-20,2019-02-23,166.43,241.20
"SO - 0002294",In-Store,WARE-UHY1004,USD,3,44,231,11,1,0.2,2018-10-27,2019-02-08,2019-02-18,2019-02-19,439.52,1098.80
"SO - 0002295",In-Store,WARE-XYS1001,USD,12,34,43,18,7,0.15,2018-10-27,2019-02-08,2019-02-19,2019-02-21,1468.91,2331.60
"SO - 0002296",In-Store,WARE-NBV1002,USD,10,18,81,9,5,0.05,2018-10-27,2019-02-08,2019-02-16,2019-02-19,2406.37,2934.60
"SO - 0002297",Online,WARE-MKL1006,USD,12,12,332,44,4,0.1,2018-10-27,2019-02-09,2019-03-09,2019-03-10,1377.45,1788.90
"SO - 0002298",In-Store,WARE-PUJ1005,USD,5,13,293,23,7,0.05,2018-10-27,2019-02-09,2019-02-12,2019-02-17,2583.25,3075.30
"SO - 0002299",Distributor,WARE-NMK1003,USD,24,45,173,42,2,0.05,2018-10-27,2019-02-09,2019-02-12,2019-02-16,1422.48,2257.90
"SO - 0002300",In-Store,WARE-PUJ1005,USD,8,44,300,2,8,0.15,2018-10-27,2019-02-09,2019-02-24,2019-03-02,612.05,971.50
"SO - 0002301",In-Store,WARE-NMK1003,USD,4,24,135,25,1,0.08,2018-10-27,2019-02-09,2019-03-02,2019-03-07,2482.42,3705.10
"SO - 0002302",Distributor,WARE-MKL1006,USD,25,25,330,23,6,0.08,2018-10-27,2019-02-09,2019-03-08,2019-03-12,110.95,241.20
"SO - 0002303",Online,WARE-MKL1006,USD,15,31,352,35,4,0.15,2018-10-27,2019-02-09,2019-02-21,2019-02-24,2529.92,3953.00
"SO - 0002304",In-Store,WARE-NMK1003,USD,10,30,90,13,5,0.08,2018-10-27,2019-02-10,2019-03-03,2019-03-08,337.68,844.20
"SO - 0002305",Wholesale,WARE-UHY1004,USD,26,39,248,36,3,0.08,2018-10-27,2019-02-10,2019-02-13,2019-02-14,1737.85,2633.10
"SO - 0002306",Online,WARE-NMK1003,USD,17,15,171,7,1,0.05,2018-10-27,2019-02-10,2019-02-23,2019-02-25,1412.49,1701.80
"SO - 0002307",Online,WARE-XYS1001,USD,12,17,12,44,4,0.08,2018-10-27,2019-02-10,2019-02-22,2019-03-04,78.73,167.50
"SO - 0002308",Online,WARE-MKL1006,USD,15,23,349,20,4,0.15,2018-10-27,2019-02-10,2019-03-05,2019-03-13,1236.82,2378.50
"SO - 0002309",Wholesale,WARE-XYS1001,USD,25,27,14,19,7,0.05,2018-10-27,2019-02-10,2019-02-19,2019-02-27,733.52,1078.70
"SO - 0002310",Online,WARE-NBV1002,USD,14,17,67,9,1,0.05,2018-10-27,2019-02-10,2019-02-17,2019-02-21,1888.19,2452.20
"SO - 0002311",Online,WARE-UHY1004,USD,15,25,259,9,5,0.08,2018-10-27,2019-02-10,2019-03-04,2019-03-14,1519.09,1922.90
"SO - 0002312",In-Store,WARE-UHY1004,USD,2,15,255,42,1,0.4,2018-10-27,2019-02-10,2019-03-10,2019-03-15,3859.07,6224.30
"SO - 0002313",Wholesale,WARE-PUJ1005,USD,28,10,271,27,4,0.15,2018-10-27,2019-02-11,2019-02-25,2019-03-01,994.28,1876.00
"SO - 0002314",In-Store,WARE-NMK1003,USD,10,4,190,17,5,0.05,2018-10-27,2019-02-11,2019-02-27,2019-03-04,2774.07,6304.70
"SO - 0002315",Distributor,WARE-UHY1004,USD,21,17,236,45,4,0.1,2018-10-27,2019-02-11,2019-02-27,2019-03-03,569.23,964.80
"SO - 0002316",In-Store,WARE-NMK1003,USD,7,43,116,43,2,0.15,2018-10-27,2019-02-11,2019-02-26,2019-03-01,2780.70,3611.30
"SO - 0002317",In-Store,WARE-PUJ1005,USD,5,31,306,36,3,0.08,2018-10-27,2019-02-11,2019-02-13,2019-02-19,633.15,1005.00
"SO - 0002318",Distributor,WARE-UHY1004,USD,24,38,225,8,2,0.15,2018-10-27,2019-02-11,2019-03-02,2019-03-04,1201.38,2793.90
"SO - 0002319",In-Store,WARE-NMK1003,USD,12,34,173,30,3,0.05,2018-10-27,2019-02-11,2019-03-01,2019-03-10,646.68,850.90
"SO - 0002320",In-Store,WARE-PUJ1005,USD,5,44,272,40,5,0.08,2018-10-27,2019-02-11,2019-03-07,2019-03-13,1913.52,2278.00
"SO - 0002321",Wholesale,WARE-XYS1001,USD,28,33,38,17,7,0.15,2018-10-27,2019-02-11,2019-02-19,2019-02-28,655.26,1092.10
"SO - 0002322",Wholesale,WARE-NMK1003,USD,27,33,159,26,4,0.05,2018-10-27,2019-02-11,2019-02-24,2019-03-06,3578.14,6505.70
"SO - 0002323",Distributor,WARE-NMK1003,USD,24,13,134,7,5,0.05,2018-10-27,2019-02-12,2019-02-15,2019-02-16,495.26,1125.60
"SO - 0002324",Distributor,WARE-NMK1003,USD,24,25,91,22,8,0.15,2018-10-27,2019-02-12,2019-03-09,2019-03-15,559.58,1165.80
"SO - 0002325",In-Store,WARE-NMK1003,USD,7,47,97,9,5,0.05,2018-10-27,2019-02-12,2019-03-06,2019-03-07,674.96,978.20
"SO - 0002326",Online,WARE-XYS1001,USD,19,31,54,4,8,0.08,2018-10-27,2019-02-12,2019-02-21,2019-02-28,1578.25,3035.10
"SO - 0002327",In-Store,WARE-PUJ1005,USD,11,7,322,31,4,0.08,2018-10-27,2019-02-12,2019-03-09,2019-03-10,167.23,214.40
"SO - 0002328",Online,WARE-MKL1006,USD,12,44,365,40,3,0.08,2018-10-27,2019-02-12,2019-03-05,2019-03-12,709.13,1125.60
"SO - 0002329",In-Store,WARE-NMK1003,USD,5,3,153,23,2,0.1,2018-10-27,2019-02-12,2019-02-24,2019-02-27,3284.94,5567.70
"SO - 0002330",Wholesale,WARE-PUJ1005,USD,28,40,284,10,7,0.08,2018-10-27,2019-02-12,2019-03-10,2019-03-15,70.35,167.50
"SO - 0002331",In-Store,WARE-XYS1001,USD,10,18,6,30,1,0.2,2018-10-27,2019-02-12,2019-03-09,2019-03-14,1111.66,1822.40
"SO - 0002332",Wholesale,WARE-PUJ1005,USD,28,6,284,9,2,0.4,2018-10-27,2019-02-12,2019-03-11,2019-03-12,2632.56,5983.10
"SO - 0002333",Online,WARE-PUJ1005,USD,16,37,271,43,2,0.1,2018-10-27,2019-02-12,2019-03-06,2019-03-12,1135.45,1802.30
"SO - 0002334",In-Store,WARE-XYS1001,USD,3,36,26,40,7,0.08,2018-10-27,2019-02-12,2019-03-06,2019-03-09,2481.95,3939.60
"SO - 0002335",Online,WARE-UHY1004,USD,15,50,210,4,1,0.08,2018-10-27,2019-02-13,2019-02-19,2019-02-24,311.28,676.70
"SO - 0002336",In-Store,WARE-XYS1001,USD,3,20,11,2,7,0.08,2018-10-27,2019-02-13,2019-02-18,2019-02-20,1452.02,3457.20
"SO - 0002337",In-Store,WARE-NMK1003,USD,9,29,170,6,5,0.15,2018-10-27,2019-02-14,2019-03-06,2019-03-10,4658.91,5681.60
"SO - 0002338",Distributor,WARE-UHY1004,USD,22,23,248,12,3,0.08,2018-10-27,2019-02-14,2019-03-03,2019-03-13,178.22,254.60
"SO - 0002339",Wholesale,WARE-UHY1004,USD,25,14,253,2,6,0.05,2018-10-27,2019-02-14,2019-03-05,2019-03-13,2831.89,3879.30
"SO - 0002340",In-Store,WARE-XYS1001,USD,3,16,47,37,1,0.05,2018-10-27,2019-02-14,2019-03-04,2019-03-06,1776.44,3289.70
"SO - 0002341",In-Store,WARE-XYS1001,USD,7,38,19,10,7,0.05,2018-10-27,2019-02-14,2019-02-23,2019-02-25,104.79,227.80
"SO - 0002342",In-Store,WARE-NMK1003,USD,5,13,182,5,3,0.08,2018-10-27,2019-02-14,2019-02-24,2019-02-28,1731.95,3685.00
"SO - 0002343",In-Store,WARE-UHY1004,USD,9,3,260,19,6,0.05,2018-10-27,2019-02-14,2019-03-14,2019-03-15,1724.58,3832.40
"SO - 0002344",In-Store,WARE-PUJ1005,USD,12,31,319,18,3,0.1,2018-10-27,2019-02-14,2019-03-06,2019-03-10,181.30,221.10
"SO - 0002345",In-Store,WARE-UHY1004,USD,3,9,247,37,8,0.05,2018-10-27,2019-02-14,2019-03-10,2019-03-18,1172.97,1922.90
"SO - 0002346",Online,WARE-NMK1003,USD,20,13,129,34,1,0.05,2018-10-27,2019-02-14,2019-03-09,2019-03-18,453.05,984.90
"SO - 0002347",Distributor,WARE-NBV1002,USD,22,27,87,41,3,0.05,2018-10-27,2019-02-15,2019-03-05,2019-03-08,776.60,1159.10
"SO - 0002348",Wholesale,WARE-NMK1003,USD,27,1,93,9,3,0.2,2018-10-27,2019-02-15,2019-03-05,2019-03-12,143.72,261.30
"SO - 0002349",Online,WARE-PUJ1005,USD,20,38,326,44,8,0.1,2018-10-27,2019-02-15,2019-03-06,2019-03-16,1181.88,1688.40
"SO - 0002350",In-Store,WARE-PUJ1005,USD,9,23,318,37,6,0.1,2018-10-27,2019-02-15,2019-03-13,2019-03-22,486.42,884.40
"SO - 0002351",Distributor,WARE-NMK1003,USD,25,11,172,14,6,0.2,2018-10-27,2019-02-16,2019-03-16,2019-03-17,621.89,797.30
"SO - 0002352",In-Store,WARE-NMK1003,USD,5,17,181,13,1,0.15,2018-10-27,2019-02-16,2019-03-03,2019-03-09,626.45,1139.00
"SO - 0002353",Online,WARE-UHY1004,USD,19,3,225,37,6,0.08,2018-10-27,2019-02-16,2019-03-05,2019-03-11,1457.92,1822.40
"SO - 0002354",Distributor,WARE-UHY1004,USD,24,4,220,4,8,0.1,2018-10-27,2019-02-16,2019-03-01,2019-03-02,1344.02,2278.00
"SO - 0002355",In-Store,WARE-PUJ1005,USD,10,3,285,6,5,0.1,2018-10-27,2019-02-16,2019-02-24,2019-02-25,120.60,167.50
"SO - 0002356",Wholesale,WARE-NMK1003,USD,28,47,105,41,6,0.15,2018-10-27,2019-02-16,2019-03-05,2019-03-11,512.55,683.40
"SO - 0002357",Wholesale,WARE-NMK1003,USD,28,3,119,1,8,0.08,2018-10-27,2019-02-16,2019-03-01,2019-03-04,748.66,1011.70
"SO - 0002358",Distributor,WARE-NMK1003,USD,23,49,165,29,1,0.08,2018-10-27,2019-02-16,2019-03-04,2019-03-09,1512.19,2479.00
"SO - 0002359",Distributor,WARE-NMK1003,USD,25,1,196,9,4,0.3,2018-10-27,2019-02-16,2019-03-04,2019-03-14,1881.56,2726.90
"SO - 0002360",In-Store,WARE-NMK1003,USD,6,17,120,1,2,0.05,2018-10-27,2019-02-17,2019-02-26,2019-02-27,906.31,1118.90
"SO - 0002361",In-Store,WARE-NMK1003,USD,4,11,183,38,1,0.05,2018-10-27,2019-02-17,2019-02-27,2019-02-28,1010.96,1279.70
"SO - 0002362",In-Store,WARE-NMK1003,USD,10,25,106,41,2,0.1,2018-10-27,2019-02-17,2019-03-08,2019-03-12,3292.38,3919.50
"SO - 0002363",Online,WARE-NBV1002,USD,14,33,72,35,4,0.08,2018-10-27,2019-02-17,2019-03-12,2019-03-17,835.16,1855.90
"SO - 0002364",Wholesale,WARE-XYS1001,USD,27,7,26,25,2,0.05,2018-10-27,2019-02-17,2019-03-10,2019-03-11,1423.88,1849.20
"SO - 0002365",In-Store,WARE-NMK1003,USD,10,46,120,45,1,0.2,2018-10-27,2019-02-17,2019-02-22,2019-03-01,2636.45,5272.90
"SO - 0002366",In-Store,WARE-PUJ1005,USD,11,21,311,25,5,0.05,2018-10-27,2019-02-17,2019-02-21,2019-03-01,141.84,194.30
"SO - 0002367",Online,WARE-UHY1004,USD,19,9,227,33,5,0.05,2018-10-27,2019-02-17,2019-02-27,2019-03-07,643.87,1038.50
"SO - 0002368",Distributor,WARE-PUJ1005,USD,22,5,278,12,2,0.05,2018-10-27,2019-02-17,2019-03-17,2019-03-27,2375.82,5279.60
"SO - 0002369",In-Store,WARE-UHY1004,USD,2,45,247,15,8,0.2,2018-10-27,2019-02-17,2019-03-07,2019-03-13,2111.91,3705.10
"SO - 0002370",In-Store,WARE-PUJ1005,USD,3,13,318,6,5,0.15,2018-10-27,2019-02-17,2019-02-26,2019-02-28,101.04,194.30
"SO - 0002371",In-Store,WARE-UHY1004,USD,6,27,237,7,1,0.05,2018-10-27,2019-02-17,2019-03-02,2019-03-11,879.04,1098.80
"SO - 0002372",In-Store,WARE-UHY1004,USD,11,27,242,21,7,0.08,2018-10-27,2019-02-17,2019-03-10,2019-03-16,1409.68,1762.10
"SO - 0002373",Distributor,WARE-NMK1003,USD,22,9,94,17,5,0.05,2018-10-27,2019-02-17,2019-03-16,2019-03-19,101.04,174.20
"SO - 0002374",Online,WARE-NMK1003,USD,18,40,177,12,5,0.05,2018-10-27,2019-02-17,2019-02-27,2019-03-09,1591.32,2525.90
"SO - 0002375",Wholesale,WARE-MKL1006,USD,28,50,344,6,3,0.05,2018-10-27,2019-02-18,2019-03-16,2019-03-20,1256.92,1876.00
"SO - 0002376",In-Store,WARE-UHY1004,USD,7,3,227,26,5,0.15,2018-10-27,2019-02-18,2019-03-12,2019-03-22,718.24,897.80
"SO - 0002377",Wholesale,WARE-XYS1001,USD,27,5,48,7,4,0.08,2018-10-27,2019-02-18,2019-02-27,2019-03-08,455.87,844.20
"SO - 0002378",In-Store,WARE-PUJ1005,USD,1,42,318,41,7,0.1,2018-10-27,2019-02-18,2019-03-12,2019-03-20,2202.42,3932.90
"SO - 0002379",In-Store,WARE-XYS1001,USD,3,39,15,31,1,0.08,2018-10-27,2019-02-18,2019-02-27,2019-03-07,2519.94,3999.90
"SO - 0002380",In-Store,WARE-PUJ1005,USD,1,17,293,4,3,0.05,2018-10-27,2019-02-18,2019-03-05,2019-03-10,820.08,964.80
"SO - 0002381",In-Store,WARE-NMK1003,USD,11,33,132,19,4,0.1,2018-10-27,2019-02-18,2019-03-03,2019-03-04,1462.61,1976.50
"SO - 0002382",Online,WARE-XYS1001,USD,15,9,41,39,8,0.08,2018-10-27,2019-02-19,2019-03-02,2019-03-11,401.06,978.20
"SO - 0002383",In-Store,WARE-PUJ1005,USD,10,50,268,46,3,0.15,2018-10-27,2019-02-19,2019-03-05,2019-03-11,3023.04,3778.80
"SO - 0002384",Online,WARE-UHY1004,USD,13,17,258,42,1,0.08,2018-10-27,2019-02-19,2019-03-16,2019-03-25,967.61,1165.80
"SO - 0002385",Distributor,WARE-MKL1006,USD,21,4,367,44,8,0.1,2018-10-27,2019-02-19,2019-02-23,2019-03-01,887.35,1152.40
"SO - 0002386",Distributor,WARE-NMK1003,USD,23,46,143,33,8,0.1,2018-10-27,2019-02-19,2019-03-05,2019-03-13,522.60,1045.20
"SO - 0002387",Distributor,WARE-UHY1004,USD,23,44,208,5,3,0.15,2018-10-27,2019-02-19,2019-03-19,2019-03-20,3767.21,6385.10
"SO - 0002388",Online,WARE-NMK1003,USD,12,31,162,25,1,0.08,2018-10-27,2019-02-19,2019-02-24,2019-02-28,1423.95,2686.70
"SO - 0002389",In-Store,WARE-NMK1003,USD,4,35,102,14,5,0.05,2018-10-27,2019-02-20,2019-02-26,2019-02-27,3201.73,6277.90
"SO - 0002390",Wholesale,WARE-NMK1003,USD,26,49,117,45,8,0.08,2018-10-27,2019-02-20,2019-03-04,2019-03-06,857.73,1159.10
"SO - 0002391",Online,WARE-PUJ1005,USD,19,12,274,24,8,0.15,2018-10-27,2019-02-20,2019-03-03,2019-03-07,671.34,1118.90
"SO - 0002392",In-Store,WARE-NMK1003,USD,8,3,92,3,1,0.05,2018-10-27,2019-02-20,2019-03-10,2019-03-15,844.20,1340.00
"SO - 0002393",In-Store,WARE-XYS1001,USD,11,46,21,31,7,0.05,2018-10-27,2019-02-20,2019-03-13,2019-03-17,1841.96,2331.60
"SO - 0002394",In-Store,WARE-UHY1004,USD,4,43,228,8,4,0.05,2018-10-27,2019-02-20,2019-03-08,2019-03-16,1406.73,2425.40
"SO - 0002395",Online,WARE-NBV1002,USD,16,10,61,11,8,0.08,2018-10-27,2019-02-20,2019-02-22,2019-03-02,688.02,1092.10
"SO - 0002396",In-Store,WARE-NMK1003,USD,11,36,91,46,8,0.15,2018-10-27,2019-02-20,2019-03-15,2019-03-25,614.99,917.90
"SO - 0002397",In-Store,WARE-NMK1003,USD,2,34,197,43,7,0.1,2018-10-27,2019-02-20,2019-03-12,2019-03-17,85.16,207.70
"SO - 0002398",In-Store,WARE-XYS1001,USD,4,32,4,33,8,0.05,2018-10-27,2019-02-20,2019-03-20,2019-03-27,1637.21,1996.60
"SO - 0002399",Online,WARE-PUJ1005,USD,19,2,278,5,7,0.1,2018-10-27,2019-02-20,2019-03-13,2019-03-14,103.18,234.50
"SO - 0002400",In-Store,WARE-NMK1003,USD,2,49,168,17,1,0.1,2018-10-27,2019-02-21,2019-02-24,2019-03-01,693.45,1005.00
"SO - 0002401",In-Store,WARE-NBV1002,USD,6,46,77,6,6,0.08,2018-10-27,2019-02-21,2019-03-08,2019-03-17,4060.60,5487.30
"SO - 0002402",Online,WARE-NMK1003,USD,13,12,119,19,6,0.05,2018-10-27,2019-02-21,2019-03-10,2019-03-16,3585.84,5976.40
"SO - 0002403",Online,WARE-XYS1001,USD,19,25,21,12,8,0.2,2018-10-27,2019-02-21,2019-02-26,2019-03-05,619.08,884.40
"SO - 0002404",Online,WARE-XYS1001,USD,15,44,27,16,7,0.15,2018-10-27,2019-02-21,2019-03-01,2019-03-11,4802.69,6157.30
"SO - 0002405",Wholesale,WARE-XYS1001,USD,27,23,22,6,1,0.3,2018-10-27,2019-02-22,2019-03-14,2019-03-20,694.66,964.80
"SO - 0002406",In-Store,WARE-MKL1006,USD,8,50,340,39,8,0.1,2018-10-27,2019-02-22,2019-03-16,2019-03-22,1557.08,3892.70
"SO - 0002407",In-Store,WARE-XYS1001,USD,10,12,17,42,4,0.08,2018-10-27,2019-02-22,2019-03-19,2019-03-21,179.96,227.80
"SO - 0002408",In-Store,WARE-MKL1006,USD,7,44,358,40,5,0.05,2018-10-27,2019-02-22,2019-03-17,2019-03-26,991.60,1340.00
"SO - 0002409",Online,WARE-XYS1001,USD,17,6,6,21,4,0.08,2018-10-27,2019-02-22,2019-03-10,2019-03-19,773.85,1105.50
"SO - 0002410",In-Store,WARE-NMK1003,USD,8,18,124,23,5,0.05,2018-10-27,2019-02-22,2019-02-26,2019-03-04,624.57,1058.60
"SO - 0002411",Wholesale,WARE-NBV1002,USD,28,23,80,16,3,0.05,2018-10-27,2019-02-22,2019-03-11,2019-03-14,2619.70,5695.00
"SO - 0002412",Online,WARE-NMK1003,USD,17,31,179,27,2,0.15,2018-10-27,2019-02-22,2019-03-18,2019-03-19,719.85,1058.60
"SO - 0002413",Distributor,WARE-UHY1004,USD,22,47,242,20,6,0.08,2018-10-27,2019-02-22,2019-03-18,2019-03-26,475.37,1105.50
"SO - 0002414",Distributor,WARE-XYS1001,USD,25,46,50,19,8,0.15,2018-10-27,2019-02-23,2019-03-13,2019-03-22,553.96,1045.20
"SO - 0002415",Online,WARE-MKL1006,USD,17,45,334,11,3,0.08,2018-10-27,2019-02-23,2019-02-25,2019-03-02,1061.28,1768.80
"SO - 0002416",Online,WARE-NMK1003,USD,19,8,148,4,7,0.05,2018-10-27,2019-02-23,2019-03-02,2019-03-06,393.96,804.00
"SO - 0002417",In-Store,WARE-NBV1002,USD,7,44,62,28,6,0.05,2018-10-27,2019-02-23,2019-03-08,2019-03-12,101.30,241.20
"SO - 0002418",Distributor,WARE-XYS1001,USD,22,35,31,2,2,0.08,2018-10-27,2019-02-23,2019-03-10,2019-03-14,2292.74,3953.00
"SO - 0002419",Online,WARE-PUJ1005,USD,16,5,326,5,6,0.05,2018-10-27,2019-02-23,2019-03-06,2019-03-13,3078.72,6036.70
"SO - 0002420",In-Store,WARE-NMK1003,USD,8,16,91,16,1,0.15,2018-10-27,2019-02-23,2019-03-16,2019-03-17,4338.25,6197.50
"SO - 0002421",In-Store,WARE-NMK1003,USD,8,27,195,17,3,0.1,2018-10-27,2019-02-23,2019-02-26,2019-02-28,3818.60,6472.20
"SO - 0002422",Online,WARE-NMK1003,USD,13,32,195,13,5,0.3,2018-10-27,2019-02-23,2019-03-01,2019-03-06,1463.28,2814.00
"SO - 0002423",Online,WARE-NBV1002,USD,17,36,61,6,1,0.08,2018-10-27,2019-02-23,2019-03-10,2019-03-14,168.04,221.10
"SO - 0002424",In-Store,WARE-PUJ1005,USD,10,15,292,21,3,0.08,2018-10-27,2019-02-23,2019-03-23,2019-03-28,1670.85,2257.90
"SO - 0002425",Wholesale,WARE-MKL1006,USD,26,15,366,40,6,0.05,2018-10-27,2019-02-24,2019-02-28,2019-03-10,1973.15,3946.30
"SO - 0002426",In-Store,WARE-XYS1001,USD,8,21,20,35,6,0.3,2018-10-27,2019-02-24,2019-03-05,2019-03-06,227.80,268.00
"SO - 0002427",Distributor,WARE-XYS1001,USD,24,18,31,5,2,0.05,2018-10-27,2019-02-24,2019-03-13,2019-03-16,4549.30,6499.00
"SO - 0002428",Online,WARE-PUJ1005,USD,12,32,305,21,5,0.3,2018-10-27,2019-02-24,2019-03-20,2019-03-27,515.90,938.00
"SO - 0002429",In-Store,WARE-PUJ1005,USD,8,33,284,3,3,0.15,2018-10-27,2019-02-24,2019-03-07,2019-03-17,450.24,938.00
"SO - 0002430",Distributor,WARE-NMK1003,USD,21,20,125,24,5,0.15,2018-10-27,2019-02-25,2019-03-05,2019-03-14,595.76,1145.70
"SO - 0002431",In-Store,WARE-UHY1004,USD,10,24,237,38,2,0.05,2018-10-27,2019-02-25,2019-03-22,2019-03-28,671.14,1065.30
"SO - 0002432",Online,WARE-NBV1002,USD,18,16,60,35,1,0.1,2018-10-27,2019-02-25,2019-03-05,2019-03-09,1562.44,3906.10
"SO - 0002433",Distributor,WARE-MKL1006,USD,23,38,361,15,4,0.05,2018-10-27,2019-02-25,2019-03-18,2019-03-19,2922.81,3845.80
"SO - 0002434",Distributor,WARE-NMK1003,USD,21,47,120,35,4,0.1,2018-10-27,2019-02-25,2019-03-10,2019-03-15,2922.81,3845.80
"SO - 0002435",Online,WARE-XYS1001,USD,15,29,30,19,3,0.1,2018-10-27,2019-02-25,2019-03-12,2019-03-22,443.67,1031.80
"SO - 0002436",Online,WARE-MKL1006,USD,19,7,332,15,1,0.15,2018-10-27,2019-02-25,2019-02-28,2019-03-08,1736.64,3859.20
"SO - 0002437",In-Store,WARE-PUJ1005,USD,11,13,319,37,1,0.05,2018-10-27,2019-02-25,2019-03-05,2019-03-07,589.73,1092.10
"SO - 0002438",Online,WARE-UHY1004,USD,14,44,223,45,8,0.05,2018-10-27,2019-02-25,2019-03-06,2019-03-12,684.61,877.70
"SO - 0002439",In-Store,WARE-UHY1004,USD,6,33,254,12,3,0.2,2018-10-27,2019-02-26,2019-03-06,2019-03-10,1047.55,1775.50
"SO - 0002440",In-Store,WARE-MKL1006,USD,1,18,356,31,5,0.05,2018-10-27,2019-02-26,2019-03-03,2019-03-04,3241.73,3859.20
"SO - 0002441",In-Store,WARE-NMK1003,USD,1,20,88,22,2,0.15,2018-10-27,2019-02-26,2019-03-14,2019-03-19,1295.04,2539.30
"SO - 0002442",In-Store,WARE-XYS1001,USD,8,18,20,9,7,0.2,2018-10-27,2019-02-26,2019-03-22,2019-03-28,1936.03,2304.80
"SO - 0002443",Distributor,WARE-MKL1006,USD,21,48,337,44,6,0.08,2018-10-27,2019-02-26,2019-03-11,2019-03-20,168.04,254.60
"SO - 0002444",Distributor,WARE-PUJ1005,USD,25,32,311,24,7,0.05,2018-10-27,2019-02-27,2019-03-06,2019-03-10,440.59,917.90
"SO - 0002445",In-Store,WARE-NBV1002,USD,12,15,68,13,5,0.08,2018-10-27,2019-02-27,2019-03-11,2019-03-21,814.05,1005.00
"SO - 0002446",Distributor,WARE-PUJ1005,USD,23,36,263,34,3,0.05,2018-10-27,2019-02-27,2019-03-03,2019-03-08,891.90,1715.20
"SO - 0002447",In-Store,WARE-UHY1004,USD,11,43,245,26,1,0.08,2018-10-27,2019-02-27,2019-03-27,2019-04-06,106.13,241.20
"SO - 0002448",Online,WARE-UHY1004,USD,15,5,229,12,8,0.15,2018-10-27,2019-02-27,2019-03-14,2019-03-22,2569.45,3953.00
"SO - 0002449",In-Store,WARE-XYS1001,USD,6,30,8,25,5,0.08,2018-10-27,2019-02-27,2019-03-15,2019-03-24,641.59,1145.70
"SO - 0002450",Online,WARE-MKL1006,USD,18,47,354,38,4,0.1,2018-10-27,2019-02-27,2019-03-12,2019-03-14,664.37,991.60
"SO - 0002451",Distributor,WARE-MKL1006,USD,24,6,331,8,1,0.05,2018-10-27,2019-02-27,2019-03-14,2019-03-24,2012.61,3946.30
"SO - 0002452",Distributor,WARE-NBV1002,USD,21,41,87,11,8,0.08,2018-10-27,2019-02-27,2019-03-10,2019-03-15,871.87,1132.30
"SO - 0002453",Distributor,WARE-NMK1003,USD,25,11,181,21,2,0.15,2018-10-27,2019-02-27,2019-03-06,2019-03-14,696.80,1072.00
"SO - 0002454",Distributor,WARE-PUJ1005,USD,21,50,321,34,4,0.08,2018-10-27,2019-02-27,2019-03-17,2019-03-20,450.24,938.00
"SO - 0002455",In-Store,WARE-NMK1003,USD,10,16,166,28,8,0.05,2018-10-27,2019-02-28,2019-03-09,2019-03-13,529.30,1058.60
"SO - 0002456",In-Store,WARE-MKL1006,USD,2,17,366,25,3,0.08,2018-10-27,2019-02-28,2019-03-03,2019-03-07,2216.83,5406.90
"SO - 0002457",Distributor,WARE-NBV1002,USD,23,26,84,6,1,0.15,2018-10-27,2019-02-28,2019-03-27,2019-04-03,4025.29,5514.10
"SO - 0002458",Online,WARE-PUJ1005,USD,19,36,320,12,4,0.4,2018-10-27,2019-02-28,2019-03-03,2019-03-10,1422.28,2452.20
"SO - 0002459",Online,WARE-XYS1001,USD,18,28,39,21,8,0.05,2018-10-27,2019-02-28,2019-03-15,2019-03-16,2706.26,3979.80
"SO - 0002460",In-Store,WARE-NMK1003,USD,6,34,129,40,8,0.3,2018-10-27,2019-02-28,2019-03-24,2019-03-27,5288.51,6371.70
"SO - 0002461",Online,WARE-NMK1003,USD,13,27,163,34,4,0.1,2018-10-27,2019-02-28,2019-03-12,2019-03-19,1541.00,3852.50
"SO - 0002462",Online,WARE-UHY1004,USD,17,38,227,5,4,0.15,2018-10-27,2019-03-01,2019-03-22,2019-03-24,2433.84,2968.10
"SO - 0002463",Online,WARE-MKL1006,USD,13,21,344,18,6,0.1,2018-10-27,2019-03-01,2019-03-22,2019-03-31,3252.98,6378.40
"SO - 0002464",In-Store,WARE-MKL1006,USD,4,21,333,38,7,0.1,2018-10-27,2019-03-01,2019-03-16,2019-03-20,804.40,1165.80
"SO - 0002465",Distributor,WARE-MKL1006,USD,25,31,329,33,3,0.05,2018-10-27,2019-03-01,2019-03-28,2019-04-02,586.12,1085.40
"SO - 0002466",Wholesale,WARE-XYS1001,USD,26,44,58,38,6,0.08,2018-10-27,2019-03-01,2019-03-19,2019-03-26,994.28,2485.70
"SO - 0002467",In-Store,WARE-PUJ1005,USD,2,9,320,30,5,0.05,2018-10-27,2019-03-01,2019-03-22,2019-04-01,1161.98,2472.30
"SO - 0002468",Wholesale,WARE-UHY1004,USD,27,4,250,16,4,0.1,2018-10-27,2019-03-01,2019-03-15,2019-03-23,1348.58,1983.20
"SO - 0002469",Online,WARE-XYS1001,USD,16,13,32,29,5,0.08,2018-10-27,2019-03-01,2019-03-10,2019-03-20,660.35,1031.80
"SO - 0002470",Distributor,WARE-NMK1003,USD,20,24,113,37,6,0.15,2018-10-27,2019-03-01,2019-03-25,2019-04-04,786.92,1748.70
"SO - 0002471",In-Store,WARE-NMK1003,USD,10,10,195,34,1,0.05,2018-10-27,2019-03-01,2019-03-24,2019-04-02,2090.40,2680.00
"SO - 0002472",In-Store,WARE-UHY1004,USD,9,39,232,17,3,0.05,2018-10-27,2019-03-01,2019-03-17,2019-03-20,4246.86,5179.10
"SO - 0002473",In-Store,WARE-UHY1004,USD,10,5,259,45,3,0.05,2018-10-27,2019-03-02,2019-03-16,2019-03-17,1918.88,2398.60
"SO - 0002474",In-Store,WARE-NMK1003,USD,1,17,107,31,6,0.2,2018-10-27,2019-03-02,2019-03-21,2019-03-27,1215.85,1762.10
"SO - 0002475",Online,WARE-NMK1003,USD,19,36,110,24,7,0.05,2018-10-27,2019-03-02,2019-03-15,2019-03-19,4333.56,5628.00
"SO - 0002476",Wholesale,WARE-NMK1003,USD,27,8,152,39,3,0.1,2018-10-27,2019-03-03,2019-03-09,2019-03-16,3480.11,5272.90
"SO - 0002477",Distributor,WARE-NMK1003,USD,22,18,129,13,2,0.1,2018-10-27,2019-03-03,2019-03-24,2019-03-27,2367.98,3758.70
"SO - 0002478",Distributor,WARE-UHY1004,USD,21,32,234,43,1,0.05,2018-10-27,2019-03-03,2019-03-15,2019-03-17,465.38,1011.70
"SO - 0002479",Online,WARE-UHY1004,USD,14,39,242,24,4,0.15,2018-10-27,2019-03-03,2019-03-28,2019-04-07,1704.08,3155.70
"SO - 0002480",Online,WARE-NMK1003,USD,17,22,145,39,1,0.15,2018-10-27,2019-03-03,2019-03-28,2019-04-03,3257.54,5922.80
"SO - 0002481",Online,WARE-NMK1003,USD,18,20,173,25,8,0.08,2018-10-27,2019-03-03,2019-03-07,2019-03-17,1667.30,2646.50
"SO - 0002482",In-Store,WARE-NMK1003,USD,9,10,116,28,4,0.1,2018-10-27,2019-03-03,2019-03-28,2019-03-29,564.94,911.20
"SO - 0002483",Wholesale,WARE-PUJ1005,USD,28,19,279,15,4,0.08,2018-10-27,2019-03-03,2019-03-30,2019-04-03,502.50,837.50
"SO - 0002484",Wholesale,WARE-MKL1006,USD,27,45,343,5,5,0.1,2018-10-27,2019-03-04,2019-03-31,2019-04-05,924.60,1340.00
"SO - 0002485",Online,WARE-UHY1004,USD,14,21,209,40,7,0.15,2018-10-27,2019-03-04,2019-03-31,2019-04-02,2389.89,2914.50
"SO - 0002486",In-Store,WARE-XYS1001,USD,7,5,47,23,6,0.1,2018-10-27,2019-03-04,2019-04-01,2019-04-06,721.19,1045.20
"SO - 0002487",Distributor,WARE-NMK1003,USD,22,50,95,20,7,0.05,2018-10-27,2019-03-04,2019-03-12,2019-03-16,1968.19,3859.20
"SO - 0002488",In-Store,WARE-PUJ1005,USD,2,23,323,34,7,0.4,2018-10-27,2019-03-05,2019-03-22,2019-03-23,4552.65,6070.20
"SO - 0002489",In-Store,WARE-UHY1004,USD,1,37,241,14,4,0.15,2018-10-27,2019-03-05,2019-03-17,2019-03-19,484.95,1031.80
"SO - 0002490",In-Store,WARE-NMK1003,USD,6,15,129,17,5,0.08,2018-10-27,2019-03-05,2019-03-12,2019-03-16,678.24,1279.70
"SO - 0002491",In-Store,WARE-NMK1003,USD,6,11,143,12,7,0.15,2018-10-27,2019-03-06,2019-03-25,2019-03-30,610.10,1051.90
"SO - 0002492",Wholesale,WARE-NMK1003,USD,25,31,126,3,4,0.05,2018-10-27,2019-03-06,2019-03-08,2019-03-11,1201.18,2224.40
"SO - 0002493",In-Store,WARE-MKL1006,USD,4,49,351,6,2,0.05,2018-10-27,2019-03-06,2019-03-28,2019-04-02,674.29,911.20
"SO - 0002494",In-Store,WARE-UHY1004,USD,5,37,230,32,8,0.08,2018-10-27,2019-03-07,2019-03-10,2019-03-20,450.24,1072.00
"SO - 0002495",Distributor,WARE-NMK1003,USD,22,39,106,16,6,0.05,2018-10-27,2019-03-07,2019-04-03,2019-04-08,1381.47,1748.70
"SO - 0002496",In-Store,WARE-PUJ1005,USD,7,28,264,46,5,0.1,2018-10-27,2019-03-07,2019-03-27,2019-04-04,2102.06,2532.60
"SO - 0002497",Online,WARE-PUJ1005,USD,12,32,315,1,8,0.3,2018-10-27,2019-03-07,2019-03-13,2019-03-15,849.90,1976.50
"SO - 0002498",Distributor,WARE-XYS1001,USD,23,30,36,12,1,0.05,2018-10-27,2019-03-07,2019-03-24,2019-03-31,1413.03,1909.50
"SO - 0002499",Online,WARE-UHY1004,USD,17,35,215,46,5,0.08,2018-10-27,2019-03-08,2019-03-28,2019-04-03,917.36,1092.10
"SO - 0002500",Online,WARE-MKL1006,USD,17,25,344,13,2,0.1,2018-10-27,2019-03-08,2019-03-21,2019-03-23,519.38,1018.40
"SO - 0002501",Wholesale,WARE-XYS1001,USD,28,4,44,43,5,0.1,2018-10-27,2019-03-08,2019-03-25,2019-03-31,574.06,844.20
"SO - 0002502",In-Store,WARE-PUJ1005,USD,10,42,297,23,5,0.1,2018-10-27,2019-03-08,2019-03-31,2019-04-03,2637.12,6432.00
"SO - 0002503",Online,WARE-NBV1002,USD,14,37,81,39,7,0.3,2018-10-27,2019-03-08,2019-03-13,2019-03-23,765.41,1125.60
"SO - 0002504",Online,WARE-MKL1006,USD,20,22,365,19,3,0.15,2018-10-27,2019-03-08,2019-03-23,2019-03-29,790.60,1976.50
"SO - 0002505",Online,WARE-NMK1003,USD,15,18,117,35,1,0.05,2018-10-27,2019-03-08,2019-03-21,2019-03-28,607.82,1125.60
"SO - 0002506",In-Store,WARE-NMK1003,USD,10,44,122,27,7,0.05,2018-10-27,2019-03-08,2019-03-26,2019-04-04,896.86,1949.70
"SO - 0002507",Wholesale,WARE-NMK1003,USD,28,7,191,3,3,0.05,2018-10-27,2019-03-08,2019-03-19,2019-03-29,1876.00,2345.00
"SO - 0002508",In-Store,WARE-PUJ1005,USD,1,48,262,20,7,0.08,2018-10-27,2019-03-08,2019-04-02,2019-04-03,1279.63,1802.30
"SO - 0002509",Online,WARE-UHY1004,USD,13,41,206,31,2,0.05,2018-10-27,2019-03-08,2019-03-12,2019-03-20,105.06,214.40
"SO - 0002510",In-Store,WARE-UHY1004,USD,1,34,249,7,6,0.05,2018-10-27,2019-03-08,2019-03-19,2019-03-23,1263.49,3008.30
"SO - 0002511",Distributor,WARE-NMK1003,USD,21,28,197,29,8,0.05,2018-10-27,2019-03-09,2019-03-15,2019-03-16,827.72,1165.80
"SO - 0002512",Online,WARE-PUJ1005,USD,17,22,276,10,5,0.05,2018-10-27,2019-03-09,2019-03-15,2019-03-18,412.72,1031.80
"SO - 0002513",Online,WARE-NMK1003,USD,16,21,155,18,2,0.08,2018-10-27,2019-03-09,2019-04-05,2019-04-09,1016.66,1882.70
"SO - 0002514",Online,WARE-NMK1003,USD,19,1,152,5,1,0.08,2018-10-27,2019-03-09,2019-03-23,2019-03-31,743.43,1018.40
"SO - 0002515",In-Store,WARE-UHY1004,USD,7,14,228,28,2,0.1,2018-10-27,2019-03-09,2019-03-13,2019-03-19,3027.60,3832.40
"SO - 0002516",In-Store,WARE-PUJ1005,USD,1,17,322,40,8,0.08,2018-10-27,2019-03-09,2019-04-05,2019-04-12,2172.88,5299.70
"SO - 0002517",Online,WARE-NBV1002,USD,19,39,60,40,4,0.2,2018-10-27,2019-03-09,2019-03-30,2019-04-08,2917.72,3839.10
"SO - 0002518",In-Store,WARE-XYS1001,USD,10,48,26,32,6,0.15,2018-10-27,2019-03-10,2019-03-19,2019-03-25,763.53,991.60
"SO - 0002519",Online,WARE-NMK1003,USD,17,31,90,9,7,0.08,2018-10-27,2019-03-10,2019-03-13,2019-03-23,136.01,234.50
"SO - 0002520",Wholesale,WARE-NMK1003,USD,28,48,177,22,3,0.05,2018-10-27,2019-03-10,2019-03-14,2019-03-18,604.34,1098.80
"SO - 0002521",Online,WARE-NBV1002,USD,19,5,68,7,2,0.1,2018-10-27,2019-03-10,2019-03-16,2019-03-26,117.18,221.10
"SO - 0002522",Distributor,WARE-PUJ1005,USD,23,33,284,34,7,0.3,2018-10-27,2019-03-10,2019-03-25,2019-04-02,110.08,207.70
"SO - 0002523",Distributor,WARE-XYS1001,USD,24,37,32,27,5,0.08,2018-10-27,2019-03-11,2019-04-06,2019-04-14,1639.96,3999.90
"SO - 0002524",Online,WARE-NMK1003,USD,18,13,124,1,6,0.1,2018-10-27,2019-03-11,2019-03-23,2019-04-01,1455.04,2552.70
"SO - 0002525",Wholesale,WARE-PUJ1005,USD,26,30,262,27,2,0.2,2018-10-27,2019-03-11,2019-04-03,2019-04-13,2816.14,3966.40
"SO - 0002526",Distributor,WARE-XYS1001,USD,22,17,53,17,3,0.1,2019-02-04,2019-03-11,2019-03-15,2019-03-22,850.36,1118.90
"SO - 0002527",In-Store,WARE-NMK1003,USD,3,23,132,11,1,0.15,2018-10-27,2019-03-11,2019-04-08,2019-04-12,905.10,1145.70
"SO - 0002528",Online,WARE-UHY1004,USD,16,50,230,31,2,0.08,2018-10-27,2019-03-11,2019-03-30,2019-04-02,1407.40,2606.30
"SO - 0002529",Online,WARE-PUJ1005,USD,15,49,284,4,6,0.1,2018-10-27,2019-03-11,2019-03-13,2019-03-20,2228.35,2820.70
"SO - 0002530",In-Store,WARE-NMK1003,USD,11,31,157,35,4,0.05,2018-10-27,2019-03-11,2019-03-27,2019-03-30,1228.78,1755.40
"SO - 0002531",In-Store,WARE-NMK1003,USD,11,27,140,21,7,0.08,2018-10-27,2019-03-11,2019-03-29,2019-04-03,706.18,1139.00
"SO - 0002532",Online,WARE-NBV1002,USD,20,8,74,3,3,0.2,2018-10-27,2019-03-11,2019-03-15,2019-03-16,4173.36,5152.30
"SO - 0002533",In-Store,WARE-NMK1003,USD,8,19,139,45,6,0.2,2018-10-27,2019-03-11,2019-04-05,2019-04-12,3027.60,3832.40
"SO - 0002534",Distributor,WARE-PUJ1005,USD,22,48,326,10,7,0.08,2018-10-27,2019-03-12,2019-04-04,2019-04-11,1325.46,1815.70
"SO - 0002535",Online,WARE-NMK1003,USD,14,9,153,5,6,0.05,2018-10-27,2019-03-12,2019-03-17,2019-03-22,2840.80,5360.00
"SO - 0002536",Distributor,WARE-XYS1001,USD,25,30,33,9,8,0.1,2018-10-27,2019-03-13,2019-04-02,2019-04-04,783.23,1118.90
"SO - 0002537",Online,WARE-MKL1006,USD,18,18,363,28,8,0.08,2018-10-27,2019-03-13,2019-03-19,2019-03-22,2003.57,3577.80
"SO - 0002538",In-Store,WARE-NMK1003,USD,6,23,169,25,1,0.3,2019-02-04,2019-03-13,2019-04-05,2019-04-12,1686.26,3832.40
"SO - 0002539",Wholesale,WARE-PUJ1005,USD,28,30,270,30,1,0.08,2018-10-27,2019-03-13,2019-04-09,2019-04-12,867.52,1112.20
"SO - 0002540",In-Store,WARE-NMK1003,USD,7,42,103,10,3,0.1,2018-10-27,2019-03-13,2019-03-21,2019-03-26,2272.98,3852.50
"SO - 0002541",Wholesale,WARE-NBV1002,USD,27,14,80,35,5,0.08,2018-10-27,2019-03-13,2019-03-15,2019-03-23,92.26,180.90
"SO - 0002542",In-Store,WARE-UHY1004,USD,3,44,228,26,3,0.2,2018-10-27,2019-03-14,2019-03-17,2019-03-22,2629.42,5594.50
"SO - 0002543",Distributor,WARE-MKL1006,USD,24,5,353,18,3,0.15,2018-10-27,2019-03-14,2019-03-21,2019-03-25,2587.81,3644.80
"SO - 0002544",In-Store,WARE-PUJ1005,USD,5,19,265,37,1,0.15,2018-10-27,2019-03-14,2019-03-26,2019-03-29,1028.79,1239.50
"SO - 0002545",In-Store,WARE-PUJ1005,USD,2,42,285,41,6,0.08,2018-10-27,2019-03-14,2019-04-07,2019-04-15,441.66,690.10
"SO - 0002546",Online,WARE-NMK1003,USD,19,44,200,46,2,0.15,2018-10-27,2019-03-14,2019-03-27,2019-04-02,703.50,837.50
"SO - 0002547",Distributor,WARE-UHY1004,USD,25,10,235,1,1,0.05,2018-10-27,2019-03-14,2019-03-17,2019-03-26,1549.11,2458.90
"SO - 0002548",In-Store,WARE-UHY1004,USD,6,46,219,19,2,0.05,2019-02-04,2019-03-14,2019-03-21,2019-03-25,1576.78,1922.90
"SO - 0002549",Wholesale,WARE-UHY1004,USD,26,48,252,35,6,0.05,2018-10-27,2019-03-14,2019-03-19,2019-03-20,2323.56,3872.60
"SO - 0002550",Online,WARE-NMK1003,USD,13,31,178,22,6,0.1,2018-10-27,2019-03-14,2019-04-02,2019-04-05,1337.86,1715.20
"SO - 0002551",Online,WARE-XYS1001,USD,19,6,24,18,8,0.4,2018-10-27,2019-03-15,2019-03-23,2019-03-28,1929.60,3859.20
"SO - 0002552",Online,WARE-PUJ1005,USD,16,5,304,6,3,0.08,2018-10-27,2019-03-15,2019-03-20,2019-03-29,1829.57,3892.70
"SO - 0002553",Distributor,WARE-PUJ1005,USD,21,39,265,21,6,0.05,2018-10-27,2019-03-15,2019-03-30,2019-04-05,890.03,1085.40
"SO - 0002554",In-Store,WARE-NMK1003,USD,11,18,156,46,1,0.3,2018-10-27,2019-03-15,2019-03-29,2019-04-08,409.77,931.30
"SO - 0002555",Distributor,WARE-NMK1003,USD,23,26,132,20,5,0.08,2018-10-27,2019-03-15,2019-03-28,2019-04-06,733.25,1145.70
"SO - 0002556",Online,WARE-PUJ1005,USD,18,17,317,29,1,0.4,2018-10-27,2019-03-15,2019-03-20,2019-03-21,986.17,2405.30
"SO - 0002557",In-Store,WARE-XYS1001,USD,8,4,45,17,6,0.1,2018-10-27,2019-03-15,2019-03-20,2019-03-22,1843.04,4006.60
"SO - 0002558",Wholesale,WARE-MKL1006,USD,26,32,351,14,8,0.15,2018-10-27,2019-03-15,2019-03-17,2019-03-22,106.53,201.00
"SO - 0002559",In-Store,WARE-PUJ1005,USD,6,17,295,26,2,0.4,2018-10-27,2019-03-15,2019-03-17,2019-03-25,170.85,227.80
"SO - 0002560",Distributor,WARE-UHY1004,USD,22,1,245,12,1,0.15,2019-02-04,2019-03-15,2019-03-17,2019-03-22,1845.98,3845.80
"SO - 0002561",In-Store,WARE-NMK1003,USD,5,39,201,32,8,0.2,2018-10-27,2019-03-15,2019-03-29,2019-04-06,2295.42,3825.70
"SO - 0002562",Online,WARE-NMK1003,USD,15,24,157,43,5,0.08,2019-02-04,2019-03-16,2019-04-07,2019-04-08,2287.58,4013.30
"SO - 0002563",Distributor,WARE-NMK1003,USD,20,7,152,4,1,0.15,2018-10-27,2019-03-16,2019-03-24,2019-03-26,201.20,261.30
"SO - 0002564",Online,WARE-XYS1001,USD,12,43,2,28,6,0.15,2018-10-27,2019-03-16,2019-04-01,2019-04-03,103.85,167.50
"SO - 0002565",Distributor,WARE-NMK1003,USD,25,42,97,1,1,0.08,2018-10-27,2019-03-16,2019-04-10,2019-04-18,709.13,1125.60
"SO - 0002566",Online,WARE-NMK1003,USD,12,45,122,6,6,0.08,2018-10-27,2019-03-16,2019-04-07,2019-04-17,2176.83,3819.00
"SO - 0002567",In-Store,WARE-PUJ1005,USD,2,23,284,4,8,0.1,2018-10-27,2019-03-16,2019-04-07,2019-04-11,3163.20,5453.80
"SO - 0002568",Online,WARE-MKL1006,USD,14,27,348,5,8,0.1,2018-10-27,2019-03-16,2019-04-05,2019-04-11,1191.53,2291.40
"SO - 0002569",Online,WARE-UHY1004,USD,19,13,227,13,2,0.1,2018-10-27,2019-03-16,2019-04-02,2019-04-11,1321.58,1762.10
"SO - 0002570",Online,WARE-MKL1006,USD,13,32,350,11,1,0.05,2019-02-04,2019-03-17,2019-04-08,2019-04-12,428.26,911.20
"SO - 0002571",Wholesale,WARE-XYS1001,USD,28,27,37,13,4,0.15,2018-10-27,2019-03-17,2019-04-02,2019-04-12,1641.17,2311.50
"SO - 0002572",Distributor,WARE-UHY1004,USD,22,29,238,5,6,0.15,2019-02-04,2019-03-17,2019-03-20,2019-03-24,4471.85,6210.90
"SO - 0002573",Distributor,WARE-PUJ1005,USD,23,22,268,37,3,0.05,2018-10-27,2019-03-17,2019-04-08,2019-04-17,4351.25,5306.40
"SO - 0002574",In-Store,WARE-NMK1003,USD,11,14,91,15,2,0.1,2018-10-27,2019-03-17,2019-04-03,2019-04-07,1863.40,2740.30
"SO - 0002575",Online,WARE-UHY1004,USD,19,15,216,18,1,0.08,2018-10-27,2019-03-17,2019-04-04,2019-04-05,906.31,1118.90
"SO - 0002576",Wholesale,WARE-NMK1003,USD,27,29,125,46,2,0.08,2019-02-04,2019-03-17,2019-03-31,2019-04-03,725.21,1098.80
"SO - 0002577",In-Store,WARE-NMK1003,USD,3,41,164,35,8,0.15,2018-10-27,2019-03-18,2019-03-29,2019-04-06,795.22,958.10
"SO - 0002578",In-Store,WARE-MKL1006,USD,6,18,362,42,3,0.4,2018-10-27,2019-03-18,2019-04-06,2019-04-07,4911.90,6217.60
"SO - 0002579",In-Store,WARE-MKL1006,USD,6,28,358,30,7,0.08,2019-02-04,2019-03-18,2019-04-03,2019-04-06,559.92,917.90
"SO - 0002580",Online,WARE-UHY1004,USD,16,22,227,30,3,0.08,2018-10-27,2019-03-18,2019-04-06,2019-04-13,554.83,1132.30
"SO - 0002581",Distributor,WARE-NMK1003,USD,22,30,198,38,6,0.15,2018-10-27,2019-03-18,2019-03-21,2019-03-24,830.60,1695.10
"SO - 0002582",Wholesale,WARE-XYS1001,USD,28,4,57,2,8,0.1,2018-10-27,2019-03-18,2019-04-08,2019-04-18,798.64,998.30
"SO - 0002583",Distributor,WARE-NMK1003,USD,21,20,138,25,5,0.05,2018-10-27,2019-03-18,2019-04-12,2019-04-14,867.92,1701.80
"SO - 0002584",In-Store,WARE-MKL1006,USD,11,9,351,7,3,0.1,2018-10-27,2019-03-18,2019-03-29,2019-03-30,707.32,1025.10
"SO - 0002585",In-Store,WARE-NBV1002,USD,8,46,63,45,3,0.05,2019-02-04,2019-03-18,2019-03-30,2019-04-09,203.81,261.30
"SO - 0002586",Distributor,WARE-UHY1004,USD,24,45,214,37,1,0.08,2018-10-27,2019-03-18,2019-04-03,2019-04-13,611.58,1092.10
"SO - 0002587",Online,WARE-NMK1003,USD,12,48,131,39,7,0.08,2018-10-27,2019-03-19,2019-04-12,2019-04-17,227.80,268.00
"SO - 0002588",Wholesale,WARE-NMK1003,USD,28,34,166,36,3,0.05,2018-10-27,2019-03-19,2019-04-14,2019-04-23,1067.51,2271.30
"SO - 0002589",Distributor,WARE-UHY1004,USD,21,4,217,35,4,0.1,2018-10-27,2019-03-19,2019-03-25,2019-04-04,405.22,723.60
"SO - 0002590",Wholesale,WARE-PUJ1005,USD,26,32,309,31,1,0.05,2018-10-27,2019-03-19,2019-04-12,2019-04-19,4169.68,5634.70
"SO - 0002591",Wholesale,WARE-NMK1003,USD,25,18,101,40,1,0.05,2018-10-27,2019-03-19,2019-04-01,2019-04-05,788.99,1715.20
"SO - 0002592",Online,WARE-PUJ1005,USD,15,47,319,8,6,0.08,2019-02-04,2019-03-19,2019-04-16,2019-04-18,774.65,944.70
"SO - 0002593",In-Store,WARE-XYS1001,USD,11,11,32,27,1,0.08,2019-02-04,2019-03-19,2019-03-28,2019-04-06,1626.49,2391.90
"SO - 0002594",In-Store,WARE-NMK1003,USD,5,36,139,21,2,0.05,2018-10-27,2019-03-19,2019-04-02,2019-04-09,1140.21,1701.80
"SO - 0002595",Distributor,WARE-PUJ1005,USD,24,44,308,44,8,0.1,2018-10-27,2019-03-20,2019-04-04,2019-04-09,2845.89,3470.60
"SO - 0002596",Wholesale,WARE-PUJ1005,USD,27,19,323,36,4,0.1,2018-10-27,2019-03-20,2019-04-01,2019-04-11,692.24,844.20
"SO - 0002597",In-Store,WARE-NBV1002,USD,11,5,68,18,6,0.08,2018-10-27,2019-03-20,2019-03-30,2019-03-31,1074.55,1326.60
"SO - 0002598",Online,WARE-MKL1006,USD,20,34,338,17,4,0.08,2019-02-04,2019-03-20,2019-04-03,2019-04-04,1762.90,4006.60
"SO - 0002599",In-Store,WARE-MKL1006,USD,1,23,349,14,6,0.08,2018-10-27,2019-03-21,2019-04-17,2019-04-24,637.57,1045.20
"SO - 0002600",In-Store,WARE-UHY1004,USD,6,28,221,26,5,0.08,2019-02-04,2019-03-21,2019-04-03,2019-04-08,1326.60,2653.20
"SO - 0002601",Online,WARE-XYS1001,USD,19,9,43,27,3,0.08,2018-10-27,2019-03-21,2019-04-18,2019-04-27,3375.46,6137.20
"SO - 0002602",In-Store,WARE-XYS1001,USD,2,48,35,16,6,0.08,2019-02-04,2019-03-21,2019-04-18,2019-04-27,1514.20,3785.50
"SO - 0002603",In-Store,WARE-PUJ1005,USD,8,17,284,46,3,0.05,2018-10-27,2019-03-21,2019-03-27,2019-04-01,2170.20,3557.70
"SO - 0002604",Distributor,WARE-NMK1003,USD,21,48,126,46,1,0.05,2018-10-27,2019-03-22,2019-03-31,2019-04-04,3356.10,5688.30
"SO - 0002605",Online,WARE-NMK1003,USD,15,47,186,4,3,0.3,2018-10-27,2019-03-22,2019-04-05,2019-04-15,153.70,247.90
"SO - 0002606",In-Store,WARE-NMK1003,USD,7,44,123,28,7,0.05,2019-02-04,2019-03-22,2019-04-08,2019-04-10,125.69,187.60
"SO - 0002607",Wholesale,WARE-XYS1001,USD,26,5,26,6,2,0.05,2018-10-27,2019-03-22,2019-04-13,2019-04-15,1331.02,1728.60
"SO - 0002608",Online,WARE-UHY1004,USD,18,14,232,10,2,0.08,2018-10-27,2019-03-22,2019-03-27,2019-04-06,706.65,1333.30
"SO - 0002609",Distributor,WARE-NMK1003,USD,22,25,122,39,3,0.05,2018-10-27,2019-03-22,2019-03-27,2019-03-28,471.68,857.60
"SO - 0002610",In-Store,WARE-XYS1001,USD,4,49,7,22,4,0.2,2018-10-27,2019-03-23,2019-04-17,2019-04-22,751.34,1788.90
"SO - 0002611",Online,WARE-PUJ1005,USD,14,39,286,22,8,0.15,2018-10-27,2019-03-23,2019-04-01,2019-04-11,922.19,1246.20
"SO - 0002612",In-Store,WARE-NMK1003,USD,9,33,176,22,3,0.05,2018-10-27,2019-03-23,2019-04-03,2019-04-08,854.25,1139.00
"SO - 0002613",Distributor,WARE-XYS1001,USD,22,20,48,14,3,0.2,2018-10-27,2019-03-23,2019-04-01,2019-04-08,1385.69,2566.10
"SO - 0002614",In-Store,WARE-PUJ1005,USD,10,21,314,24,7,0.08,2018-10-27,2019-03-23,2019-04-03,2019-04-13,489.37,1112.20
"SO - 0002615",Online,WARE-PUJ1005,USD,16,17,305,9,6,0.1,2018-10-27,2019-03-23,2019-04-07,2019-04-12,871.34,1025.10
"SO - 0002616",In-Store,WARE-PUJ1005,USD,4,23,327,42,8,0.1,2019-02-04,2019-03-23,2019-04-15,2019-04-20,91.92,187.60
"SO - 0002617",In-Store,WARE-NMK1003,USD,8,34,163,23,5,0.2,2019-02-04,2019-03-23,2019-03-29,2019-04-08,4698.38,6264.50
"SO - 0002618",In-Store,WARE-NMK1003,USD,2,43,194,39,5,0.05,2018-10-27,2019-03-23,2019-03-30,2019-03-31,125.42,174.20
"SO - 0002619",Wholesale,WARE-NMK1003,USD,26,24,89,40,6,0.08,2018-10-27,2019-03-23,2019-04-14,2019-04-17,2180.65,3825.70
"SO - 0002620",Distributor,WARE-UHY1004,USD,24,2,234,17,5,0.15,2019-02-04,2019-03-23,2019-04-10,2019-04-18,738.07,1025.10
"SO - 0002621",Distributor,WARE-NMK1003,USD,24,12,193,1,3,0.4,2018-10-27,2019-03-24,2019-04-19,2019-04-20,665.18,978.20
"SO - 0002622",In-Store,WARE-UHY1004,USD,7,19,213,29,8,0.1,2018-10-27,2019-03-24,2019-04-01,2019-04-02,2766.30,5319.80
"SO - 0002623",Wholesale,WARE-NMK1003,USD,26,20,159,30,8,0.15,2018-10-27,2019-03-24,2019-03-29,2019-04-02,1177.66,1869.30
"SO - 0002624",Online,WARE-NMK1003,USD,15,50,96,37,5,0.05,2018-10-27,2019-03-24,2019-04-20,2019-04-30,911.74,1085.40
"SO - 0002625",In-Store,WARE-NMK1003,USD,7,22,110,25,4,0.05,2019-02-04,2019-03-24,2019-04-09,2019-04-19,503.84,1072.00
"SO - 0002626",In-Store,WARE-UHY1004,USD,5,42,208,46,2,0.2,2019-02-04,2019-03-24,2019-03-29,2019-03-30,216.88,261.30
"SO - 0002627",In-Store,WARE-PUJ1005,USD,3,8,299,47,1,0.15,2018-10-27,2019-03-24,2019-04-18,2019-04-26,3091.11,3912.80
"SO - 0002628",Online,WARE-NMK1003,USD,13,25,132,23,6,0.15,2019-02-04,2019-03-24,2019-04-16,2019-04-18,1176.25,2673.30
"SO - 0002629",In-Store,WARE-NMK1003,USD,8,41,202,16,2,0.05,2018-10-27,2019-03-24,2019-03-30,2019-04-02,553.96,1045.20
"SO - 0002630",Wholesale,WARE-NMK1003,USD,28,16,159,5,3,0.4,2019-02-04,2019-03-24,2019-04-01,2019-04-05,1061.28,2412.00
"SO - 0002631",In-Store,WARE-UHY1004,USD,5,4,221,14,1,0.05,2018-10-27,2019-03-25,2019-04-01,2019-04-05,417.54,1018.40
"SO - 0002632",Online,WARE-XYS1001,USD,18,46,29,45,5,0.2,2018-10-27,2019-03-25,2019-04-02,2019-04-07,1896.64,2257.90
"SO - 0002633",Online,WARE-NMK1003,USD,20,15,143,13,7,0.1,2018-10-27,2019-03-25,2019-04-18,2019-04-28,2297.16,2907.80
"SO - 0002634",Wholesale,WARE-NBV1002,USD,26,46,61,22,6,0.08,2018-10-27,2019-03-25,2019-03-29,2019-03-31,585.31,1125.60
"SO - 0002635",In-Store,WARE-MKL1006,USD,3,21,334,38,2,0.08,2018-10-27,2019-03-25,2019-03-28,2019-04-06,525.28,1072.00
"SO - 0002636",In-Store,WARE-MKL1006,USD,10,38,330,37,5,0.1,2018-10-27,2019-03-25,2019-04-06,2019-04-15,1139.67,1809.00
"SO - 0002637",Online,WARE-MKL1006,USD,19,22,349,43,3,0.1,2019-02-04,2019-03-25,2019-04-13,2019-04-15,533.05,1025.10
"SO - 0002638",In-Store,WARE-UHY1004,USD,3,38,246,24,3,0.3,2018-10-27,2019-03-26,2019-04-14,2019-04-23,1976.50,3953.00
"SO - 0002639",In-Store,WARE-XYS1001,USD,12,19,26,6,8,0.08,2018-10-27,2019-03-26,2019-04-16,2019-04-21,2016.03,2371.80
"SO - 0002640",Distributor,WARE-UHY1004,USD,24,39,233,40,8,0.05,2018-10-27,2019-03-26,2019-04-20,2019-04-30,1462.21,2358.40
"SO - 0002641",In-Store,WARE-NMK1003,USD,3,2,127,42,2,0.1,2019-02-04,2019-03-26,2019-04-12,2019-04-21,1620.06,2613.00
"SO - 0002642",Online,WARE-MKL1006,USD,12,13,341,17,3,0.1,2019-02-04,2019-03-26,2019-03-28,2019-04-03,452.25,904.50
"SO - 0002643",In-Store,WARE-NBV1002,USD,1,12,78,26,3,0.15,2018-10-27,2019-03-26,2019-04-23,2019-04-24,584.31,1025.10
"SO - 0002644",Online,WARE-UHY1004,USD,16,18,260,38,2,0.1,2018-10-27,2019-03-26,2019-03-31,2019-04-07,2504.13,3852.50
"SO - 0002645",Online,WARE-PUJ1005,USD,13,48,319,25,3,0.15,2018-10-27,2019-03-26,2019-04-08,2019-04-18,95.68,227.80
"SO - 0002646",Wholesale,WARE-NMK1003,USD,27,32,138,3,4,0.05,2019-02-04,2019-03-26,2019-03-29,2019-04-01,1618.05,2345.00
"SO - 0002647",Wholesale,WARE-XYS1001,USD,27,44,34,42,5,0.1,2019-02-04,2019-03-26,2019-03-29,2019-04-03,787.92,1969.80
"SO - 0002648",Online,WARE-UHY1004,USD,13,11,245,38,5,0.05,2018-10-27,2019-03-27,2019-04-01,2019-04-02,1293.10,2586.20
"SO - 0002649",Distributor,WARE-NMK1003,USD,23,10,162,38,7,0.05,2019-02-04,2019-03-27,2019-04-16,2019-04-21,3736.59,5748.60
"SO - 0002650",Wholesale,WARE-NMK1003,USD,28,36,199,35,3,0.08,2019-02-04,2019-03-27,2019-04-14,2019-04-16,170.25,221.10
"SO - 0002651",Online,WARE-NBV1002,USD,18,24,62,23,1,0.08,2019-02-04,2019-03-27,2019-04-14,2019-04-18,2835.98,3832.40
"SO - 0002652",Online,WARE-MKL1006,USD,13,11,347,15,8,0.3,2019-02-04,2019-03-27,2019-04-23,2019-04-28,4167.74,6411.90
"SO - 0002653",In-Store,WARE-NMK1003,USD,5,12,122,22,3,0.05,2019-02-04,2019-03-28,2019-03-30,2019-04-06,515.90,1031.80
"SO - 0002654",In-Store,WARE-MKL1006,USD,8,45,351,14,7,0.1,2019-02-04,2019-03-29,2019-04-21,2019-05-01,1603.98,3819.00
"SO - 0002655",In-Store,WARE-MKL1006,USD,2,19,343,23,8,0.05,2019-02-04,2019-03-29,2019-04-11,2019-04-20,985.30,1728.60
"SO - 0002656",In-Store,WARE-PUJ1005,USD,11,25,323,26,4,0.1,2018-10-27,2019-03-29,2019-04-03,2019-04-13,1649.81,2291.40
"SO - 0002657",Distributor,WARE-XYS1001,USD,22,30,33,17,5,0.08,2018-10-27,2019-03-29,2019-04-03,2019-04-11,3205.28,4006.60
"SO - 0002658",Online,WARE-NMK1003,USD,13,20,98,9,3,0.05,2018-10-27,2019-03-29,2019-04-09,2019-04-15,1736.37,3946.30
"SO - 0002659",Distributor,WARE-NMK1003,USD,21,20,181,16,1,0.05,2019-02-04,2019-03-29,2019-04-09,2019-04-15,4127.20,5896.00
"SO - 0002660",In-Store,WARE-MKL1006,USD,1,50,357,32,3,0.08,2019-02-04,2019-03-30,2019-04-24,2019-05-01,2013.08,2425.40
"SO - 0002661",In-Store,WARE-PUJ1005,USD,3,33,279,7,6,0.08,2019-02-04,2019-03-30,2019-04-23,2019-04-25,962.39,1145.70
"SO - 0002662",Distributor,WARE-UHY1004,USD,21,44,240,24,7,0.08,2018-10-27,2019-03-30,2019-04-04,2019-04-13,2234.85,3604.60
"SO - 0002663",In-Store,WARE-NMK1003,USD,8,13,141,27,2,0.4,2019-02-04,2019-03-30,2019-04-02,2019-04-08,701.62,1031.80
"SO - 0002664",Online,WARE-NMK1003,USD,14,46,152,34,5,0.15,2018-10-27,2019-03-30,2019-04-03,2019-04-10,2106.48,2633.10
"SO - 0002665",Distributor,WARE-NMK1003,USD,21,39,125,8,8,0.1,2019-02-04,2019-03-30,2019-04-05,2019-04-12,1300.07,2954.70
"SO - 0002666",Distributor,WARE-NMK1003,USD,25,4,163,15,7,0.15,2019-02-04,2019-03-30,2019-04-20,2019-04-30,715.29,1051.90
"SO - 0002667",Distributor,WARE-UHY1004,USD,21,9,244,37,7,0.15,2018-10-27,2019-03-30,2019-04-13,2019-04-18,726.01,864.30
"SO - 0002668",Online,WARE-PUJ1005,USD,20,37,311,18,1,0.05,2018-10-27,2019-03-31,2019-04-22,2019-05-01,1557.35,1996.60
"SO - 0002669",Distributor,WARE-NMK1003,USD,21,30,172,27,4,0.08,2018-10-27,2019-03-31,2019-04-20,2019-04-22,2529.92,3953.00
"SO - 0002670",In-Store,WARE-XYS1001,USD,11,46,12,11,8,0.08,2018-10-27,2019-03-31,2019-04-17,2019-04-18,2811.39,3959.70
"SO - 0002671",Wholesale,WARE-NBV1002,USD,26,2,87,44,3,0.1,2019-02-04,2019-03-31,2019-04-04,2019-04-06,194.64,234.50
"SO - 0002672",In-Store,WARE-NMK1003,USD,7,17,138,15,6,0.05,2018-10-27,2019-03-31,2019-04-15,2019-04-17,1503.48,2211.00
"SO - 0002673",In-Store,WARE-NMK1003,USD,2,30,143,33,8,0.08,2018-10-27,2019-03-31,2019-04-05,2019-04-15,562.80,1172.50
"SO - 0002674",Wholesale,WARE-MKL1006,USD,27,37,364,13,5,0.08,2018-10-27,2019-03-31,2019-04-07,2019-04-13,91.12,227.80
"SO - 0002675",In-Store,WARE-NMK1003,USD,2,18,157,43,3,0.1,2018-10-27,2019-04-01,2019-04-10,2019-04-15,1023.49,1795.60
"SO - 0002676",Online,WARE-PUJ1005,USD,15,17,307,27,1,0.08,2018-10-27,2019-04-01,2019-04-18,2019-04-27,1134.51,1922.90
"SO - 0002677",In-Store,WARE-XYS1001,USD,9,49,57,36,6,0.08,2018-10-27,2019-04-01,2019-04-29,2019-05-05,1878.14,2572.80
"SO - 0002678",In-Store,WARE-NMK1003,USD,5,39,180,39,3,0.4,2018-10-27,2019-04-01,2019-04-26,2019-05-01,581.56,830.80
"SO - 0002679",Online,WARE-PUJ1005,USD,20,46,297,7,3,0.1,2019-02-04,2019-04-01,2019-04-24,2019-04-28,711.94,924.60
"SO - 0002680",Wholesale,WARE-NMK1003,USD,28,38,117,12,7,0.05,2018-10-27,2019-04-01,2019-04-29,2019-05-01,2369.79,5266.20
"SO - 0002681",Wholesale,WARE-XYS1001,USD,25,33,27,33,4,0.2,2018-10-27,2019-04-01,2019-04-06,2019-04-16,3197.58,3852.50
"SO - 0002682",Online,WARE-MKL1006,USD,14,3,333,8,1,0.05,2019-02-04,2019-04-01,2019-04-20,2019-04-25,513.76,951.40
"SO - 0002683",Distributor,WARE-NMK1003,USD,22,18,107,38,4,0.05,2018-10-27,2019-04-01,2019-04-17,2019-04-26,1311.53,2914.50
"SO - 0002684",Distributor,WARE-MKL1006,USD,24,48,336,26,4,0.2,2019-02-04,2019-04-01,2019-04-18,2019-04-23,1620.53,2418.70
"SO - 0002685",In-Store,WARE-NMK1003,USD,5,36,152,17,2,0.15,2018-10-27,2019-04-02,2019-04-16,2019-04-23,1523.58,2539.30
"SO - 0002686",In-Store,WARE-PUJ1005,USD,12,10,275,41,1,0.08,2018-10-27,2019-04-02,2019-04-15,2019-04-17,1148.11,2251.20
"SO - 0002687",In-Store,WARE-NMK1003,USD,4,10,159,43,3,0.1,2018-10-27,2019-04-02,2019-04-25,2019-04-29,2780.43,5246.10
"SO - 0002688",Distributor,WARE-PUJ1005,USD,21,36,276,40,5,0.3,2018-10-27,2019-04-02,2019-04-23,2019-04-27,591.74,924.60
"SO - 0002689",Wholesale,WARE-NMK1003,USD,27,42,134,39,8,0.4,2019-02-04,2019-04-02,2019-04-07,2019-04-14,650.03,1031.80
"SO - 0002690",Wholesale,WARE-PUJ1005,USD,27,46,281,33,3,0.1,2019-02-04,2019-04-02,2019-04-25,2019-04-28,1317.69,1855.90
"SO - 0002691",In-Store,WARE-XYS1001,USD,1,1,12,46,7,0.15,2019-02-04,2019-04-02,2019-04-05,2019-04-07,588.13,1031.80
"SO - 0002692",Distributor,WARE-NMK1003,USD,25,32,91,11,4,0.15,2019-02-04,2019-04-02,2019-04-11,2019-04-17,724.14,1293.10
"SO - 0002693",In-Store,WARE-NBV1002,USD,12,13,83,6,8,0.1,2018-10-27,2019-04-03,2019-04-10,2019-04-15,508.87,1038.50
"SO - 0002694",In-Store,WARE-NMK1003,USD,9,18,132,33,1,0.08,2018-10-27,2019-04-03,2019-04-06,2019-04-10,1037.16,1728.60
"SO - 0002695",In-Store,WARE-MKL1006,USD,3,43,350,32,3,0.1,2019-02-04,2019-04-03,2019-04-09,2019-04-15,173.53,234.50
"SO - 0002696",In-Store,WARE-UHY1004,USD,12,41,234,11,7,0.2,2018-10-27,2019-04-03,2019-04-19,2019-04-24,2253.21,3953.00
"SO - 0002697",Distributor,WARE-PUJ1005,USD,25,38,322,1,2,0.08,2019-02-04,2019-04-03,2019-04-09,2019-04-16,553.96,710.20
"SO - 0002698",Wholesale,WARE-NBV1002,USD,26,48,80,24,8,0.1,2019-02-04,2019-04-04,2019-04-08,2019-04-13,1286.33,1762.10
"SO - 0002699",Online,WARE-NBV1002,USD,14,2,72,44,7,0.1,2018-10-27,2019-04-04,2019-04-12,2019-04-21,1335.24,1829.10
"SO - 0002700",Wholesale,WARE-PUJ1005,USD,27,36,263,33,7,0.08,2019-02-04,2019-04-04,2019-04-18,2019-04-27,1289.75,2345.00
"SO - 0002701",In-Store,WARE-NMK1003,USD,9,3,172,14,4,0.1,2018-10-27,2019-04-04,2019-04-23,2019-04-27,3683.39,5755.30
"SO - 0002702",Online,WARE-NBV1002,USD,14,20,74,45,1,0.05,2018-10-27,2019-04-04,2019-05-01,2019-05-06,491.45,1092.10
"SO - 0002703",In-Store,WARE-NBV1002,USD,7,50,85,5,5,0.08,2019-02-04,2019-04-04,2019-04-14,2019-04-19,1427.10,2854.20
"SO - 0002704",Online,WARE-PUJ1005,USD,14,14,326,2,1,0.05,2019-02-04,2019-04-04,2019-04-11,2019-04-21,423.04,1031.80
"SO - 0002705",Distributor,WARE-NMK1003,USD,21,17,137,1,1,0.08,2019-02-04,2019-04-04,2019-05-01,2019-05-09,544.98,1112.20
"SO - 0002706",Online,WARE-NMK1003,USD,18,47,181,38,2,0.15,2018-10-27,2019-04-04,2019-04-15,2019-04-20,1604.72,3731.90
"SO - 0002707",Wholesale,WARE-UHY1004,USD,26,28,214,27,7,0.05,2019-02-04,2019-04-04,2019-04-27,2019-05-06,1955.33,2572.80
"SO - 0002708",In-Store,WARE-NMK1003,USD,8,18,146,31,8,0.08,2019-02-04,2019-04-04,2019-04-09,2019-04-11,143.72,261.30
"SO - 0002709",Wholesale,WARE-NMK1003,USD,26,4,147,13,3,0.05,2018-10-27,2019-04-04,2019-04-20,2019-04-28,152.63,227.80
"SO - 0002710",Online,WARE-MKL1006,USD,13,44,361,47,5,0.3,2018-10-27,2019-04-04,2019-04-12,2019-04-13,1110.59,1983.20
"SO - 0002711",Online,WARE-UHY1004,USD,16,17,237,23,1,0.05,2018-10-27,2019-04-04,2019-04-21,2019-05-01,219.76,268.00
"SO - 0002712",Online,WARE-PUJ1005,USD,13,18,320,33,2,0.05,2019-02-04,2019-04-04,2019-04-08,2019-04-11,2123.77,3932.90
"SO - 0002713",Online,WARE-NMK1003,USD,16,11,90,45,8,0.08,2019-02-04,2019-04-04,2019-04-13,2019-04-21,1672.72,2291.40
"SO - 0002714",Online,WARE-MKL1006,USD,14,18,333,38,7,0.08,2019-02-04,2019-04-04,2019-04-13,2019-04-16,5019.98,6197.50
"SO - 0002715",Online,WARE-PUJ1005,USD,20,27,282,38,4,0.1,2019-02-04,2019-04-04,2019-05-01,2019-05-05,2495.42,3839.10
"SO - 0002716",In-Store,WARE-XYS1001,USD,8,5,26,44,1,0.3,2018-10-27,2019-04-05,2019-04-07,2019-04-12,793.95,1058.60
"SO - 0002717",Online,WARE-NBV1002,USD,12,17,66,47,8,0.08,2019-02-04,2019-04-05,2019-04-17,2019-04-18,579.28,877.70
"SO - 0002718",In-Store,WARE-PUJ1005,USD,2,18,271,23,8,0.4,2019-02-04,2019-04-05,2019-04-17,2019-04-19,5171.06,6083.60
"SO - 0002719",Wholesale,WARE-UHY1004,USD,25,39,215,20,1,0.2,2018-10-27,2019-04-05,2019-04-14,2019-04-19,3024.65,3979.80
"SO - 0002720",In-Store,WARE-MKL1006,USD,8,47,334,4,5,0.1,2019-02-04,2019-04-05,2019-04-25,2019-04-26,3163.94,3906.10
"SO - 0002721",Distributor,WARE-XYS1001,USD,25,17,11,35,6,0.08,2018-10-27,2019-04-05,2019-04-15,2019-04-24,4986.01,6311.40
"SO - 0002722",Online,WARE-NMK1003,USD,15,47,125,9,8,0.1,2018-10-27,2019-04-05,2019-04-14,2019-04-22,1493.23,2619.70
"SO - 0002723",In-Store,WARE-UHY1004,USD,8,20,217,44,6,0.08,2019-02-04,2019-04-05,2019-04-29,2019-05-08,1396.28,3490.70
"SO - 0002724",In-Store,WARE-PUJ1005,USD,4,12,266,3,1,0.05,2018-10-27,2019-04-06,2019-04-14,2019-04-22,117.25,234.50
"SO - 0002725",Online,WARE-NMK1003,USD,20,15,130,24,8,0.3,2019-02-04,2019-04-06,2019-04-16,2019-04-22,585.31,1125.60
"SO - 0002726",In-Store,WARE-NMK1003,USD,4,41,123,41,3,0.1,2019-02-04,2019-04-06,2019-04-11,2019-04-17,1211.23,2633.10
"SO - 0002727",Online,WARE-MKL1006,USD,12,42,355,7,5,0.08,2018-10-27,2019-04-06,2019-04-19,2019-04-22,854.25,1005.00
"SO - 0002728",In-Store,WARE-PUJ1005,USD,2,47,286,44,8,0.05,2018-10-27,2019-04-06,2019-05-03,2019-05-06,878.64,1112.20
"SO - 0002729",In-Store,WARE-MKL1006,USD,3,21,333,29,8,0.05,2018-10-27,2019-04-06,2019-04-24,2019-05-04,1995.46,2525.90
"SO - 0002730",Distributor,WARE-PUJ1005,USD,25,4,279,34,7,0.05,2018-10-27,2019-04-06,2019-04-24,2019-05-02,91.92,187.60
"SO - 0002731",Online,WARE-UHY1004,USD,18,20,241,13,7,0.08,2019-02-04,2019-04-06,2019-04-30,2019-05-05,1317.76,1996.60
"SO - 0002732",In-Store,WARE-XYS1001,USD,9,23,16,30,5,0.4,2019-02-04,2019-04-06,2019-04-20,2019-04-30,2062.26,2546.00
"SO - 0002733",Wholesale,WARE-NMK1003,USD,25,25,130,19,2,0.08,2018-10-27,2019-04-06,2019-04-10,2019-04-15,754.15,1125.60
"SO - 0002734",Distributor,WARE-MKL1006,USD,23,11,352,37,8,0.15,2018-10-27,2019-04-06,2019-04-27,2019-05-03,1828.30,2539.30
"SO - 0002735",In-Store,WARE-UHY1004,USD,4,8,260,6,7,0.15,2018-10-27,2019-04-07,2019-04-27,2019-04-29,1275.01,2318.20
"SO - 0002736",In-Store,WARE-NBV1002,USD,7,43,74,18,6,0.2,2018-10-27,2019-04-07,2019-04-30,2019-05-05,1919.95,3999.90
"SO - 0002737",In-Store,WARE-NBV1002,USD,4,20,73,32,8,0.05,2019-02-04,2019-04-07,2019-05-03,2019-05-10,678.04,1232.80
"SO - 0002738",In-Store,WARE-PUJ1005,USD,11,20,262,31,7,0.05,2019-02-04,2019-04-07,2019-05-01,2019-05-11,371.65,864.30
"SO - 0002739",Distributor,WARE-PUJ1005,USD,24,11,306,27,3,0.3,2019-02-04,2019-04-07,2019-04-15,2019-04-16,2316.12,3356.70
"SO - 0002740",In-Store,WARE-MKL1006,USD,2,11,337,45,7,0.08,2019-02-04,2019-04-07,2019-04-16,2019-04-21,1879.95,3999.90
"SO - 0002741",Distributor,WARE-XYS1001,USD,23,48,3,17,2,0.15,2019-02-04,2019-04-07,2019-04-25,2019-05-02,1473.67,1775.50
"SO - 0002742",In-Store,WARE-UHY1004,USD,5,48,233,33,4,0.15,2019-02-04,2019-04-07,2019-04-17,2019-04-21,784.17,1018.40
"SO - 0002743",In-Store,WARE-NMK1003,USD,9,4,92,22,1,0.05,2018-10-27,2019-04-07,2019-04-25,2019-05-03,3142.23,3879.30
"SO - 0002744",Online,WARE-NMK1003,USD,12,15,132,23,3,0.05,2018-10-27,2019-04-08,2019-04-23,2019-04-26,1349.31,2753.70
"SO - 0002745",Distributor,WARE-PUJ1005,USD,24,1,316,16,5,0.1,2019-02-04,2019-04-08,2019-04-19,2019-04-24,780.15,1098.80
"SO - 0002746",Wholesale,WARE-PUJ1005,USD,26,9,300,12,1,0.05,2019-02-04,2019-04-08,2019-04-26,2019-05-01,82.08,167.50
"SO - 0002747",Online,WARE-PUJ1005,USD,18,21,277,24,8,0.1,2018-10-27,2019-04-08,2019-05-01,2019-05-09,438.98,1045.20
"SO - 0002748",Distributor,WARE-MKL1006,USD,24,19,348,20,7,0.08,2018-10-27,2019-04-08,2019-04-29,2019-05-04,146.33,174.20
"SO - 0002749",Online,WARE-XYS1001,USD,13,37,14,31,5,0.05,2018-10-27,2019-04-08,2019-04-25,2019-05-03,879.04,1098.80
"SO - 0002750",Online,WARE-UHY1004,USD,18,18,261,16,5,0.08,2018-10-27,2019-04-08,2019-05-05,2019-05-13,1316.35,2231.10
"SO - 0002751",In-Store,WARE-XYS1001,USD,4,1,19,28,4,0.05,2018-10-27,2019-04-08,2019-04-24,2019-04-29,547.93,944.70
"SO - 0002752",Online,WARE-NMK1003,USD,19,22,142,31,1,0.08,2019-02-04,2019-04-08,2019-04-26,2019-05-02,481.80,1025.10
"SO - 0002753",Online,WARE-MKL1006,USD,15,13,364,40,4,0.1,2018-10-27,2019-04-09,2019-04-20,2019-04-27,2836.51,3939.60
"SO - 0002754",In-Store,WARE-NMK1003,USD,4,49,100,15,1,0.4,2019-02-04,2019-04-09,2019-05-03,2019-05-13,5033.64,6371.70
"SO - 0002755",Distributor,WARE-NMK1003,USD,21,48,119,12,5,0.05,2018-10-27,2019-04-09,2019-05-01,2019-05-10,606.02,904.50
"SO - 0002756",Wholesale,WARE-MKL1006,USD,28,28,340,4,2,0.05,2019-02-04,2019-04-09,2019-04-22,2019-04-29,3942.15,6358.30
"SO - 0002757",Online,WARE-NMK1003,USD,16,21,200,29,5,0.08,2018-10-27,2019-04-09,2019-04-25,2019-04-28,103.85,167.50
"SO - 0002758",Online,WARE-NMK1003,USD,17,14,132,7,8,0.05,2019-02-04,2019-04-09,2019-04-19,2019-04-20,642.20,904.50
"SO - 0002759",In-Store,WARE-XYS1001,USD,2,3,29,25,1,0.08,2019-02-04,2019-04-09,2019-04-22,2019-04-26,3072.89,3939.60
"SO - 0002760",In-Store,WARE-PUJ1005,USD,2,26,319,9,5,0.4,2018-10-27,2019-04-09,2019-05-01,2019-05-11,2766.56,3738.60
"SO - 0002761",Online,WARE-NMK1003,USD,13,45,124,35,5,0.4,2018-10-27,2019-04-10,2019-04-24,2019-05-04,806.35,971.50
"SO - 0002762",Distributor,WARE-NMK1003,USD,20,50,132,29,3,0.4,2019-02-04,2019-04-10,2019-04-24,2019-04-27,813.11,1098.80
"SO - 0002763",Online,WARE-NBV1002,USD,12,33,76,41,5,0.1,2019-02-04,2019-04-10,2019-04-24,2019-04-30,156.18,247.90
"SO - 0002764",Wholesale,WARE-NMK1003,USD,26,36,130,6,4,0.05,2019-02-04,2019-04-10,2019-05-05,2019-05-11,1451.22,2418.70
"SO - 0002765",In-Store,WARE-NMK1003,USD,1,27,196,8,7,0.1,2019-02-04,2019-04-10,2019-05-06,2019-05-09,139.03,167.50
"SO - 0002766",Distributor,WARE-XYS1001,USD,21,21,33,42,7,0.1,2019-02-04,2019-04-10,2019-04-17,2019-04-25,1485.06,2284.70
"SO - 0002767",In-Store,WARE-NMK1003,USD,11,22,119,25,3,0.08,2019-02-04,2019-04-10,2019-04-23,2019-04-25,1489.41,1909.50
"SO - 0002768",In-Store,WARE-NMK1003,USD,5,18,128,38,8,0.05,2019-02-04,2019-04-10,2019-05-02,2019-05-09,3296.40,5494.00
"SO - 0002769",In-Store,WARE-PUJ1005,USD,9,47,284,21,8,0.08,2018-10-27,2019-04-10,2019-05-05,2019-05-09,2137.30,3886.00
"SO - 0002770",In-Store,WARE-MKL1006,USD,2,32,342,22,3,0.1,2018-10-27,2019-04-10,2019-04-17,2019-04-21,166.50,234.50
"SO - 0002771",In-Store,WARE-NMK1003,USD,5,38,124,45,5,0.05,2018-10-27,2019-04-11,2019-05-07,2019-05-08,4372.96,5205.90
"SO - 0002772",Wholesale,WARE-MKL1006,USD,28,35,343,19,7,0.05,2018-10-27,2019-04-11,2019-05-08,2019-05-12,1336.18,1735.30
"SO - 0002773",Online,WARE-NMK1003,USD,14,12,142,14,1,0.2,2018-10-27,2019-04-11,2019-04-13,2019-04-18,430.54,1025.10
"SO - 0002774",Distributor,WARE-NBV1002,USD,21,2,84,5,3,0.3,2019-02-04,2019-04-11,2019-04-17,2019-04-21,1981.86,3886.00
"SO - 0002775",Distributor,WARE-NMK1003,USD,21,1,105,29,4,0.08,2018-10-27,2019-04-11,2019-05-01,2019-05-03,502.30,984.90
"SO - 0002776",Online,WARE-PUJ1005,USD,18,43,299,3,5,0.15,2019-02-04,2019-04-12,2019-04-19,2019-04-22,511.34,1065.30
"SO - 0002777",Distributor,WARE-PUJ1005,USD,22,10,304,31,7,0.3,2019-02-04,2019-04-12,2019-05-06,2019-05-12,3402.66,5078.60
"SO - 0002778",Online,WARE-MKL1006,USD,18,3,339,11,7,0.1,2018-10-27,2019-04-12,2019-04-27,2019-04-30,168.24,207.70
"SO - 0002779",Wholesale,WARE-NMK1003,USD,25,20,150,47,3,0.05,2018-10-27,2019-04-12,2019-04-23,2019-04-30,1585.22,2264.60
"SO - 0002780",Distributor,WARE-XYS1001,USD,22,30,28,41,6,0.08,2019-02-04,2019-04-12,2019-04-20,2019-04-25,840.18,1909.50
"SO - 0002781",Distributor,WARE-NMK1003,USD,22,30,143,28,8,0.05,2018-10-27,2019-04-12,2019-05-10,2019-05-18,765.41,1125.60
"SO - 0002782",Online,WARE-NMK1003,USD,16,14,162,25,4,0.15,2019-02-04,2019-04-12,2019-04-17,2019-04-21,4209.34,5688.30
"SO - 0002783",Online,WARE-NMK1003,USD,17,41,177,43,5,0.1,2018-10-27,2019-04-13,2019-05-02,2019-05-06,117.25,167.50
"SO - 0002784",Online,WARE-NBV1002,USD,16,25,78,47,5,0.08,2019-02-04,2019-04-13,2019-04-23,2019-04-24,1668.30,2224.40
"SO - 0002785",Wholesale,WARE-XYS1001,USD,28,37,58,44,4,0.05,2018-10-27,2019-04-13,2019-04-16,2019-04-21,686.15,891.10
"SO - 0002786",Online,WARE-PUJ1005,USD,18,29,311,34,4,0.15,2018-10-27,2019-04-13,2019-04-23,2019-04-24,2726.90,3685.00
"SO - 0002787",Online,WARE-NMK1003,USD,20,4,143,45,8,0.1,2019-02-04,2019-04-13,2019-04-23,2019-05-02,472.35,1005.00
"SO - 0002788",Online,WARE-NMK1003,USD,15,19,142,8,8,0.08,2018-10-27,2019-04-13,2019-04-24,2019-05-03,782.56,1956.40
"SO - 0002789",Online,WARE-NBV1002,USD,13,14,78,34,7,0.08,2019-02-04,2019-04-13,2019-04-17,2019-04-25,1650.81,3839.10
"SO - 0002790",In-Store,WARE-NBV1002,USD,4,38,80,33,1,0.05,2019-02-04,2019-04-13,2019-05-05,2019-05-14,948.12,1788.90
"SO - 0002791",Distributor,WARE-MKL1006,USD,21,23,348,15,1,0.1,2019-02-04,2019-04-13,2019-04-17,2019-04-22,851.84,1092.10
"SO - 0002792",In-Store,WARE-MKL1006,USD,3,43,346,21,2,0.08,2019-02-04,2019-04-14,2019-05-12,2019-05-20,992.20,1681.70
"SO - 0002793",Wholesale,WARE-XYS1001,USD,27,17,26,8,5,0.08,2018-10-27,2019-04-14,2019-05-03,2019-05-07,841.52,1051.90
"SO - 0002794",In-Store,WARE-NMK1003,USD,9,11,108,39,8,0.08,2019-02-04,2019-04-14,2019-04-17,2019-04-23,99.16,247.90
"SO - 0002795",In-Store,WARE-XYS1001,USD,6,11,1,35,6,0.05,2019-02-04,2019-04-14,2019-05-10,2019-05-11,2517.19,3872.60
"SO - 0002796",Wholesale,WARE-NBV1002,USD,26,16,66,2,6,0.05,2018-10-27,2019-04-14,2019-04-26,2019-04-29,2047.52,2559.40
"SO - 0002797",In-Store,WARE-NMK1003,USD,6,44,151,41,1,0.15,2018-10-27,2019-04-14,2019-05-04,2019-05-05,1461.40,1782.20
"SO - 0002798",Distributor,WARE-NMK1003,USD,21,2,135,22,8,0.08,2018-10-27,2019-04-14,2019-04-25,2019-04-27,4352.32,5440.40
"SO - 0002799",Distributor,WARE-PUJ1005,USD,22,37,270,42,1,0.2,2018-10-27,2019-04-14,2019-04-23,2019-04-29,643.20,1286.40
"SO - 0002800",Wholesale,WARE-NMK1003,USD,25,2,132,31,4,0.05,2018-10-27,2019-04-14,2019-05-08,2019-05-18,549.40,1098.80
"SO - 0002801",In-Store,WARE-XYS1001,USD,8,7,3,3,4,0.1,2018-10-27,2019-04-15,2019-04-25,2019-05-01,412.72,1031.80
"SO - 0002802",Online,WARE-NMK1003,USD,18,11,158,42,4,0.2,2018-10-27,2019-04-15,2019-04-29,2019-05-04,1612.42,2559.40
"SO - 0002803",In-Store,WARE-NMK1003,USD,4,30,91,35,2,0.3,2019-02-04,2019-04-15,2019-05-06,2019-05-14,1434.20,1862.60
"SO - 0002804",In-Store,WARE-MKL1006,USD,7,28,357,41,7,0.05,2019-02-04,2019-04-15,2019-05-13,2019-05-14,520.99,1085.40
"SO - 0002805",Online,WARE-MKL1006,USD,14,29,346,18,1,0.08,2019-02-04,2019-04-15,2019-04-22,2019-05-01,901.15,1802.30
"SO - 0002806",Online,WARE-NMK1003,USD,16,9,200,17,3,0.3,2019-02-04,2019-04-15,2019-05-06,2019-05-12,1430.85,1882.70
"SO - 0002807",Online,WARE-NMK1003,USD,18,4,148,21,2,0.08,2018-10-27,2019-04-15,2019-05-11,2019-05-16,1226.37,1916.20
"SO - 0002808",Online,WARE-NMK1003,USD,19,15,97,39,6,0.2,2019-02-04,2019-04-15,2019-05-12,2019-05-17,694.12,991.60
"SO - 0002809",In-Store,WARE-XYS1001,USD,11,48,20,31,1,0.05,2018-10-27,2019-04-15,2019-05-05,2019-05-07,922.59,1809.00
"SO - 0002810",Online,WARE-NMK1003,USD,17,26,185,16,6,0.1,2019-02-04,2019-04-16,2019-05-08,2019-05-10,614.86,891.10
"SO - 0002811",Distributor,WARE-PUJ1005,USD,21,45,325,12,4,0.05,2019-02-04,2019-04-16,2019-04-29,2019-05-04,150.21,254.60
"SO - 0002812",In-Store,WARE-MKL1006,USD,4,26,362,11,7,0.1,2019-02-04,2019-04-16,2019-04-21,2019-04-29,1322.58,3149.00
"SO - 0002813",Wholesale,WARE-UHY1004,USD,27,29,237,6,7,0.08,2018-10-27,2019-04-16,2019-05-02,2019-05-07,1775.84,3946.30
"SO - 0002814",In-Store,WARE-PUJ1005,USD,6,5,263,11,7,0.05,2019-02-04,2019-04-16,2019-05-01,2019-05-03,748.79,1701.80
"SO - 0002815",In-Store,WARE-NMK1003,USD,4,4,197,44,5,0.05,2018-10-27,2019-04-16,2019-05-07,2019-05-13,445.15,1011.70
"SO - 0002816",Online,WARE-NMK1003,USD,16,20,153,23,5,0.4,2018-10-27,2019-04-16,2019-05-09,2019-05-15,383.24,871.00
"SO - 0002817",In-Store,WARE-NMK1003,USD,7,47,160,38,3,0.08,2018-10-27,2019-04-17,2019-04-24,2019-04-28,442.20,1105.50
"SO - 0002818",Wholesale,WARE-NMK1003,USD,28,13,125,4,7,0.05,2019-02-04,2019-04-17,2019-04-21,2019-04-25,4611.74,6405.20
"SO - 0002819",Online,WARE-MKL1006,USD,13,11,344,4,4,0.3,2018-10-27,2019-04-17,2019-05-08,2019-05-10,1798.95,2398.60
"SO - 0002820",Wholesale,WARE-UHY1004,USD,28,24,234,12,3,0.15,2019-02-04,2019-04-17,2019-04-27,2019-05-07,811.91,1112.20
"SO - 0002821",Wholesale,WARE-PUJ1005,USD,27,26,277,4,4,0.15,2019-02-04,2019-04-17,2019-05-13,2019-05-18,1103.69,1936.30
"SO - 0002822",In-Store,WARE-UHY1004,USD,4,15,252,33,2,0.08,2019-02-04,2019-04-17,2019-04-26,2019-05-04,452.32,1051.90
"SO - 0002823",In-Store,WARE-NBV1002,USD,9,46,85,3,5,0.3,2019-02-04,2019-04-17,2019-05-06,2019-05-15,662.70,1051.90
"SO - 0002824",Distributor,WARE-XYS1001,USD,23,11,11,3,3,0.08,2019-02-04,2019-04-17,2019-04-21,2019-05-01,589.73,1092.10
"SO - 0002825",Online,WARE-XYS1001,USD,19,47,6,33,2,0.2,2019-02-04,2019-04-17,2019-05-03,2019-05-04,1905.48,3175.80
"SO - 0002826",Online,WARE-PUJ1005,USD,17,14,309,1,7,0.1,2018-10-27,2019-04-18,2019-04-30,2019-05-01,1808.73,2659.90
"SO - 0002827",In-Store,WARE-NBV1002,USD,6,25,73,43,7,0.08,2019-02-04,2019-04-18,2019-04-28,2019-05-04,768.49,1038.50
"SO - 0002828",Online,WARE-XYS1001,USD,13,1,21,14,1,0.05,2019-02-04,2019-04-18,2019-05-09,2019-05-17,860.82,1956.40
"SO - 0002829",Wholesale,WARE-NMK1003,USD,28,7,145,37,7,0.15,2018-10-27,2019-04-18,2019-05-13,2019-05-20,844.20,1125.60
"SO - 0002830",In-Store,WARE-UHY1004,USD,5,5,214,29,6,0.1,2018-10-27,2019-04-18,2019-05-03,2019-05-07,1339.20,1762.10
"SO - 0002831",In-Store,WARE-UHY1004,USD,3,47,219,33,4,0.05,2019-02-04,2019-04-18,2019-04-27,2019-04-28,334.20,777.20
"SO - 0002832",In-Store,WARE-NMK1003,USD,3,11,98,19,7,0.05,2018-10-27,2019-04-18,2019-04-20,2019-04-29,1462.54,1762.10
"SO - 0002833",In-Store,WARE-PUJ1005,USD,2,7,295,17,8,0.1,2018-10-27,2019-04-18,2019-05-06,2019-05-11,511.61,1112.20
"SO - 0002834",Wholesale,WARE-NMK1003,USD,27,32,180,28,8,0.05,2019-02-04,2019-04-19,2019-05-16,2019-05-23,1306.50,2512.50
"SO - 0002835",Wholesale,WARE-PUJ1005,USD,28,6,266,45,8,0.15,2019-02-04,2019-04-19,2019-04-29,2019-05-02,430.94,897.80
"SO - 0002836",Wholesale,WARE-UHY1004,USD,26,30,209,14,8,0.15,2019-02-04,2019-04-19,2019-05-05,2019-05-08,3236.10,6472.20
"SO - 0002837",In-Store,WARE-XYS1001,USD,10,33,29,41,8,0.1,2019-02-04,2019-04-19,2019-04-27,2019-05-04,747.72,1038.50
"SO - 0002838",In-Store,WARE-NMK1003,USD,3,19,133,29,1,0.08,2019-02-04,2019-04-19,2019-05-08,2019-05-16,4045.73,5949.60
"SO - 0002839",Distributor,WARE-NMK1003,USD,23,9,96,23,6,0.08,2019-02-04,2019-04-19,2019-04-26,2019-05-06,474.96,931.30
"SO - 0002840",In-Store,WARE-PUJ1005,USD,7,46,273,9,8,0.05,2019-02-04,2019-04-19,2019-05-09,2019-05-15,1024.30,2438.80
"SO - 0002841",Online,WARE-NMK1003,USD,20,21,163,6,7,0.3,2018-10-27,2019-04-19,2019-05-13,2019-05-19,419.02,710.20
"SO - 0002842",Online,WARE-PUJ1005,USD,19,4,310,13,5,0.05,2019-02-04,2019-04-20,2019-05-15,2019-05-24,427.73,1018.40
"SO - 0002843",Online,WARE-NMK1003,USD,13,16,125,16,8,0.1,2019-02-04,2019-04-20,2019-05-16,2019-05-20,2111.51,3839.10
"SO - 0002844",In-Store,WARE-NBV1002,USD,4,47,77,18,2,0.4,2019-02-04,2019-04-20,2019-04-23,2019-05-01,824.10,1098.80
"SO - 0002845",Online,WARE-NBV1002,USD,14,15,77,24,2,0.05,2019-02-04,2019-04-20,2019-04-24,2019-05-04,725.81,1051.90
"SO - 0002846",In-Store,WARE-NMK1003,USD,1,45,115,29,7,0.05,2019-02-04,2019-04-20,2019-04-22,2019-05-01,2628.81,3865.90
"SO - 0002847",Online,WARE-PUJ1005,USD,13,36,320,8,6,0.1,2019-02-04,2019-04-20,2019-04-25,2019-04-30,559.45,1118.90
"SO - 0002848",In-Store,WARE-XYS1001,USD,11,22,13,26,5,0.05,2018-10-27,2019-04-20,2019-05-03,2019-05-13,3351.88,5078.60
"SO - 0002849",In-Store,WARE-PUJ1005,USD,9,50,267,10,3,0.05,2018-10-27,2019-04-20,2019-05-12,2019-05-18,1085.07,2646.50
"SO - 0002850",In-Store,WARE-XYS1001,USD,1,28,14,1,8,0.4,2019-02-04,2019-04-20,2019-05-12,2019-05-14,2261.65,3899.40
"SO - 0002851",In-Store,WARE-XYS1001,USD,8,37,48,31,8,0.3,2019-02-04,2019-04-20,2019-05-01,2019-05-08,1466.56,2485.70
"SO - 0002852",Online,WARE-NBV1002,USD,13,32,77,12,3,0.05,2019-02-04,2019-04-20,2019-05-12,2019-05-16,1535.10,2398.60
"SO - 0002853",Online,WARE-UHY1004,USD,16,42,215,47,4,0.4,2019-02-04,2019-04-21,2019-04-27,2019-05-05,1830.71,2653.20
"SO - 0002854",Wholesale,WARE-NMK1003,USD,28,46,202,13,4,0.05,2019-02-04,2019-04-21,2019-05-04,2019-05-14,1109.65,2264.60
"SO - 0002855",Online,WARE-UHY1004,USD,14,18,213,13,7,0.05,2019-02-04,2019-04-21,2019-05-11,2019-05-16,2996.11,5165.70
"SO - 0002856",Distributor,WARE-NBV1002,USD,25,46,59,23,4,0.05,2019-02-04,2019-04-21,2019-05-15,2019-05-19,882.19,1145.70
"SO - 0002857",Online,WARE-XYS1001,USD,17,41,29,4,1,0.05,2018-10-27,2019-04-21,2019-04-24,2019-05-01,3205.88,5433.70
"SO - 0002858",Online,WARE-NMK1003,USD,13,37,107,40,4,0.08,2019-02-04,2019-04-22,2019-05-18,2019-05-26,104.52,201.00
"SO - 0002859",Online,WARE-MKL1006,USD,20,45,349,20,5,0.1,2019-02-04,2019-04-22,2019-05-13,2019-05-22,776.66,1688.40
"SO - 0002860",Online,WARE-NMK1003,USD,19,31,188,38,6,0.1,2019-02-04,2019-04-22,2019-05-02,2019-05-09,402.00,1005.00
"SO - 0002861",Wholesale,WARE-PUJ1005,USD,26,1,327,10,1,0.3,2018-10-27,2019-04-22,2019-05-06,2019-05-14,1288.28,1695.10
"SO - 0002862",Online,WARE-NMK1003,USD,13,32,187,24,3,0.15,2019-02-04,2019-04-22,2019-04-26,2019-05-02,645.75,1058.60
"SO - 0002863",In-Store,WARE-UHY1004,USD,4,50,208,24,4,0.05,2019-02-04,2019-04-22,2019-05-20,2019-05-24,4877.60,6097.00
"SO - 0002864",Online,WARE-XYS1001,USD,13,9,37,19,4,0.2,2019-02-04,2019-04-22,2019-05-13,2019-05-16,712.88,1782.20
"SO - 0002865",Distributor,WARE-XYS1001,USD,20,4,25,4,6,0.05,2019-02-04,2019-04-22,2019-05-13,2019-05-18,1441.44,2324.90
"SO - 0002866",Wholesale,WARE-NMK1003,USD,27,23,145,10,6,0.1,2019-02-04,2019-04-23,2019-05-20,2019-05-29,2600.14,3939.60
"SO - 0002867",In-Store,WARE-MKL1006,USD,3,37,339,30,3,0.2,2019-02-04,2019-04-23,2019-05-03,2019-05-13,84.42,187.60
"SO - 0002868",In-Store,WARE-NMK1003,USD,7,30,93,27,2,0.05,2019-02-04,2019-04-23,2019-05-01,2019-05-04,1787.29,2351.70
"SO - 0002869",Online,WARE-NBV1002,USD,18,6,75,2,5,0.08,2019-02-04,2019-04-23,2019-04-26,2019-05-04,206.36,268.00
"SO - 0002870",Online,WARE-NMK1003,USD,19,34,171,2,4,0.15,2019-02-04,2019-04-23,2019-04-29,2019-05-02,2529.38,3242.80
"SO - 0002871",Wholesale,WARE-NMK1003,USD,27,9,190,13,1,0.1,2019-02-04,2019-04-23,2019-05-14,2019-05-15,806.35,971.50
"SO - 0002872",Wholesale,WARE-NMK1003,USD,27,1,104,25,1,0.08,2019-02-04,2019-04-24,2019-05-15,2019-05-20,2768.78,3691.70
"SO - 0002873",Distributor,WARE-MKL1006,USD,21,38,332,41,3,0.3,2019-02-04,2019-04-24,2019-04-29,2019-05-09,157.38,194.30
"SO - 0002874",Distributor,WARE-NBV1002,USD,22,15,81,32,2,0.08,2019-02-04,2019-04-24,2019-05-17,2019-05-20,919.78,1179.20
"SO - 0002875",In-Store,WARE-MKL1006,USD,10,3,341,13,4,0.05,2019-02-04,2019-04-24,2019-05-15,2019-05-18,104.52,174.20
"SO - 0002876",Wholesale,WARE-NMK1003,USD,26,32,102,11,8,0.15,2018-10-27,2019-04-24,2019-05-02,2019-05-05,491.45,1092.10
"SO - 0002877",Wholesale,WARE-NMK1003,USD,27,23,180,2,1,0.1,2019-02-04,2019-04-24,2019-05-19,2019-05-25,3352.28,5406.90
"SO - 0002878",In-Store,WARE-XYS1001,USD,11,34,6,39,7,0.05,2018-10-27,2019-04-24,2019-05-04,2019-05-07,635.56,1025.10
"SO - 0002879",In-Store,WARE-XYS1001,USD,11,32,52,8,8,0.4,2019-02-04,2019-04-24,2019-05-09,2019-05-11,2078.41,3102.10
"SO - 0002880",Online,WARE-XYS1001,USD,19,43,35,28,2,0.15,2019-02-04,2019-04-24,2019-04-26,2019-05-01,1472.53,2231.10
"SO - 0002881",In-Store,WARE-MKL1006,USD,8,6,345,45,7,0.08,2019-02-04,2019-04-24,2019-05-20,2019-05-30,811.37,1159.10
"SO - 0002882",Distributor,WARE-NBV1002,USD,21,1,80,11,5,0.08,2019-02-04,2019-04-24,2019-05-13,2019-05-21,1163.12,1876.00
"SO - 0002883",Online,WARE-XYS1001,USD,13,3,45,33,8,0.08,2019-02-04,2019-04-24,2019-05-09,2019-05-10,1221.81,2599.60
"SO - 0002884",In-Store,WARE-UHY1004,USD,5,33,234,2,8,0.05,2019-02-04,2019-04-24,2019-05-19,2019-05-26,611.58,1092.10
"SO - 0002885",Distributor,WARE-XYS1001,USD,24,43,40,36,7,0.3,2019-02-04,2019-04-24,2019-05-09,2019-05-11,1146.50,2492.40
"SO - 0002886",In-Store,WARE-UHY1004,USD,4,34,215,28,2,0.08,2019-02-04,2019-04-25,2019-05-17,2019-05-21,2153.11,2760.40
"SO - 0002887",In-Store,WARE-UHY1004,USD,3,34,241,25,8,0.05,2019-02-04,2019-04-25,2019-05-17,2019-05-26,68.68,167.50
"SO - 0002888",Wholesale,WARE-NMK1003,USD,26,11,135,6,2,0.05,2018-10-27,2019-04-25,2019-05-03,2019-05-12,2107.82,3832.40
"SO - 0002889",Distributor,WARE-NBV1002,USD,22,7,60,6,4,0.05,2019-02-04,2019-04-25,2019-05-20,2019-05-27,1167.14,1742.00
"SO - 0002890",Distributor,WARE-MKL1006,USD,22,4,337,46,6,0.05,2019-02-04,2019-04-25,2019-05-19,2019-05-23,680.99,1031.80
"SO - 0002891",In-Store,WARE-NMK1003,USD,1,41,153,14,6,0.05,2019-02-04,2019-04-25,2019-05-15,2019-05-24,4724.97,6385.10
"SO - 0002892",Distributor,WARE-XYS1001,USD,22,43,28,22,6,0.1,2019-02-04,2019-04-25,2019-05-16,2019-05-17,686.08,1072.00
"SO - 0002893",Online,WARE-NMK1003,USD,15,6,112,19,6,0.08,2019-02-04,2019-04-25,2019-05-18,2019-05-21,861.08,1688.40
"SO - 0002894",Wholesale,WARE-MKL1006,USD,27,34,342,16,2,0.08,2019-02-04,2019-04-25,2019-05-10,2019-05-20,548.73,1306.50
"SO - 0002895",Online,WARE-NMK1003,USD,19,38,110,40,2,0.1,2019-02-04,2019-04-25,2019-05-18,2019-05-26,115.78,241.20
"SO - 0002896",Online,WARE-PUJ1005,USD,17,8,328,3,7,0.1,2019-02-04,2019-04-25,2019-05-09,2019-05-14,1743.74,2264.60
"SO - 0002897",In-Store,WARE-UHY1004,USD,7,7,260,2,3,0.08,2018-10-27,2019-04-25,2019-05-23,2019-05-26,142.91,180.90
"SO - 0002898",Online,WARE-NMK1003,USD,16,9,155,20,3,0.05,2019-02-04,2019-04-25,2019-05-20,2019-05-23,1656.78,3765.40
"SO - 0002899",Online,WARE-MKL1006,USD,19,43,366,39,1,0.3,2019-02-04,2019-04-26,2019-05-17,2019-05-26,2814.00,4020.00
"SO - 0002900",In-Store,WARE-NMK1003,USD,10,16,203,29,6,0.2,2018-10-27,2019-04-26,2019-05-01,2019-05-09,696.47,904.50
"SO - 0002901",Distributor,WARE-PUJ1005,USD,23,31,266,9,8,0.08,2019-02-04,2019-04-26,2019-05-19,2019-05-29,198.59,261.30
"SO - 0002902",Distributor,WARE-UHY1004,USD,21,7,233,38,1,0.1,2019-02-04,2019-04-26,2019-05-11,2019-05-18,1331.96,1902.80
"SO - 0002903",Wholesale,WARE-PUJ1005,USD,27,2,303,17,3,0.2,2019-02-04,2019-04-26,2019-05-10,2019-05-13,1115.68,2425.40
"SO - 0002904",Online,WARE-MKL1006,USD,15,42,336,14,5,0.1,2019-02-04,2019-04-26,2019-05-06,2019-05-15,541.70,1105.50
"SO - 0002905",Online,WARE-NMK1003,USD,16,6,126,31,1,0.15,2019-02-04,2019-04-26,2019-04-28,2019-04-30,1679.76,2753.70
"SO - 0002906",Distributor,WARE-MKL1006,USD,23,34,337,9,3,0.08,2018-10-27,2019-04-26,2019-04-28,2019-05-05,116.71,174.20
"SO - 0002907",Online,WARE-PUJ1005,USD,19,26,297,4,5,0.3,2019-02-04,2019-04-26,2019-05-23,2019-05-27,2912.62,3832.40
"SO - 0002908",Online,WARE-PUJ1005,USD,18,20,266,32,8,0.08,2019-02-04,2019-04-26,2019-04-30,2019-05-06,428.80,1072.00
"SO - 0002909",Distributor,WARE-PUJ1005,USD,23,35,327,46,2,0.05,2018-10-27,2019-04-27,2019-05-24,2019-05-31,182.24,227.80
"SO - 0002910",Online,WARE-UHY1004,USD,19,24,222,2,2,0.05,2019-02-04,2019-04-27,2019-05-12,2019-05-18,794.35,1018.40
"SO - 0002911",Online,WARE-XYS1001,USD,19,37,1,22,6,0.08,2019-02-04,2019-04-27,2019-05-24,2019-05-25,665.18,911.20
"SO - 0002912",In-Store,WARE-UHY1004,USD,2,49,230,47,7,0.08,2019-02-04,2019-04-27,2019-05-01,2019-05-11,3623.36,5661.50
"SO - 0002913",In-Store,WARE-MKL1006,USD,4,21,361,38,3,0.08,2019-02-04,2019-04-27,2019-05-12,2019-05-18,617.47,857.60
"SO - 0002914",Wholesale,WARE-NBV1002,USD,27,7,60,17,6,0.08,2019-02-04,2019-04-27,2019-05-25,2019-05-31,2414.68,3551.00
"SO - 0002915",In-Store,WARE-XYS1001,USD,8,29,25,13,2,0.1,2018-10-27,2019-04-27,2019-05-05,2019-05-13,367.16,917.90
"SO - 0002916",In-Store,WARE-NMK1003,USD,6,15,164,26,2,0.4,2019-02-04,2019-04-27,2019-05-21,2019-05-24,1662.34,3865.90
"SO - 0002917",In-Store,WARE-PUJ1005,USD,9,12,267,30,2,0.3,2018-10-27,2019-04-27,2019-05-09,2019-05-14,2418.43,5038.40
"SO - 0002918",Wholesale,WARE-UHY1004,USD,27,29,213,39,5,0.3,2019-02-04,2019-04-27,2019-05-01,2019-05-05,1736.64,3859.20
"SO - 0002919",Wholesale,WARE-XYS1001,USD,25,39,41,15,1,0.3,2019-02-04,2019-04-27,2019-04-29,2019-04-30,806.35,971.50
"SO - 0002920",Online,WARE-UHY1004,USD,18,20,250,16,1,0.15,2019-02-04,2019-04-27,2019-05-14,2019-05-17,550.47,1058.60
"SO - 0002921",In-Store,WARE-NBV1002,USD,7,4,66,28,6,0.08,2018-10-27,2019-04-27,2019-05-18,2019-05-22,4289.41,5875.90
"SO - 0002922",Online,WARE-XYS1001,USD,15,44,2,2,4,0.05,2019-02-04,2019-04-27,2019-05-23,2019-05-25,123.95,247.90
"SO - 0002923",In-Store,WARE-PUJ1005,USD,12,35,276,26,6,0.2,2019-02-04,2019-04-27,2019-05-18,2019-05-22,3698.94,5520.80
"SO - 0002924",Wholesale,WARE-NMK1003,USD,26,29,104,10,8,0.15,2019-02-04,2019-04-28,2019-05-14,2019-05-23,3806.27,5855.80
"SO - 0002925",In-Store,WARE-XYS1001,USD,9,7,17,31,5,0.05,2019-02-04,2019-04-28,2019-05-17,2019-05-24,3103.44,5172.40
"SO - 0002926",In-Store,WARE-UHY1004,USD,5,13,232,10,3,0.05,2019-02-04,2019-04-28,2019-05-13,2019-05-23,1247.21,1708.50
"SO - 0002927",Online,WARE-NMK1003,USD,13,9,167,11,7,0.08,2019-02-04,2019-04-28,2019-05-01,2019-05-08,1196.35,1869.30
"SO - 0002928",In-Store,WARE-UHY1004,USD,5,24,248,39,5,0.1,2018-10-27,2019-04-28,2019-05-07,2019-05-11,190.95,254.60
"SO - 0002929",Online,WARE-UHY1004,USD,20,23,231,47,1,0.15,2018-10-27,2019-04-28,2019-05-19,2019-05-23,1594.60,3986.50
"SO - 0002930",Online,WARE-PUJ1005,USD,19,18,314,41,6,0.1,2019-02-04,2019-04-28,2019-05-15,2019-05-22,1582.88,2512.50
"SO - 0002931",In-Store,WARE-XYS1001,USD,1,45,39,25,7,0.4,2019-02-04,2019-04-28,2019-05-10,2019-05-17,182.91,234.50
"SO - 0002932",In-Store,WARE-XYS1001,USD,11,29,2,15,3,0.15,2019-02-04,2019-04-28,2019-05-18,2019-05-24,544.98,1112.20
"SO - 0002933",Online,WARE-XYS1001,USD,13,40,17,29,8,0.05,2019-02-04,2019-04-28,2019-05-11,2019-05-14,151.96,180.90
"SO - 0002934",Online,WARE-UHY1004,USD,19,38,239,2,8,0.1,2019-02-04,2019-04-28,2019-05-06,2019-05-15,863.43,1762.10
"SO - 0002935",Online,WARE-PUJ1005,USD,15,32,310,12,6,0.05,2019-02-04,2019-04-29,2019-05-13,2019-05-18,2237.93,3926.20
"SO - 0002936",Online,WARE-UHY1004,USD,16,35,245,40,8,0.08,2018-10-27,2019-04-29,2019-05-06,2019-05-09,4030.85,5447.10
"SO - 0002937",In-Store,WARE-UHY1004,USD,6,33,244,13,5,0.05,2019-02-04,2019-04-29,2019-05-17,2019-05-25,680.72,850.90
"SO - 0002938",Distributor,WARE-NBV1002,USD,20,38,79,23,6,0.05,2019-02-04,2019-04-29,2019-05-20,2019-05-24,1080.58,2572.80
"SO - 0002939",Online,WARE-XYS1001,USD,20,7,51,38,8,0.15,2019-02-04,2019-04-29,2019-05-25,2019-06-04,606.22,1045.20
"SO - 0002940",Online,WARE-XYS1001,USD,12,50,28,31,2,0.05,2019-02-04,2019-04-29,2019-05-26,2019-06-03,1405.39,2465.60
"SO - 0002941",Online,WARE-PUJ1005,USD,18,33,301,29,5,0.08,2019-02-04,2019-04-30,2019-05-24,2019-05-31,500.69,1065.30
"SO - 0002942",In-Store,WARE-PUJ1005,USD,10,17,316,18,1,0.08,2019-02-04,2019-04-30,2019-05-23,2019-05-29,1413.23,1788.90
"SO - 0002943",In-Store,WARE-XYS1001,USD,5,47,41,28,8,0.05,2019-02-04,2019-04-30,2019-05-27,2019-06-03,2660.91,5661.50
"SO - 0002944",In-Store,WARE-UHY1004,USD,7,4,245,10,1,0.4,2019-02-04,2019-04-30,2019-05-26,2019-06-02,2344.80,2968.10
"SO - 0002945",Wholesale,WARE-PUJ1005,USD,27,3,279,26,2,0.2,2018-10-27,2019-04-30,2019-05-09,2019-05-14,2027.29,2472.30
"SO - 0002946",Online,WARE-XYS1001,USD,18,24,57,2,7,0.4,2019-02-04,2019-05-01,2019-05-16,2019-05-21,1348.71,2211.00
"SO - 0002947",Wholesale,WARE-XYS1001,USD,28,36,47,18,2,0.05,2019-02-04,2019-05-01,2019-05-24,2019-05-31,972.84,2432.10
"SO - 0002948",Distributor,WARE-NBV1002,USD,21,18,63,31,2,0.15,2019-02-04,2019-05-01,2019-05-19,2019-05-20,2657.49,3966.40
"SO - 0002949",Online,WARE-PUJ1005,USD,14,32,313,43,7,0.05,2019-02-04,2019-05-01,2019-05-19,2019-05-29,1601.50,3906.10
"SO - 0002950",Distributor,WARE-NMK1003,USD,25,34,115,5,1,0.05,2019-02-04,2019-05-01,2019-05-13,2019-05-18,1932.95,3865.90
"SO - 0002951",Online,WARE-UHY1004,USD,19,29,222,9,5,0.1,2019-02-04,2019-05-01,2019-05-20,2019-05-28,1294.44,1849.20
"SO - 0002952",Online,WARE-XYS1001,USD,19,37,48,28,5,0.15,2019-02-04,2019-05-01,2019-05-13,2019-05-18,430.54,1025.10
"SO - 0002953",In-Store,WARE-XYS1001,USD,2,39,12,14,3,0.05,2019-02-04,2019-05-02,2019-05-09,2019-05-10,697.07,1025.10
"SO - 0002954",Online,WARE-PUJ1005,USD,15,32,306,34,3,0.05,2019-02-04,2019-05-02,2019-05-24,2019-05-29,3119.52,3899.40
"SO - 0002955",In-Store,WARE-XYS1001,USD,5,45,42,11,3,0.08,2019-02-04,2019-05-02,2019-05-16,2019-05-23,767.89,1051.90
"SO - 0002956",In-Store,WARE-UHY1004,USD,6,25,244,43,5,0.05,2019-02-04,2019-05-02,2019-05-21,2019-05-24,2562.75,3015.00
"SO - 0002957",Distributor,WARE-NMK1003,USD,23,36,189,13,6,0.1,2019-02-04,2019-05-02,2019-05-18,2019-05-20,1248.34,1835.80
"SO - 0002958",In-Store,WARE-NMK1003,USD,12,20,143,15,2,0.05,2019-02-04,2019-05-02,2019-05-26,2019-06-02,1558.15,2291.40
"SO - 0002959",In-Store,WARE-UHY1004,USD,8,8,251,10,6,0.05,2019-02-04,2019-05-02,2019-05-06,2019-05-13,1798.62,3048.50
"SO - 0002960",Distributor,WARE-NMK1003,USD,24,21,176,4,3,0.05,2019-02-04,2019-05-02,2019-05-18,2019-05-24,653.38,1232.80
"SO - 0002961",In-Store,WARE-PUJ1005,USD,3,11,271,35,3,0.05,2019-02-04,2019-05-02,2019-05-23,2019-05-31,1789.84,2418.70
"SO - 0002962",In-Store,WARE-MKL1006,USD,5,25,358,10,6,0.05,2019-02-04,2019-05-02,2019-05-30,2019-06-04,3228.06,5380.10
"SO - 0002963",Online,WARE-NMK1003,USD,13,12,148,38,3,0.2,2019-02-04,2019-05-02,2019-05-11,2019-05-16,2743.65,3919.50
"SO - 0002964",Online,WARE-XYS1001,USD,14,6,50,27,2,0.08,2019-02-04,2019-05-03,2019-05-26,2019-06-03,920.98,1165.80
"SO - 0002965",In-Store,WARE-UHY1004,USD,2,17,210,27,4,0.08,2019-02-04,2019-05-03,2019-05-22,2019-05-26,110.55,167.50
"SO - 0002966",Wholesale,WARE-NMK1003,USD,26,29,108,42,5,0.05,2019-02-04,2019-05-03,2019-05-15,2019-05-25,755.09,1078.70
"SO - 0002967",Online,WARE-NBV1002,USD,13,44,84,23,3,0.05,2019-02-04,2019-05-03,2019-05-11,2019-05-15,3197.64,6525.80
"SO - 0002968",Distributor,WARE-UHY1004,USD,21,42,211,29,6,0.08,2019-02-04,2019-05-03,2019-05-19,2019-05-26,3091.11,3912.80
"SO - 0002969",Online,WARE-PUJ1005,USD,19,27,284,23,8,0.08,2019-02-04,2019-05-03,2019-05-27,2019-06-01,2063.13,2485.70
"SO - 0002970",In-Store,WARE-NMK1003,USD,10,4,145,11,3,0.1,2019-02-04,2019-05-03,2019-05-10,2019-05-19,1705.82,2244.50
"SO - 0002971",Distributor,WARE-XYS1001,USD,20,14,26,22,3,0.08,2019-02-04,2019-05-03,2019-05-08,2019-05-10,90.45,167.50
"SO - 0002972",Online,WARE-PUJ1005,USD,14,11,318,3,8,0.08,2019-02-04,2019-05-04,2019-05-14,2019-05-22,379.89,844.20
"SO - 0002973",Wholesale,WARE-UHY1004,USD,28,50,250,12,1,0.2,2019-02-04,2019-05-04,2019-05-15,2019-05-16,749.66,1118.90
"SO - 0002974",Distributor,WARE-UHY1004,USD,22,14,207,1,7,0.08,2019-02-04,2019-05-04,2019-05-29,2019-06-02,1186.57,1695.10
"SO - 0002975",Online,WARE-XYS1001,USD,16,8,47,3,8,0.15,2019-02-04,2019-05-04,2019-05-16,2019-05-19,1371.69,2324.90
"SO - 0002976",Distributor,WARE-NMK1003,USD,24,20,89,28,5,0.05,2019-02-04,2019-05-04,2019-05-24,2019-05-27,730.70,891.10
"SO - 0002977",Online,WARE-NBV1002,USD,20,10,65,46,7,0.1,2018-10-27,2019-05-04,2019-05-16,2019-05-18,491.45,1092.10
"SO - 0002978",Online,WARE-NMK1003,USD,19,29,174,45,8,0.05,2019-02-04,2019-05-04,2019-05-06,2019-05-11,744.30,1078.70
"SO - 0002979",Wholesale,WARE-NMK1003,USD,26,44,167,3,6,0.2,2019-02-04,2019-05-04,2019-05-25,2019-05-29,1868.50,3892.70
"SO - 0002980",Wholesale,WARE-NMK1003,USD,27,30,126,15,1,0.15,2019-02-04,2019-05-04,2019-05-11,2019-05-13,778.07,984.90
"SO - 0002981",Wholesale,WARE-PUJ1005,USD,27,36,325,40,3,0.08,2019-02-04,2019-05-04,2019-05-25,2019-06-02,3263.24,3839.10
"SO - 0002982",In-Store,WARE-UHY1004,USD,9,49,207,28,7,0.3,2019-02-04,2019-05-04,2019-05-12,2019-05-22,575.26,1085.40
"SO - 0002983",In-Store,WARE-PUJ1005,USD,7,50,291,32,3,0.1,2019-02-04,2019-05-04,2019-05-16,2019-05-26,164.02,227.80
"SO - 0002984",Online,WARE-PUJ1005,USD,19,27,276,12,2,0.05,2019-02-04,2019-05-04,2019-05-11,2019-05-20,437.91,1018.40
"SO - 0002985",In-Store,WARE-UHY1004,USD,5,19,230,46,6,0.1,2019-02-04,2019-05-04,2019-05-09,2019-05-12,1027.11,2445.50
"SO - 0002986",Distributor,WARE-UHY1004,USD,22,45,251,32,2,0.4,2019-02-04,2019-05-04,2019-05-10,2019-05-13,88.17,187.60
"SO - 0002987",Online,WARE-UHY1004,USD,15,42,241,18,3,0.05,2019-02-04,2019-05-04,2019-05-26,2019-05-28,333.79,710.20
"SO - 0002988",Distributor,WARE-PUJ1005,USD,24,23,275,22,5,0.15,2019-02-04,2019-05-04,2019-05-16,2019-05-17,1318.83,1782.20
"SO - 0002989",Online,WARE-XYS1001,USD,17,25,45,23,7,0.1,2019-02-04,2019-05-04,2019-05-08,2019-05-18,418.62,951.40
"SO - 0002990",In-Store,WARE-MKL1006,USD,4,7,362,37,2,0.08,2019-02-04,2019-05-04,2019-05-12,2019-05-17,4558.68,5628.00
"SO - 0002991",Wholesale,WARE-UHY1004,USD,27,28,238,15,7,0.1,2019-02-04,2019-05-04,2019-05-19,2019-05-26,647.22,1078.70
"SO - 0002992",In-Store,WARE-NMK1003,USD,8,11,122,10,4,0.1,2019-02-04,2019-05-05,2019-05-28,2019-06-07,2904.45,3872.60
"SO - 0002993",Online,WARE-MKL1006,USD,14,27,345,2,6,0.2,2019-02-04,2019-05-05,2019-05-27,2019-05-30,679.38,871.00
"SO - 0002994",Wholesale,WARE-XYS1001,USD,27,8,23,6,8,0.05,2019-02-04,2019-05-05,2019-05-14,2019-05-21,736.00,1132.30
"SO - 0002995",In-Store,WARE-XYS1001,USD,6,16,17,32,1,0.1,2019-02-04,2019-05-05,2019-05-24,2019-05-27,929.42,1936.30
"SO - 0002996",Distributor,WARE-NMK1003,USD,24,38,176,16,4,0.05,2019-02-04,2019-05-05,2019-05-27,2019-05-31,3605.81,5078.60
"SO - 0002997",In-Store,WARE-PUJ1005,USD,6,44,262,16,4,0.4,2019-02-04,2019-05-05,2019-05-28,2019-05-30,1604.25,1956.40
"SO - 0002998",Distributor,WARE-NMK1003,USD,24,32,127,26,1,0.08,2019-02-04,2019-05-05,2019-05-27,2019-06-05,117.12,254.60
"SO - 0002999",Online,WARE-UHY1004,USD,16,34,232,28,4,0.05,2019-02-04,2019-05-05,2019-05-20,2019-05-27,599.99,1333.30
"SO - 0003000",Online,WARE-UHY1004,USD,20,29,245,1,3,0.1,2019-02-04,2019-05-06,2019-05-25,2019-05-30,1020.28,1259.60
"SO - 0003001",Wholesale,WARE-UHY1004,USD,28,46,213,4,8,0.2,2019-02-04,2019-05-06,2019-05-08,2019-05-16,1427.03,2418.70
"SO - 0003002",Online,WARE-PUJ1005,USD,18,8,270,2,7,0.3,2019-02-04,2019-05-06,2019-06-03,2019-06-11,1753.79,2740.30
"SO - 0003003",In-Store,WARE-PUJ1005,USD,1,19,280,5,3,0.05,2019-02-04,2019-05-06,2019-05-16,2019-05-20,1576.51,2425.40
"SO - 0003004",Wholesale,WARE-UHY1004,USD,28,41,231,37,8,0.05,2019-02-04,2019-05-06,2019-05-14,2019-05-19,801.32,1742.00
"SO - 0003005",In-Store,WARE-PUJ1005,USD,9,20,325,7,5,0.1,2019-02-04,2019-05-06,2019-05-29,2019-06-08,675.36,1125.60
"SO - 0003006",In-Store,WARE-NMK1003,USD,12,17,183,6,6,0.1,2019-02-04,2019-05-06,2019-05-30,2019-06-02,1483.38,2472.30
"SO - 0003007",Online,WARE-UHY1004,USD,19,13,258,19,7,0.1,2019-02-04,2019-05-07,2019-05-10,2019-05-11,1096.05,2673.30
"SO - 0003008",Online,WARE-NMK1003,USD,15,14,141,28,6,0.3,2019-02-04,2019-05-07,2019-05-09,2019-05-11,403.07,857.60
"SO - 0003009",Online,WARE-XYS1001,USD,13,50,52,41,5,0.05,2019-02-04,2019-05-07,2019-06-02,2019-06-11,1019.14,2485.70
"SO - 0003010",Wholesale,WARE-NMK1003,USD,27,47,148,36,7,0.05,2019-02-04,2019-05-07,2019-05-27,2019-06-04,1990.17,2519.20
"SO - 0003011",In-Store,WARE-NBV1002,USD,9,24,75,17,4,0.2,2019-02-04,2019-05-07,2019-05-29,2019-06-06,618.41,951.40
"SO - 0003012",Wholesale,WARE-NMK1003,USD,28,41,181,18,5,0.08,2019-02-04,2019-05-07,2019-05-30,2019-06-09,2528.65,3463.90
"SO - 0003013",In-Store,WARE-NBV1002,USD,5,7,87,36,6,0.08,2019-02-04,2019-05-07,2019-05-23,2019-05-31,500.69,944.70
"SO - 0003014",Online,WARE-XYS1001,USD,18,27,42,21,2,0.08,2019-02-04,2019-05-07,2019-05-19,2019-05-27,2039.61,3289.70
"SO - 0003015",In-Store,WARE-NMK1003,USD,9,46,121,14,5,0.05,2019-02-04,2019-05-07,2019-06-01,2019-06-08,1802.97,2613.00
"SO - 0003016",In-Store,WARE-UHY1004,USD,8,2,210,35,4,0.08,2019-02-04,2019-05-08,2019-05-30,2019-06-02,2954.97,3993.20
"SO - 0003017",Online,WARE-PUJ1005,USD,20,3,319,20,3,0.05,2019-02-04,2019-05-08,2019-06-03,2019-06-06,2540.91,3343.30
"SO - 0003018",In-Store,WARE-PUJ1005,USD,3,10,308,26,8,0.08,2019-02-04,2019-05-08,2019-05-18,2019-05-19,758.57,1025.10
"SO - 0003019",Distributor,WARE-NMK1003,USD,24,47,197,1,3,0.08,2019-02-04,2019-05-08,2019-05-28,2019-06-03,211.32,254.60
"SO - 0003020",Wholesale,WARE-XYS1001,USD,27,9,26,39,8,0.08,2019-02-04,2019-05-08,2019-05-28,2019-06-06,798.24,1078.70
"SO - 0003021",In-Store,WARE-NMK1003,USD,4,9,100,29,8,0.1,2019-02-04,2019-05-08,2019-05-22,2019-05-23,421.97,897.80
"SO - 0003022",Distributor,WARE-NBV1002,USD,21,25,74,38,3,0.05,2019-02-04,2019-05-08,2019-05-28,2019-06-04,1956.40,2680.00
"SO - 0003023",In-Store,WARE-MKL1006,USD,7,17,367,2,4,0.15,2019-02-04,2019-05-08,2019-05-14,2019-05-16,2237.13,5326.50
"SO - 0003024",In-Store,WARE-NMK1003,USD,4,11,100,31,4,0.05,2019-02-04,2019-05-09,2019-05-13,2019-05-19,147.94,214.40
"SO - 0003025",Wholesale,WARE-XYS1001,USD,25,31,53,33,3,0.05,2019-02-04,2019-05-09,2019-05-12,2019-05-13,461.50,1098.80
"SO - 0003026",Wholesale,WARE-NMK1003,USD,27,43,147,11,2,0.05,2019-02-04,2019-05-09,2019-05-13,2019-05-16,1228.31,1949.70
"SO - 0003027",Online,WARE-NBV1002,USD,16,26,71,7,7,0.2,2019-02-04,2019-05-09,2019-05-24,2019-06-03,640.39,1085.40
"SO - 0003028",Online,WARE-UHY1004,USD,17,13,209,22,8,0.15,2019-02-04,2019-05-09,2019-05-18,2019-05-19,1176.12,1755.40
"SO - 0003029",In-Store,WARE-PUJ1005,USD,11,4,322,10,7,0.05,2019-02-04,2019-05-09,2019-05-31,2019-06-03,1022.69,1929.60
"SO - 0003030",Wholesale,WARE-UHY1004,USD,26,47,217,8,6,0.1,2019-02-04,2019-05-09,2019-06-03,2019-06-04,153.50,194.30
"SO - 0003031",Online,WARE-PUJ1005,USD,17,47,263,6,2,0.15,2019-02-04,2019-05-09,2019-05-29,2019-06-02,180.77,254.60
"SO - 0003032",In-Store,WARE-MKL1006,USD,4,10,357,21,4,0.15,2019-02-04,2019-05-09,2019-05-21,2019-05-24,948.12,1788.90
"SO - 0003033",In-Store,WARE-MKL1006,USD,6,47,362,40,6,0.1,2019-02-04,2019-05-10,2019-06-03,2019-06-08,1124.60,2499.10
"SO - 0003034",Online,WARE-NMK1003,USD,14,28,192,29,7,0.05,2019-02-04,2019-05-10,2019-06-05,2019-06-09,2588.68,3195.90
"SO - 0003035",Wholesale,WARE-NMK1003,USD,26,42,136,36,5,0.08,2019-02-04,2019-05-10,2019-05-12,2019-05-15,1843.04,4006.60
"SO - 0003036",In-Store,WARE-PUJ1005,USD,1,31,327,35,5,0.15,2019-02-04,2019-05-10,2019-05-14,2019-05-17,104.92,194.30
"SO - 0003037",In-Store,WARE-PUJ1005,USD,7,25,306,28,1,0.3,2019-02-04,2019-05-10,2019-05-17,2019-05-22,407.36,1018.40
"SO - 0003038",Online,WARE-NMK1003,USD,17,27,163,39,1,0.15,2019-02-04,2019-05-10,2019-05-31,2019-06-01,97.55,174.20
"SO - 0003039",In-Store,WARE-NMK1003,USD,9,9,182,8,5,0.05,2019-02-04,2019-05-10,2019-05-19,2019-05-23,731.64,1125.60
"SO - 0003040",Wholesale,WARE-XYS1001,USD,26,48,46,28,1,0.2,2019-02-04,2019-05-11,2019-06-05,2019-06-08,2426.07,2854.20
"SO - 0003041",In-Store,WARE-UHY1004,USD,8,31,206,46,1,0.08,2019-02-04,2019-05-11,2019-05-22,2019-05-24,2131.61,3383.50
"SO - 0003042",In-Store,WARE-NBV1002,USD,12,5,81,4,1,0.15,2019-02-04,2019-05-11,2019-05-15,2019-05-22,2215.62,3035.10
"SO - 0003043",Online,WARE-NMK1003,USD,13,45,196,14,8,0.4,2019-02-04,2019-05-11,2019-06-01,2019-06-08,1891.01,3939.60
"SO - 0003044",In-Store,WARE-XYS1001,USD,1,39,55,37,8,0.4,2019-02-04,2019-05-11,2019-05-23,2019-05-28,2770.72,6023.30
"SO - 0003045",Online,WARE-NMK1003,USD,20,27,114,43,8,0.05,2019-02-04,2019-05-11,2019-05-23,2019-05-26,101.04,194.30
"SO - 0003046",In-Store,WARE-PUJ1005,USD,7,19,274,40,4,0.05,2019-02-04,2019-05-11,2019-05-16,2019-05-18,4709.77,5540.90
"SO - 0003047",Distributor,WARE-PUJ1005,USD,20,12,320,28,4,0.05,2019-02-04,2019-05-11,2019-05-14,2019-05-15,2769.38,3336.60
"SO - 0003048",In-Store,WARE-UHY1004,USD,5,28,229,21,1,0.08,2019-02-04,2019-05-11,2019-05-26,2019-05-27,1065.30,1775.50
"SO - 0003049",Online,WARE-UHY1004,USD,18,49,245,21,4,0.1,2019-02-04,2019-05-11,2019-06-08,2019-06-12,501.16,737.00
"SO - 0003050",Online,WARE-UHY1004,USD,13,3,212,47,1,0.3,2019-02-04,2019-05-11,2019-06-01,2019-06-02,123.01,227.80
"SO - 0003051",In-Store,WARE-MKL1006,USD,10,30,335,9,7,0.1,2019-02-04,2019-05-11,2019-06-02,2019-06-04,2393.78,5440.40
"SO - 0003052",Online,WARE-XYS1001,USD,20,25,58,41,7,0.05,2019-02-04,2019-05-11,2019-05-18,2019-05-24,756.90,958.10
"SO - 0003053",In-Store,WARE-NMK1003,USD,1,18,136,44,1,0.15,2019-02-04,2019-05-11,2019-05-21,2019-05-26,354.56,844.20
"SO - 0003054",Online,WARE-PUJ1005,USD,18,27,301,24,1,0.05,2019-02-04,2019-05-12,2019-06-02,2019-06-12,1182.28,2318.20
"SO - 0003055",Wholesale,WARE-NMK1003,USD,26,20,146,46,5,0.1,2019-02-04,2019-05-12,2019-05-14,2019-05-15,1949.30,2499.10
"SO - 0003056",In-Store,WARE-NMK1003,USD,1,33,119,38,8,0.05,2019-02-04,2019-05-12,2019-05-31,2019-06-04,2045.11,3932.90
"SO - 0003057",In-Store,WARE-NMK1003,USD,10,29,93,22,7,0.15,2019-02-04,2019-05-12,2019-05-22,2019-05-24,1720.29,3510.80
"SO - 0003058",In-Store,WARE-NMK1003,USD,3,6,99,9,4,0.08,2019-02-04,2019-05-12,2019-05-24,2019-05-28,163.21,194.30
"SO - 0003059",Distributor,WARE-MKL1006,USD,23,13,366,14,2,0.15,2019-02-04,2019-05-12,2019-05-29,2019-05-30,2328.32,3946.30
"SO - 0003060",Wholesale,WARE-MKL1006,USD,26,19,341,41,6,0.05,2019-02-04,2019-05-12,2019-06-04,2019-06-07,693.72,1118.90
"SO - 0003061",In-Store,WARE-NMK1003,USD,5,31,170,22,3,0.2,2019-02-04,2019-05-12,2019-06-05,2019-06-10,1401.37,1688.40
"SO - 0003062",Online,WARE-PUJ1005,USD,13,28,296,41,8,0.2,2019-02-04,2019-05-12,2019-05-19,2019-05-29,1856.03,2291.40
"SO - 0003063",In-Store,WARE-XYS1001,USD,9,28,49,27,6,0.05,2019-02-04,2019-05-13,2019-05-22,2019-06-01,1123.05,1936.30
"SO - 0003064",Online,WARE-NMK1003,USD,19,47,194,14,5,0.1,2019-02-04,2019-05-13,2019-05-16,2019-05-19,1106.84,1876.00
"SO - 0003065",In-Store,WARE-MKL1006,USD,10,39,331,27,7,0.08,2019-02-04,2019-05-13,2019-06-06,2019-06-09,2780.23,3658.20
"SO - 0003066",Distributor,WARE-XYS1001,USD,24,38,14,28,4,0.4,2019-02-04,2019-05-13,2019-05-26,2019-06-05,117.59,180.90
"SO - 0003067",Online,WARE-XYS1001,USD,18,3,19,21,6,0.1,2019-02-04,2019-05-13,2019-05-19,2019-05-21,467.33,1038.50
"SO - 0003068",Distributor,WARE-NBV1002,USD,22,20,68,40,5,0.15,2019-02-04,2019-05-13,2019-05-28,2019-06-03,152.63,227.80
"SO - 0003069",In-Store,WARE-MKL1006,USD,7,48,343,40,4,0.15,2019-02-04,2019-05-13,2019-05-15,2019-05-18,826.91,1252.90
"SO - 0003070",Distributor,WARE-NBV1002,USD,22,45,66,15,1,0.08,2019-02-04,2019-05-14,2019-05-19,2019-05-24,797.57,1246.20
"SO - 0003071",In-Store,WARE-NBV1002,USD,7,41,59,42,5,0.2,2019-02-04,2019-05-14,2019-06-02,2019-06-05,1408.21,2271.30
"SO - 0003072",Distributor,WARE-NMK1003,USD,21,37,182,47,2,0.2,2019-02-04,2019-05-14,2019-05-24,2019-05-31,1308.64,1721.90
"SO - 0003073",In-Store,WARE-NMK1003,USD,4,11,124,6,4,0.1,2019-02-04,2019-05-14,2019-06-08,2019-06-09,2623.45,5045.10
"SO - 0003074",Wholesale,WARE-NBV1002,USD,27,31,77,29,6,0.05,2019-02-04,2019-05-14,2019-06-03,2019-06-12,3148.06,3839.10
"SO - 0003075",Online,WARE-UHY1004,USD,18,28,221,42,7,0.05,2019-02-04,2019-05-14,2019-06-01,2019-06-07,455.20,1058.60
"SO - 0003076",In-Store,WARE-PUJ1005,USD,5,14,312,21,2,0.1,2019-02-04,2019-05-14,2019-05-28,2019-06-01,3354.36,3946.30
"SO - 0003077",In-Store,WARE-NMK1003,USD,3,30,188,28,7,0.08,2019-02-04,2019-05-14,2019-05-31,2019-06-01,395.57,824.10
"SO - 0003078",Online,WARE-NMK1003,USD,17,26,89,43,6,0.05,2019-02-04,2019-05-14,2019-06-05,2019-06-07,645.81,797.30
"SO - 0003079",In-Store,WARE-XYS1001,USD,7,45,29,5,3,0.1,2019-02-04,2019-05-15,2019-06-12,2019-06-14,827.32,1688.40
"SO - 0003080",In-Store,WARE-MKL1006,USD,1,19,345,38,3,0.05,2019-02-04,2019-05-15,2019-05-25,2019-05-28,1175.45,1728.60
"SO - 0003081",Wholesale,WARE-MKL1006,USD,28,13,341,38,5,0.08,2019-02-04,2019-05-15,2019-05-17,2019-05-19,512.22,931.30
"SO - 0003082",Distributor,WARE-NBV1002,USD,21,50,68,32,6,0.05,2019-02-04,2019-05-15,2019-05-29,2019-05-31,1520.36,2492.40
"SO - 0003083",In-Store,WARE-MKL1006,USD,10,11,344,42,5,0.08,2019-02-04,2019-05-15,2019-06-12,2019-06-18,1303.82,1862.60
"SO - 0003084",In-Store,WARE-NMK1003,USD,7,8,199,24,2,0.05,2019-02-04,2019-05-15,2019-05-19,2019-05-27,821.35,2003.30
"SO - 0003085",Distributor,WARE-PUJ1005,USD,22,37,303,34,8,0.05,2019-02-04,2019-05-15,2019-05-28,2019-06-05,1695.10,3852.50
"SO - 0003086",In-Store,WARE-UHY1004,USD,7,13,228,2,6,0.15,2019-02-04,2019-05-16,2019-05-26,2019-05-31,136.68,201.00
"SO - 0003087",Distributor,WARE-NMK1003,USD,22,30,182,29,4,0.2,2019-02-04,2019-05-16,2019-05-31,2019-06-04,915.35,1695.10
"SO - 0003088",Online,WARE-NMK1003,USD,19,42,192,3,5,0.08,2019-02-04,2019-05-16,2019-06-01,2019-06-07,2835.98,6445.40
"SO - 0003089",Distributor,WARE-NBV1002,USD,24,29,65,8,5,0.08,2019-02-04,2019-05-16,2019-05-19,2019-05-29,445.01,1085.40
"SO - 0003090",In-Store,WARE-MKL1006,USD,7,25,348,33,3,0.15,2019-02-04,2019-05-16,2019-06-09,2019-06-15,716.36,1085.40
"SO - 0003091",In-Store,WARE-UHY1004,USD,7,47,226,5,8,0.05,2019-02-04,2019-05-17,2019-05-29,2019-06-06,3041.80,6083.60
"SO - 0003092",Wholesale,WARE-XYS1001,USD,27,48,36,23,8,0.05,2019-02-04,2019-05-17,2019-06-14,2019-06-16,345.12,676.70
"SO - 0003093",In-Store,WARE-PUJ1005,USD,1,6,324,18,1,0.08,2019-02-04,2019-05-17,2019-05-26,2019-06-05,964.80,2010.00
"SO - 0003094",Wholesale,WARE-PUJ1005,USD,27,25,285,40,8,0.15,2019-02-04,2019-05-17,2019-05-25,2019-06-01,1603.44,2586.20
"SO - 0003095",Online,WARE-NMK1003,USD,16,23,199,24,1,0.1,2019-02-04,2019-05-17,2019-06-07,2019-06-14,655.19,850.90
"SO - 0003096",Wholesale,WARE-NMK1003,USD,27,7,133,47,2,0.3,2019-02-04,2019-05-17,2019-06-13,2019-06-18,1442.85,1976.50
"SO - 0003097",Online,WARE-NBV1002,USD,13,29,85,1,5,0.05,2019-02-04,2019-05-17,2019-05-21,2019-05-26,601.39,1179.20
"SO - 0003098",Online,WARE-UHY1004,USD,15,17,205,30,2,0.2,2019-02-04,2019-05-17,2019-06-10,2019-06-19,95.54,207.70
"SO - 0003099",Online,WARE-MKL1006,USD,13,22,353,9,5,0.05,2019-02-04,2019-05-18,2019-06-01,2019-06-08,1224.09,1943.00
"SO - 0003100",In-Store,WARE-XYS1001,USD,12,45,17,47,1,0.05,2019-02-04,2019-05-18,2019-05-24,2019-05-27,3108.80,3886.00
"SO - 0003101",Distributor,WARE-UHY1004,USD,24,22,218,11,5,0.08,2019-02-04,2019-05-19,2019-06-16,2019-06-24,512.95,884.40
"SO - 0003102",In-Store,WARE-NMK1003,USD,11,25,180,34,8,0.2,2019-02-04,2019-05-19,2019-05-21,2019-05-30,1195.82,2599.60
"SO - 0003103",In-Store,WARE-NMK1003,USD,6,5,131,4,8,0.4,2019-02-04,2019-05-19,2019-06-06,2019-06-10,966.21,1695.10
"SO - 0003104",Online,WARE-NMK1003,USD,18,44,195,10,5,0.1,2019-02-04,2019-05-19,2019-06-15,2019-06-16,934.25,1112.20
"SO - 0003105",In-Store,WARE-NMK1003,USD,2,47,140,3,3,0.15,2019-02-04,2019-05-19,2019-05-31,2019-06-01,2267.28,5038.40
"SO - 0003106",Online,WARE-UHY1004,USD,13,49,238,47,2,0.05,2019-02-04,2019-05-19,2019-05-28,2019-06-06,874.35,1943.00
"SO - 0003107",In-Store,WARE-UHY1004,USD,5,43,206,9,8,0.05,2019-02-04,2019-05-19,2019-06-02,2019-06-12,861.08,1688.40
"SO - 0003108",Online,WARE-XYS1001,USD,17,5,44,12,3,0.15,2019-02-04,2019-05-19,2019-06-12,2019-06-22,529.03,1125.60
"SO - 0003109",Distributor,WARE-NMK1003,USD,24,48,92,4,3,0.1,2019-02-04,2019-05-19,2019-06-05,2019-06-07,575.26,1065.30
"SO - 0003110",In-Store,WARE-NMK1003,USD,2,50,140,39,4,0.05,2019-02-04,2019-05-20,2019-05-27,2019-05-30,569.23,964.80
"SO - 0003111",Online,WARE-UHY1004,USD,18,38,221,16,1,0.3,2019-02-04,2019-05-20,2019-06-05,2019-06-13,873.55,1065.30
"SO - 0003112",Online,WARE-NMK1003,USD,13,38,202,9,8,0.08,2019-02-04,2019-05-20,2019-06-08,2019-06-15,769.16,1098.80
"SO - 0003113",Distributor,WARE-UHY1004,USD,24,5,204,14,8,0.08,2019-02-04,2019-05-20,2019-06-12,2019-06-19,1297.66,1802.30
"SO - 0003114",Distributor,WARE-MKL1006,USD,24,29,345,11,3,0.08,2019-02-04,2019-05-20,2019-06-17,2019-06-27,206.23,254.60
"SO - 0003115",In-Store,WARE-PUJ1005,USD,3,11,283,9,2,0.1,2019-02-04,2019-05-20,2019-06-15,2019-06-24,1397.62,1996.60
"SO - 0003116",Distributor,WARE-PUJ1005,USD,22,48,278,30,1,0.1,2019-02-04,2019-05-20,2019-06-10,2019-06-11,476.37,1058.60
"SO - 0003117",Wholesale,WARE-XYS1001,USD,25,49,16,13,4,0.1,2019-02-04,2019-05-20,2019-06-17,2019-06-25,4120.77,6438.70
"SO - 0003118",Wholesale,WARE-NMK1003,USD,26,36,142,28,3,0.1,2019-02-04,2019-05-20,2019-06-15,2019-06-16,3354.36,3946.30
"SO - 0003119",Online,WARE-MKL1006,USD,16,45,349,23,2,0.15,2019-02-04,2019-05-20,2019-05-31,2019-06-01,444.88,1112.20
"SO - 0003120",Online,WARE-MKL1006,USD,20,1,330,40,6,0.05,2019-02-04,2019-05-20,2019-05-29,2019-06-01,722.80,1165.80
"SO - 0003121",Online,WARE-PUJ1005,USD,14,40,300,26,7,0.1,2019-02-04,2019-05-20,2019-06-11,2019-06-13,656.60,1172.50
"SO - 0003122",In-Store,WARE-PUJ1005,USD,9,25,265,17,5,0.1,2019-02-04,2019-05-21,2019-06-09,2019-06-12,1685.72,1983.20
"SO - 0003123",In-Store,WARE-NBV1002,USD,5,48,76,31,5,0.4,2019-02-04,2019-05-21,2019-06-11,2019-06-14,4091.09,5313.10
"SO - 0003124",Distributor,WARE-UHY1004,USD,24,36,221,10,4,0.08,2019-02-04,2019-05-21,2019-05-27,2019-05-30,2989.27,3832.40
"SO - 0003125",Online,WARE-NMK1003,USD,16,12,199,11,8,0.05,2019-02-04,2019-05-21,2019-05-28,2019-06-07,1348.31,2592.90
"SO - 0003126",Distributor,WARE-NMK1003,USD,21,39,102,11,1,0.2,2019-02-04,2019-05-21,2019-06-07,2019-06-12,2176.56,2941.30
"SO - 0003127",In-Store,WARE-UHY1004,USD,2,27,219,21,4,0.3,2019-02-04,2019-05-21,2019-06-04,2019-06-07,2444.03,4006.60
"SO - 0003128",Online,WARE-NMK1003,USD,19,1,186,45,8,0.08,2019-02-04,2019-05-21,2019-05-27,2019-05-31,664.37,991.60
"SO - 0003129",Online,WARE-PUJ1005,USD,16,25,324,46,3,0.08,2019-02-04,2019-05-22,2019-06-10,2019-06-14,428.80,857.60
"SO - 0003130",Online,WARE-NMK1003,USD,15,40,134,19,8,0.1,2019-02-04,2019-05-22,2019-06-15,2019-06-16,1009.69,1835.80
"SO - 0003131",Online,WARE-NMK1003,USD,20,20,94,2,5,0.08,2019-02-04,2019-05-22,2019-06-13,2019-06-17,1073.07,1916.20
"SO - 0003132",In-Store,WARE-MKL1006,USD,3,47,367,4,1,0.08,2019-02-04,2019-05-22,2019-05-24,2019-06-01,456.00,1112.20
"SO - 0003133",Online,WARE-NBV1002,USD,17,29,81,47,3,0.05,2019-02-04,2019-05-22,2019-06-09,2019-06-14,2999.19,3946.30
"SO - 0003134",Distributor,WARE-XYS1001,USD,21,16,57,9,2,0.15,2019-02-04,2019-05-22,2019-06-12,2019-06-15,1271.33,2311.50
"SO - 0003135",In-Store,WARE-PUJ1005,USD,1,45,271,13,6,0.4,2019-02-04,2019-05-22,2019-06-17,2019-06-20,4803.90,6405.20
"SO - 0003136",In-Store,WARE-NMK1003,USD,6,34,94,31,6,0.05,2019-02-04,2019-05-22,2019-06-12,2019-06-17,1557.08,1876.00
"SO - 0003137",In-Store,WARE-UHY1004,USD,4,47,220,27,7,0.08,2019-02-04,2019-05-22,2019-06-02,2019-06-04,3154.63,3993.20
"SO - 0003138",Distributor,WARE-PUJ1005,USD,23,38,303,41,6,0.05,2019-02-04,2019-05-22,2019-05-24,2019-05-26,761.86,917.90
"SO - 0003139",In-Store,WARE-UHY1004,USD,8,10,210,11,7,0.05,2019-02-04,2019-05-22,2019-05-28,2019-06-05,2729.31,3591.20
"SO - 0003140",Online,WARE-NMK1003,USD,14,1,181,5,4,0.1,2019-02-04,2019-05-22,2019-06-03,2019-06-08,1694.83,2492.40
"SO - 0003141",Online,WARE-MKL1006,USD,15,14,342,30,4,0.05,2019-02-04,2019-05-23,2019-06-02,2019-06-06,850.83,1025.10
"SO - 0003142",In-Store,WARE-MKL1006,USD,2,43,346,34,8,0.08,2019-02-04,2019-05-23,2019-06-01,2019-06-05,1635.34,2271.30
"SO - 0003143",Online,WARE-XYS1001,USD,20,39,37,40,8,0.1,2019-02-04,2019-05-23,2019-05-25,2019-05-30,118.46,174.20
"SO - 0003144",In-Store,WARE-NMK1003,USD,3,49,178,2,4,0.1,2019-02-04,2019-05-23,2019-05-27,2019-05-30,630.34,750.40
"SO - 0003145",In-Store,WARE-NMK1003,USD,6,32,167,32,2,0.05,2019-02-04,2019-05-23,2019-05-25,2019-05-29,1209.22,1889.40
"SO - 0003146",Online,WARE-XYS1001,USD,19,16,45,16,8,0.08,2019-02-04,2019-05-23,2019-06-02,2019-06-10,3111.21,5983.10
"SO - 0003147",Wholesale,WARE-UHY1004,USD,26,50,208,5,4,0.08,2019-02-04,2019-05-23,2019-06-05,2019-06-10,108.54,241.20
"SO - 0003148",In-Store,WARE-NMK1003,USD,11,34,122,9,5,0.05,2019-02-04,2019-05-23,2019-06-01,2019-06-04,1080.38,2512.50
"SO - 0003149",Wholesale,WARE-NMK1003,USD,26,35,157,39,6,0.15,2019-02-04,2019-05-24,2019-06-05,2019-06-15,699.28,984.90
"SO - 0003150",In-Store,WARE-MKL1006,USD,3,46,329,14,4,0.05,2019-02-04,2019-05-24,2019-05-31,2019-06-03,1822.40,2847.50
"SO - 0003151",In-Store,WARE-NMK1003,USD,3,9,155,7,1,0.15,2019-02-04,2019-05-24,2019-06-18,2019-06-27,603.00,1005.00
"SO - 0003152",Distributor,WARE-NMK1003,USD,21,25,177,26,7,0.1,2019-02-04,2019-05-24,2019-05-27,2019-06-02,1894.02,2338.30
"SO - 0003153",In-Store,WARE-XYS1001,USD,7,19,31,19,2,0.05,2019-02-04,2019-05-24,2019-06-06,2019-06-09,5121.68,6170.70
"SO - 0003154",In-Store,WARE-PUJ1005,USD,6,34,319,41,1,0.1,2019-02-04,2019-05-24,2019-06-09,2019-06-11,1972.48,2465.60
"SO - 0003155",Distributor,WARE-MKL1006,USD,22,38,339,44,7,0.05,2019-02-04,2019-05-24,2019-05-27,2019-05-28,1240.30,2385.20
"SO - 0003156",Distributor,WARE-MKL1006,USD,22,24,359,44,4,0.05,2019-02-04,2019-05-24,2019-06-09,2019-06-14,470.34,1045.20
"SO - 0003157",In-Store,WARE-PUJ1005,USD,7,33,310,15,6,0.05,2019-02-04,2019-05-24,2019-06-20,2019-06-23,1616.64,2566.10
"SO - 0003158",In-Store,WARE-XYS1001,USD,8,23,36,9,4,0.1,2019-02-04,2019-05-24,2019-06-16,2019-06-22,1970.74,2559.40
"SO - 0003159",Online,WARE-MKL1006,USD,18,36,350,42,2,0.05,2019-02-04,2019-05-25,2019-05-28,2019-06-03,2657.09,3363.40
"SO - 0003160",Online,WARE-MKL1006,USD,13,46,363,26,2,0.05,2019-02-04,2019-05-25,2019-06-13,2019-06-14,647.22,1078.70
"SO - 0003161",Online,WARE-PUJ1005,USD,19,34,279,11,6,0.1,2019-02-04,2019-05-25,2019-05-29,2019-06-06,3913.47,5929.50
"SO - 0003162",Online,WARE-PUJ1005,USD,20,35,273,25,4,0.08,2019-02-04,2019-05-25,2019-06-06,2019-06-11,1451.22,1909.50
"SO - 0003163",Online,WARE-XYS1001,USD,18,17,34,47,4,0.3,2019-02-04,2019-05-25,2019-05-30,2019-05-31,780.15,1098.80
"SO - 0003164",Wholesale,WARE-UHY1004,USD,27,14,212,3,5,0.08,2019-02-04,2019-05-25,2019-06-22,2019-06-23,353.76,884.40
"SO - 0003165",In-Store,WARE-NBV1002,USD,2,2,79,21,5,0.15,2019-02-04,2019-05-25,2019-06-11,2019-06-17,420.76,1051.90
"SO - 0003166",In-Store,WARE-MKL1006,USD,10,20,351,43,8,0.15,2019-02-04,2019-05-25,2019-06-09,2019-06-16,449.44,864.30
"SO - 0003167",Online,WARE-MKL1006,USD,14,6,353,1,2,0.05,2019-02-04,2019-05-25,2019-06-03,2019-06-10,1231.26,2619.70
"SO - 0003168",In-Store,WARE-UHY1004,USD,4,21,259,35,3,0.15,2019-02-04,2019-05-25,2019-06-12,2019-06-14,2816.95,6123.80
"SO - 0003169",In-Store,WARE-PUJ1005,USD,10,19,328,22,6,0.05,2019-02-04,2019-05-26,2019-06-11,2019-06-18,123.95,247.90
"SO - 0003170",Wholesale,WARE-XYS1001,USD,28,23,5,44,6,0.4,2019-02-04,2019-05-26,2019-05-28,2019-05-31,827.32,1969.80
"SO - 0003171",In-Store,WARE-PUJ1005,USD,8,1,288,1,1,0.3,2019-02-04,2019-05-26,2019-06-18,2019-06-21,2816.14,3966.40
"SO - 0003172",Wholesale,WARE-NMK1003,USD,28,41,183,43,3,0.08,2019-02-04,2019-05-26,2019-06-18,2019-06-20,1211.43,2472.30
"SO - 0003173",Online,WARE-MKL1006,USD,17,11,352,27,7,0.1,2019-02-04,2019-05-26,2019-06-13,2019-06-18,1943.54,3470.60
"SO - 0003174",Wholesale,WARE-PUJ1005,USD,27,6,262,37,3,0.05,2019-02-04,2019-05-26,2019-06-11,2019-06-15,4920.48,6150.60
"SO - 0003175",In-Store,WARE-NBV1002,USD,6,41,85,7,2,0.05,2019-02-04,2019-05-26,2019-06-16,2019-06-19,1804.91,2284.70
"SO - 0003176",Online,WARE-PUJ1005,USD,20,17,285,35,2,0.2,2019-02-04,2019-05-26,2019-06-02,2019-06-07,2930.65,3530.90
"SO - 0003177",In-Store,WARE-NMK1003,USD,3,1,197,34,6,0.08,2019-02-04,2019-05-27,2019-06-14,2019-06-18,128.24,194.30
"SO - 0003178",In-Store,WARE-XYS1001,USD,5,38,6,31,2,0.1,2019-02-04,2019-05-27,2019-06-11,2019-06-18,368.50,737.00
"SO - 0003179",In-Store,WARE-NMK1003,USD,2,48,177,31,8,0.08,2019-02-04,2019-05-27,2019-06-18,2019-06-20,734.66,1708.50
"SO - 0003180",In-Store,WARE-PUJ1005,USD,8,5,294,2,5,0.2,2019-02-04,2019-05-27,2019-06-11,2019-06-20,2031.71,2673.30
"SO - 0003181",In-Store,WARE-NMK1003,USD,12,28,142,34,3,0.08,2019-02-04,2019-05-27,2019-06-05,2019-06-11,1710.91,2251.20
"SO - 0003182",In-Store,WARE-MKL1006,USD,6,45,343,15,2,0.15,2019-02-04,2019-05-27,2019-05-31,2019-06-04,1449.48,2499.10
"SO - 0003183",In-Store,WARE-UHY1004,USD,5,17,207,5,1,0.05,2019-02-04,2019-05-27,2019-06-07,2019-06-16,485.62,1011.70
"SO - 0003184",Online,WARE-NMK1003,USD,14,29,112,28,6,0.4,2019-02-04,2019-05-27,2019-05-29,2019-05-30,1398.96,1943.00
"SO - 0003185",In-Store,WARE-PUJ1005,USD,5,23,324,24,7,0.2,2019-02-04,2019-05-27,2019-05-30,2019-06-06,3475.29,5346.60
"SO - 0003186",Distributor,WARE-UHY1004,USD,25,27,246,41,5,0.05,2019-02-04,2019-05-27,2019-06-11,2019-06-16,938.87,1159.10
"SO - 0003187",Online,WARE-MKL1006,USD,13,35,340,47,3,0.08,2019-02-04,2019-05-27,2019-06-15,2019-06-17,1248.34,1835.80
"SO - 0003188",Distributor,WARE-PUJ1005,USD,24,50,275,27,8,0.05,2019-02-04,2019-05-27,2019-06-16,2019-06-25,1047.88,2619.70
"SO - 0003189",Online,WARE-NBV1002,USD,19,1,73,43,3,0.05,2019-02-04,2019-05-27,2019-06-17,2019-06-25,406.22,864.30
"SO - 0003190",Wholesale,WARE-XYS1001,USD,27,28,5,41,5,0.15,2019-02-04,2019-05-28,2019-06-15,2019-06-21,160.80,201.00
"SO - 0003191",In-Store,WARE-NMK1003,USD,2,43,99,20,2,0.05,2019-02-04,2019-05-28,2019-06-15,2019-06-20,627.12,964.80
"SO - 0003192",Wholesale,WARE-PUJ1005,USD,28,3,311,10,5,0.1,2019-02-04,2019-05-28,2019-06-05,2019-06-06,150.08,214.40
"SO - 0003193",Distributor,WARE-PUJ1005,USD,24,15,283,26,7,0.1,2019-02-04,2019-05-28,2019-06-20,2019-06-24,460.96,1152.40
"SO - 0003194",Wholesale,WARE-MKL1006,USD,27,27,357,33,5,0.05,2019-02-04,2019-05-28,2019-05-31,2019-06-01,1820.12,3872.60
"SO - 0003195",Online,WARE-UHY1004,USD,15,33,230,7,8,0.15,2019-02-04,2019-05-28,2019-06-07,2019-06-10,707.52,1105.50
"SO - 0003196",In-Store,WARE-NMK1003,USD,4,36,116,37,7,0.05,2019-02-04,2019-05-28,2019-06-10,2019-06-14,2811.39,3959.70
"SO - 0003197",Online,WARE-MKL1006,USD,20,24,364,39,4,0.1,2019-02-04,2019-05-28,2019-06-09,2019-06-17,954.42,1735.30
"SO - 0003198",Online,WARE-UHY1004,USD,16,40,248,2,5,0.05,2019-02-04,2019-05-28,2019-06-09,2019-06-10,1540.67,3423.70
"SO - 0003199",In-Store,WARE-UHY1004,USD,10,35,251,40,3,0.05,2019-02-04,2019-05-28,2019-06-22,2019-06-26,1701.00,3865.90
"SO - 0003200",In-Store,WARE-MKL1006,USD,3,19,334,40,6,0.15,2019-02-04,2019-05-28,2019-06-10,2019-06-16,868.05,1058.60
"SO - 0003201",Distributor,WARE-NBV1002,USD,21,21,63,23,2,0.1,2019-02-04,2019-05-28,2019-06-13,2019-06-18,925.74,2257.90
"SO - 0003202",Distributor,WARE-NMK1003,USD,24,31,183,37,1,0.1,2019-02-04,2019-05-28,2019-06-08,2019-06-18,2632.10,5849.10
"SO - 0003203",In-Store,WARE-NMK1003,USD,12,35,133,29,4,0.05,2019-02-04,2019-05-29,2019-06-26,2019-06-27,1964.17,2338.30
"SO - 0003204",In-Store,WARE-UHY1004,USD,7,14,246,29,3,0.1,2019-02-04,2019-05-29,2019-05-31,2019-06-06,809.83,1025.10
"SO - 0003205",Online,WARE-PUJ1005,USD,20,21,272,7,6,0.1,2019-02-04,2019-05-29,2019-06-22,2019-06-24,1764.38,2291.40
"SO - 0003206",In-Store,WARE-NMK1003,USD,7,41,173,6,1,0.1,2019-02-04,2019-05-29,2019-06-07,2019-06-17,476.37,1058.60
"SO - 0003207",Wholesale,WARE-UHY1004,USD,27,41,238,37,7,0.2,2019-02-04,2019-05-29,2019-06-15,2019-06-17,523.94,1139.00
"SO - 0003208",Distributor,WARE-NMK1003,USD,23,6,167,33,7,0.15,2019-02-04,2019-05-29,2019-06-13,2019-06-19,455.60,1139.00
"SO - 0003209",Online,WARE-UHY1004,USD,15,21,258,12,7,0.1,2019-02-04,2019-05-29,2019-06-03,2019-06-08,2319.00,3410.30
"SO - 0003210",In-Store,WARE-MKL1006,USD,6,20,331,39,7,0.1,2019-02-04,2019-05-29,2019-05-31,2019-06-05,640.39,1085.40
"SO - 0003211",Distributor,WARE-UHY1004,USD,22,25,247,41,3,0.2,2019-02-04,2019-05-30,2019-06-27,2019-06-29,1550.38,2385.20
"SO - 0003212",Online,WARE-UHY1004,USD,17,50,254,6,2,0.05,2019-02-04,2019-05-30,2019-06-17,2019-06-21,109.34,227.80
"SO - 0003213",Distributor,WARE-NMK1003,USD,25,13,120,9,4,0.05,2019-02-04,2019-05-30,2019-06-13,2019-06-22,324.35,690.10
"SO - 0003214",Online,WARE-NMK1003,USD,17,36,102,38,8,0.08,2019-02-04,2019-05-30,2019-06-08,2019-06-09,4640.69,6271.20
"SO - 0003215",Online,WARE-XYS1001,USD,15,16,11,43,5,0.1,2019-02-04,2019-05-30,2019-06-01,2019-06-09,127.17,174.20
"SO - 0003216",Online,WARE-NMK1003,USD,17,25,146,18,5,0.2,2019-02-04,2019-05-30,2019-06-13,2019-06-15,119.39,221.10
"SO - 0003217",In-Store,WARE-XYS1001,USD,9,12,44,30,4,0.05,2019-02-04,2019-05-31,2019-06-14,2019-06-22,93.80,234.50
"SO - 0003218",In-Store,WARE-NMK1003,USD,5,32,151,1,7,0.4,2019-02-04,2019-05-31,2019-06-02,2019-06-07,1355.75,1909.50
"SO - 0003219",Online,WARE-NMK1003,USD,12,10,134,41,6,0.15,2019-02-04,2019-05-31,2019-06-14,2019-06-24,878.64,1112.20
"SO - 0003220",In-Store,WARE-NMK1003,USD,9,4,167,1,8,0.08,2019-02-04,2019-05-31,2019-06-04,2019-06-08,497.41,857.60
"SO - 0003221",In-Store,WARE-XYS1001,USD,8,49,4,14,6,0.3,2019-02-04,2019-05-31,2019-06-12,2019-06-18,1409.81,2237.80
"SO - 0003222",In-Store,WARE-PUJ1005,USD,5,6,297,21,4,0.1,2019-02-04,2019-05-31,2019-06-03,2019-06-06,1031.80,2345.00
"SO - 0003223",In-Store,WARE-NBV1002,USD,2,46,74,26,7,0.15,2019-02-04,2019-05-31,2019-06-02,2019-06-03,1377.12,3202.60
"SO - 0003224",Wholesale,WARE-XYS1001,USD,26,39,39,15,6,0.15,2019-02-04,2019-05-31,2019-06-18,2019-06-20,736.33,1051.90
"SO - 0003225",In-Store,WARE-PUJ1005,USD,3,26,301,34,3,0.4,2019-02-04,2019-06-01,2019-06-11,2019-06-14,567.49,1031.80
"SO - 0003226",In-Store,WARE-NMK1003,USD,7,44,123,25,1,0.15,2019-02-04,2019-06-01,2019-06-17,2019-06-19,1721.63,3912.80
"SO - 0003227",Online,WARE-XYS1001,USD,20,39,5,23,5,0.2,2019-02-04,2019-06-01,2019-06-26,2019-07-03,862.89,1065.30
"SO - 0003228",Distributor,WARE-PUJ1005,USD,24,1,272,9,5,0.05,2019-02-04,2019-06-01,2019-06-03,2019-06-09,3365.75,3959.70
"SO - 0003229",In-Store,WARE-MKL1006,USD,3,29,348,21,5,0.4,2019-02-04,2019-06-01,2019-06-25,2019-07-04,1708.43,3973.10
"SO - 0003230",Distributor,WARE-XYS1001,USD,22,27,34,33,2,0.15,2019-02-04,2019-06-01,2019-06-27,2019-07-01,428.80,1072.00
"SO - 0003231",In-Store,WARE-UHY1004,USD,12,27,205,12,5,0.08,2019-02-04,2019-06-01,2019-06-21,2019-06-24,1260.27,2800.60
"SO - 0003232",Distributor,WARE-MKL1006,USD,22,42,331,19,5,0.1,2019-02-04,2019-06-01,2019-06-28,2019-07-03,4713.05,6545.90
"SO - 0003233",In-Store,WARE-NMK1003,USD,11,10,125,21,6,0.1,2019-02-04,2019-06-01,2019-06-11,2019-06-18,1016.99,2365.10
"SO - 0003234",In-Store,WARE-UHY1004,USD,10,39,207,6,6,0.05,2019-02-04,2019-06-01,2019-06-13,2019-06-23,830.00,1092.10
"SO - 0003235",In-Store,WARE-NMK1003,USD,1,32,167,1,5,0.05,2019-02-04,2019-06-01,2019-06-18,2019-06-20,2416.56,3403.60
"SO - 0003236",Online,WARE-NMK1003,USD,12,8,198,3,3,0.08,2019-02-04,2019-06-01,2019-06-25,2019-06-28,120.47,194.30
"SO - 0003237",In-Store,WARE-UHY1004,USD,8,27,251,31,6,0.05,2019-02-04,2019-06-02,2019-06-30,2019-07-08,1826.09,2646.50
"SO - 0003238",In-Store,WARE-MKL1006,USD,7,49,366,45,3,0.2,2019-02-04,2019-06-02,2019-06-11,2019-06-17,709.26,1058.60
"SO - 0003239",Distributor,WARE-XYS1001,USD,21,34,4,13,1,0.05,2019-02-04,2019-06-02,2019-06-26,2019-07-04,1586.56,3966.40
"SO - 0003240",In-Store,WARE-UHY1004,USD,5,29,203,16,8,0.05,2019-02-04,2019-06-02,2019-06-08,2019-06-14,1911.85,2941.30
"SO - 0003241",Online,WARE-PUJ1005,USD,17,49,316,2,7,0.1,2019-02-04,2019-06-02,2019-06-11,2019-06-16,675.36,1125.60
"SO - 0003242",Online,WARE-XYS1001,USD,19,40,22,24,7,0.15,2019-02-04,2019-06-02,2019-06-09,2019-06-16,1781.26,2827.40
"SO - 0003243",In-Store,WARE-NMK1003,USD,12,2,108,39,2,0.08,2019-02-04,2019-06-02,2019-06-22,2019-06-30,740.69,1105.50
"SO - 0003244",Online,WARE-NMK1003,USD,14,8,197,15,4,0.05,2019-02-04,2019-06-02,2019-06-27,2019-06-29,1809.00,4020.00
"SO - 0003245",Distributor,WARE-UHY1004,USD,24,20,240,25,8,0.1,2019-02-04,2019-06-02,2019-06-16,2019-06-19,1405.93,3269.60
"SO - 0003246",Distributor,WARE-PUJ1005,USD,21,19,262,44,7,0.05,2019-02-04,2019-06-02,2019-06-28,2019-07-01,3882.11,5246.10
"SO - 0003247",Wholesale,WARE-NMK1003,USD,28,49,176,4,4,0.05,2019-02-04,2019-06-03,2019-06-20,2019-06-22,1611.55,2405.30
"SO - 0003248",Online,WARE-PUJ1005,USD,20,28,292,14,2,0.05,2019-02-04,2019-06-03,2019-06-14,2019-06-15,2823.11,6137.20
"SO - 0003249",Online,WARE-UHY1004,USD,19,42,257,28,2,0.08,2019-02-04,2019-06-03,2019-06-15,2019-06-25,993.34,2365.10
"SO - 0003250",In-Store,WARE-NMK1003,USD,2,25,135,45,6,0.05,2019-02-04,2019-06-03,2019-06-18,2019-06-22,950.46,1159.10
"SO - 0003251",Wholesale,WARE-NMK1003,USD,28,34,148,28,7,0.05,2019-02-04,2019-06-03,2019-06-15,2019-06-25,450.24,1072.00
"SO - 0003252",In-Store,WARE-UHY1004,USD,7,24,228,10,3,0.1,2019-02-04,2019-06-03,2019-06-19,2019-06-29,1922.90,3845.80
"SO - 0003253",Online,WARE-UHY1004,USD,19,10,252,36,7,0.05,2019-02-04,2019-06-03,2019-06-22,2019-07-02,3069.94,3886.00
"SO - 0003254",In-Store,WARE-NMK1003,USD,9,7,96,3,5,0.2,2019-02-04,2019-06-03,2019-06-18,2019-06-19,528.50,777.20
"SO - 0003255",Online,WARE-NMK1003,USD,14,40,149,37,1,0.1,2019-02-04,2019-06-03,2019-06-26,2019-06-29,756.30,911.20
"SO - 0003256",Distributor,WARE-PUJ1005,USD,24,16,294,15,8,0.05,2019-02-04,2019-06-03,2019-06-16,2019-06-26,3106.99,3932.90
"SO - 0003257",Online,WARE-PUJ1005,USD,13,23,299,25,5,0.08,2019-02-04,2019-06-03,2019-06-20,2019-06-21,1437.02,2566.10
"SO - 0003258",In-Store,WARE-XYS1001,USD,11,11,40,34,6,0.08,2019-02-04,2019-06-03,2019-06-10,2019-06-19,2952.29,5788.80
"SO - 0003259",In-Store,WARE-NMK1003,USD,11,5,151,2,1,0.05,2019-02-04,2019-06-03,2019-06-15,2019-06-17,5023.06,6358.30
"SO - 0003260",In-Store,WARE-NMK1003,USD,6,49,143,8,1,0.08,2019-02-04,2019-06-03,2019-06-13,2019-06-21,711.94,924.60
"SO - 0003261",Distributor,WARE-NMK1003,USD,22,48,182,28,1,0.2,2019-02-04,2019-06-03,2019-06-07,2019-06-13,639.72,1031.80
"SO - 0003262",Online,WARE-MKL1006,USD,12,31,363,3,3,0.15,2019-02-04,2019-06-03,2019-06-08,2019-06-17,1730.61,3845.80
"SO - 0003263",Online,WARE-NMK1003,USD,13,26,90,38,7,0.05,2019-02-04,2019-06-03,2019-06-23,2019-06-29,669.33,904.50
"SO - 0003264",Distributor,WARE-UHY1004,USD,21,3,260,37,3,0.05,2019-02-04,2019-06-04,2019-06-17,2019-06-20,192.29,234.50
"SO - 0003265",In-Store,WARE-NMK1003,USD,7,45,113,4,5,0.15,2019-02-04,2019-06-04,2019-06-06,2019-06-10,1708.43,3973.10
"SO - 0003266",In-Store,WARE-NMK1003,USD,9,24,178,28,2,0.1,2019-02-04,2019-06-04,2019-06-27,2019-07-05,153.70,207.70
"SO - 0003267",In-Store,WARE-NBV1002,USD,10,13,82,14,2,0.1,2019-02-04,2019-06-04,2019-06-17,2019-06-27,783.90,1005.00
"SO - 0003268",Online,WARE-UHY1004,USD,19,14,234,10,3,0.15,2019-02-04,2019-06-04,2019-06-09,2019-06-14,187.94,221.10
"SO - 0003269",Distributor,WARE-NBV1002,USD,25,13,71,18,7,0.1,2019-02-04,2019-06-04,2019-06-19,2019-06-21,1656.58,3852.50
"SO - 0003270",In-Store,WARE-XYS1001,USD,12,31,27,19,4,0.05,2019-02-04,2019-06-04,2019-06-30,2019-07-06,160.80,268.00
"SO - 0003271",In-Store,WARE-MKL1006,USD,8,14,356,8,1,0.08,2019-02-04,2019-06-04,2019-06-16,2019-06-25,1398.96,3497.40
"SO - 0003272",In-Store,WARE-XYS1001,USD,12,2,38,2,8,0.4,2019-02-04,2019-06-05,2019-06-11,2019-06-21,2575.48,6438.70
"SO - 0003273",In-Store,WARE-MKL1006,USD,8,43,337,39,3,0.4,2019-02-04,2019-06-05,2019-07-03,2019-07-08,679.38,871.00
"SO - 0003274",Online,WARE-PUJ1005,USD,15,24,283,18,6,0.3,2019-02-04,2019-06-05,2019-07-02,2019-07-12,1799.89,3912.80
"SO - 0003275",In-Store,WARE-NMK1003,USD,6,50,186,23,3,0.3,2019-02-04,2019-06-05,2019-06-19,2019-06-21,499.15,998.30
"SO - 0003276",In-Store,WARE-PUJ1005,USD,3,18,318,26,3,0.05,2019-02-04,2019-06-06,2019-06-25,2019-07-02,4010.96,6170.70
"SO - 0003277",Distributor,WARE-PUJ1005,USD,24,34,284,2,6,0.08,2019-02-04,2019-06-06,2019-06-24,2019-06-30,3079.92,3999.90
"SO - 0003278",Wholesale,WARE-XYS1001,USD,28,46,7,39,3,0.2,2019-02-04,2019-06-06,2019-06-22,2019-06-26,2405.97,3819.00
"SO - 0003279",In-Store,WARE-UHY1004,USD,8,13,208,7,1,0.1,2019-02-04,2019-06-06,2019-06-30,2019-07-02,3097.21,5433.70
"SO - 0003280",Online,WARE-NMK1003,USD,13,2,192,37,8,0.08,2019-02-04,2019-06-07,2019-06-24,2019-07-01,4026.63,6009.90
"SO - 0003281",In-Store,WARE-NMK1003,USD,9,21,194,7,5,0.2,2019-02-04,2019-06-07,2019-06-23,2019-07-01,3580.75,5775.40
"SO - 0003282",In-Store,WARE-PUJ1005,USD,11,32,302,17,7,0.2,2019-02-04,2019-06-07,2019-06-21,2019-06-22,1912.85,3825.70
"SO - 0003283",In-Store,WARE-NBV1002,USD,11,27,70,8,8,0.08,2019-02-04,2019-06-07,2019-06-24,2019-06-25,3145.11,6418.60
"SO - 0003284",Distributor,WARE-PUJ1005,USD,24,50,286,2,4,0.08,2019-02-04,2019-06-07,2019-07-03,2019-07-08,1379.53,2378.50
"SO - 0003285",In-Store,WARE-UHY1004,USD,11,16,232,26,5,0.08,2019-02-04,2019-06-07,2019-07-02,2019-07-08,2444.03,4006.60
"SO - 0003286",Distributor,WARE-XYS1001,USD,24,34,57,41,2,0.2,2019-02-04,2019-06-07,2019-06-11,2019-06-21,1538.86,2331.60
"SO - 0003287",In-Store,WARE-NMK1003,USD,4,18,197,33,2,0.08,2019-02-04,2019-06-07,2019-06-24,2019-07-03,4409.74,6210.90
"SO - 0003288",Online,WARE-MKL1006,USD,15,49,353,28,7,0.2,2019-02-04,2019-06-07,2019-06-23,2019-06-30,731.64,1045.20
"SO - 0003289",Wholesale,WARE-UHY1004,USD,27,16,243,36,8,0.1,2019-02-04,2019-06-07,2019-06-17,2019-06-24,1475.47,1916.20
"SO - 0003290",In-Store,WARE-UHY1004,USD,11,6,212,43,2,0.08,2019-02-04,2019-06-07,2019-06-25,2019-07-01,561.06,1058.60
"SO - 0003291",Distributor,WARE-MKL1006,USD,24,1,358,40,2,0.05,2019-02-04,2019-06-08,2019-06-15,2019-06-20,612.72,1038.50
"SO - 0003292",In-Store,WARE-PUJ1005,USD,12,19,288,29,2,0.1,2019-02-04,2019-06-08,2019-06-23,2019-07-01,1152.40,2680.00
"SO - 0003293",In-Store,WARE-XYS1001,USD,8,15,15,25,7,0.08,2019-02-04,2019-06-08,2019-06-19,2019-06-21,2858.22,3618.00
"SO - 0003294",Wholesale,WARE-XYS1001,USD,26,6,54,14,1,0.4,2019-02-04,2019-06-08,2019-06-14,2019-06-16,736.20,1098.80
"SO - 0003295",In-Store,WARE-NMK1003,USD,7,29,147,1,3,0.1,2019-02-04,2019-06-08,2019-06-28,2019-06-29,2478.46,3872.60
"SO - 0003296",Online,WARE-NMK1003,USD,20,18,135,21,5,0.05,2019-02-04,2019-06-08,2019-06-16,2019-06-22,2110.50,2512.50
"SO - 0003297",In-Store,WARE-MKL1006,USD,11,33,359,11,3,0.1,2019-02-04,2019-06-08,2019-06-30,2019-07-07,3157.04,3946.30
"SO - 0003298",Online,WARE-NMK1003,USD,20,11,200,40,4,0.05,2019-02-04,2019-06-09,2019-06-28,2019-07-08,3452.04,5152.30
"SO - 0003299",Online,WARE-PUJ1005,USD,19,48,302,22,7,0.08,2019-02-04,2019-06-09,2019-06-13,2019-06-15,151.96,241.20
"SO - 0003300",In-Store,WARE-NMK1003,USD,4,20,181,44,3,0.08,2019-02-04,2019-06-09,2019-06-25,2019-07-03,539.75,1018.40
"SO - 0003301",In-Store,WARE-UHY1004,USD,1,11,248,28,1,0.15,2019-02-04,2019-06-09,2019-07-02,2019-07-05,1027.78,1742.00
"SO - 0003302",In-Store,WARE-NMK1003,USD,4,41,176,29,5,0.05,2019-02-04,2019-06-09,2019-07-02,2019-07-03,3002.54,3899.40
"SO - 0003303",In-Store,WARE-NBV1002,USD,11,27,69,46,1,0.05,2019-02-04,2019-06-09,2019-06-11,2019-06-12,614.39,877.70
"SO - 0003304",In-Store,WARE-XYS1001,USD,5,37,49,11,4,0.15,2019-02-04,2019-06-10,2019-06-25,2019-06-30,778.41,1051.90
"SO - 0003305",Online,WARE-PUJ1005,USD,18,12,287,21,5,0.08,2019-02-04,2019-06-10,2019-07-02,2019-07-05,1698.05,2572.80
"SO - 0003306",Online,WARE-NMK1003,USD,18,48,117,3,4,0.05,2019-02-04,2019-06-10,2019-07-08,2019-07-09,3314.49,3899.40
"SO - 0003307",Online,WARE-NMK1003,USD,13,38,169,45,2,0.08,2019-02-04,2019-06-10,2019-07-01,2019-07-04,1615.91,2606.30
"SO - 0003308",Online,WARE-NBV1002,USD,18,19,78,34,8,0.08,2019-02-04,2019-06-10,2019-07-01,2019-07-11,93.80,167.50
"SO - 0003309",Online,WARE-XYS1001,USD,13,37,35,46,5,0.08,2019-02-04,2019-06-10,2019-06-28,2019-07-06,1622.67,2351.70
"SO - 0003310",Distributor,WARE-MKL1006,USD,23,18,358,32,6,0.3,2019-02-04,2019-06-10,2019-06-24,2019-06-25,529.64,1038.50
"SO - 0003311",In-Store,WARE-MKL1006,USD,7,3,349,30,5,0.05,2019-02-04,2019-06-10,2019-06-13,2019-06-16,1264.96,1976.50
"SO - 0003312",Online,WARE-UHY1004,USD,16,11,227,10,5,0.1,2019-02-04,2019-06-10,2019-06-22,2019-07-02,795.16,1849.20
"SO - 0003313",In-Store,WARE-NMK1003,USD,7,7,190,4,1,0.2,2019-02-04,2019-06-10,2019-06-26,2019-06-28,462.84,1051.90
"SO - 0003314",In-Store,WARE-XYS1001,USD,2,31,22,42,2,0.05,2019-02-04,2019-06-11,2019-07-03,2019-07-11,2123.50,4006.60
"SO - 0003315",Wholesale,WARE-PUJ1005,USD,27,10,326,31,1,0.1,2019-02-04,2019-06-11,2019-06-21,2019-07-01,1561.97,2740.30
"SO - 0003316",In-Store,WARE-NMK1003,USD,7,21,170,18,8,0.05,2019-02-04,2019-06-11,2019-06-28,2019-06-30,4923.96,6478.90
"SO - 0003317",Wholesale,WARE-NMK1003,USD,26,1,92,47,6,0.08,2019-02-04,2019-06-11,2019-06-30,2019-07-08,1908.96,2807.30
"SO - 0003318",In-Store,WARE-NMK1003,USD,3,39,100,2,5,0.08,2019-02-04,2019-06-11,2019-07-09,2019-07-15,2938.02,6251.10
"SO - 0003319",Online,WARE-NMK1003,USD,20,28,93,37,2,0.05,2019-02-04,2019-06-11,2019-07-03,2019-07-04,2381.85,3015.00
"SO - 0003320",Online,WARE-UHY1004,USD,15,3,228,25,1,0.08,2019-02-04,2019-06-12,2019-06-18,2019-06-27,1169.82,1949.70
"SO - 0003321",Online,WARE-NMK1003,USD,19,12,98,9,6,0.05,2019-02-04,2019-06-12,2019-06-27,2019-07-06,690.37,1078.70
"SO - 0003322",In-Store,WARE-XYS1001,USD,3,5,9,36,3,0.05,2019-02-04,2019-06-12,2019-06-24,2019-07-02,4165.59,5272.90
"SO - 0003323",Online,WARE-PUJ1005,USD,13,48,316,44,4,0.08,2019-02-04,2019-06-12,2019-06-30,2019-07-04,2759.93,3999.90
"SO - 0003324",Online,WARE-NMK1003,USD,16,49,171,22,1,0.05,2019-02-04,2019-06-12,2019-06-19,2019-06-29,173.53,247.90
"SO - 0003325",In-Store,WARE-MKL1006,USD,3,12,363,25,5,0.2,2019-02-04,2019-06-12,2019-06-19,2019-06-24,3694.65,6056.80
"SO - 0003326",Online,WARE-NMK1003,USD,18,2,127,25,6,0.15,2019-02-04,2019-06-12,2019-07-08,2019-07-09,161.60,241.20
"SO - 0003327",Online,WARE-UHY1004,USD,16,30,248,20,3,0.08,2019-02-04,2019-06-12,2019-06-14,2019-06-23,202.61,241.20
"SO - 0003328",In-Store,WARE-MKL1006,USD,9,1,332,36,7,0.08,2019-02-04,2019-06-12,2019-06-21,2019-06-24,526.22,1031.80
"SO - 0003329",Distributor,WARE-NMK1003,USD,24,32,95,31,3,0.2,2019-02-04,2019-06-12,2019-06-21,2019-06-24,559.45,1118.90
"SO - 0003330",In-Store,WARE-XYS1001,USD,12,27,11,26,2,0.08,2019-02-04,2019-06-12,2019-06-29,2019-07-03,535.67,1306.50
"SO - 0003331",In-Store,WARE-NMK1003,USD,9,8,149,26,1,0.08,2019-02-04,2019-06-12,2019-06-23,2019-06-30,118.93,167.50
"SO - 0003332",Wholesale,WARE-UHY1004,USD,28,15,234,7,4,0.1,2019-02-04,2019-06-12,2019-07-05,2019-07-15,546.72,1072.00
"SO - 0003333",In-Store,WARE-NMK1003,USD,9,4,197,27,2,0.05,2019-02-04,2019-06-12,2019-07-10,2019-07-14,4487.73,5406.90
"SO - 0003334",Distributor,WARE-MKL1006,USD,23,28,367,36,2,0.05,2019-02-04,2019-06-13,2019-06-29,2019-07-07,1575.84,1969.80
"SO - 0003335",Distributor,WARE-NMK1003,USD,25,19,116,11,2,0.08,2019-02-04,2019-06-13,2019-06-23,2019-07-01,118.52,194.30
"SO - 0003336",In-Store,WARE-UHY1004,USD,3,49,249,14,8,0.08,2019-02-04,2019-06-13,2019-06-29,2019-07-07,3033.49,6190.80
"SO - 0003337",Online,WARE-NMK1003,USD,19,12,130,30,1,0.1,2019-02-04,2019-06-13,2019-06-18,2019-06-25,644.34,1092.10
"SO - 0003338",Wholesale,WARE-MKL1006,USD,25,40,360,10,7,0.1,2019-02-04,2019-06-13,2019-06-18,2019-06-21,2074.32,2881.00
"SO - 0003339",Online,WARE-NMK1003,USD,13,36,116,9,6,0.4,2019-02-04,2019-06-13,2019-06-18,2019-06-22,1297.92,2237.80
"SO - 0003340",In-Store,WARE-XYS1001,USD,6,50,40,35,3,0.08,2019-02-04,2019-06-13,2019-07-06,2019-07-15,543.57,891.10
"SO - 0003341",In-Store,WARE-XYS1001,USD,4,12,8,30,4,0.2,2019-02-04,2019-06-13,2019-07-09,2019-07-18,1757.28,2224.40
"SO - 0003342",Online,WARE-NMK1003,USD,16,38,133,29,1,0.3,2019-02-04,2019-06-14,2019-07-09,2019-07-13,1054.45,2452.20
"SO - 0003343",Online,WARE-NMK1003,USD,17,14,105,5,1,0.05,2019-02-04,2019-06-14,2019-06-30,2019-07-02,4026.63,5835.70
"SO - 0003344",Online,WARE-XYS1001,USD,17,20,39,47,3,0.08,2019-02-04,2019-06-14,2019-07-05,2019-07-10,933.98,1098.80
"SO - 0003345",Online,WARE-UHY1004,USD,13,8,208,8,8,0.05,2019-02-04,2019-06-14,2019-07-10,2019-07-15,628.73,911.20
"SO - 0003346",In-Store,WARE-NMK1003,USD,1,47,132,9,3,0.15,2019-02-04,2019-06-14,2019-06-18,2019-06-19,1401.98,1869.30
"SO - 0003347",Wholesale,WARE-UHY1004,USD,27,1,238,4,7,0.1,2019-02-04,2019-06-14,2019-07-10,2019-07-11,2379.04,3604.60
"SO - 0003348",Online,WARE-NBV1002,USD,17,26,75,9,2,0.1,2019-02-04,2019-06-14,2019-07-08,2019-07-10,477.58,884.40
"SO - 0003349",Distributor,WARE-MKL1006,USD,23,47,350,16,3,0.1,2019-02-04,2019-06-14,2019-07-11,2019-07-19,1885.38,2814.00
"SO - 0003350",Online,WARE-NMK1003,USD,16,22,144,34,8,0.1,2019-02-04,2019-06-14,2019-07-02,2019-07-04,1063.69,1688.40
"SO - 0003351",In-Store,WARE-NBV1002,USD,1,14,77,29,5,0.08,2019-02-04,2019-06-14,2019-06-27,2019-07-04,804.80,958.10
"SO - 0003352",Online,WARE-PUJ1005,USD,16,40,297,28,8,0.2,2019-02-04,2019-06-14,2019-06-20,2019-06-24,1256.92,1795.60
"SO - 0003353",Online,WARE-NMK1003,USD,16,18,197,28,5,0.2,2019-02-04,2019-06-15,2019-06-29,2019-07-01,1131.03,2217.70
"SO - 0003354",In-Store,WARE-PUJ1005,USD,12,34,266,43,1,0.08,2019-02-04,2019-06-15,2019-06-21,2019-06-30,3772.37,5467.20
"SO - 0003355",In-Store,WARE-NBV1002,USD,12,16,83,17,4,0.08,2019-02-04,2019-06-15,2019-07-07,2019-07-13,2405.97,3819.00
"SO - 0003356",Distributor,WARE-MKL1006,USD,24,29,352,29,6,0.15,2019-02-04,2019-06-15,2019-06-20,2019-06-25,627.25,1011.70
"SO - 0003357",Distributor,WARE-PUJ1005,USD,22,22,273,43,3,0.08,2019-02-04,2019-06-15,2019-07-02,2019-07-03,682.33,1018.40
"SO - 0003358",Wholesale,WARE-NMK1003,USD,28,20,136,45,5,0.15,2019-05-15,2019-06-15,2019-07-08,2019-07-15,539.75,1018.40
"SO - 0003359",In-Store,WARE-PUJ1005,USD,5,24,269,27,7,0.05,2019-02-04,2019-06-15,2019-07-06,2019-07-15,2592.36,3812.30
"SO - 0003360",In-Store,WARE-NMK1003,USD,7,14,130,7,5,0.2,2019-02-04,2019-06-15,2019-07-12,2019-07-17,1818.38,3953.00
"SO - 0003361",Online,WARE-XYS1001,USD,18,50,20,5,1,0.05,2019-02-04,2019-06-16,2019-06-23,2019-06-30,3241.46,3953.00
"SO - 0003362",In-Store,WARE-NBV1002,USD,10,49,79,17,3,0.2,2019-02-04,2019-06-16,2019-07-01,2019-07-02,1669.10,2318.20
"SO - 0003363",Online,WARE-XYS1001,USD,14,12,49,27,7,0.1,2019-02-04,2019-06-17,2019-06-30,2019-07-06,509.94,864.30
"SO - 0003364",In-Store,WARE-UHY1004,USD,11,39,222,36,7,0.05,2019-02-04,2019-06-17,2019-06-29,2019-07-02,851.24,1105.50
"SO - 0003365",In-Store,WARE-NBV1002,USD,6,24,67,28,2,0.08,2019-02-04,2019-06-17,2019-06-25,2019-07-03,856.39,1031.80
"SO - 0003366",Distributor,WARE-NMK1003,USD,25,45,152,47,4,0.3,2019-02-04,2019-06-17,2019-07-09,2019-07-12,1929.87,2539.30
"SO - 0003367",Online,WARE-XYS1001,USD,14,35,6,23,4,0.05,2019-02-04,2019-06-18,2019-07-06,2019-07-08,1187.24,2968.10
"SO - 0003368",Wholesale,WARE-PUJ1005,USD,25,2,281,32,1,0.1,2019-02-04,2019-06-18,2019-07-10,2019-07-20,763.80,1018.40
"SO - 0003369",Online,WARE-NMK1003,USD,12,1,201,9,2,0.05,2019-02-04,2019-06-18,2019-07-10,2019-07-11,341.43,696.80
"SO - 0003370",In-Store,WARE-XYS1001,USD,7,26,15,25,4,0.05,2019-02-04,2019-06-18,2019-06-30,2019-07-05,1523.71,1835.80
"SO - 0003371",Online,WARE-NBV1002,USD,13,16,84,13,3,0.05,2019-02-04,2019-06-18,2019-06-28,2019-07-05,3314.49,3899.40
"SO - 0003372",Wholesale,WARE-XYS1001,USD,28,1,30,24,3,0.05,2019-02-04,2019-06-18,2019-07-08,2019-07-17,2176.56,2941.30
"SO - 0003373",Online,WARE-MKL1006,USD,13,41,352,13,3,0.2,2019-02-04,2019-06-18,2019-06-20,2019-06-26,4095.31,5534.20
"SO - 0003374",Online,WARE-MKL1006,USD,18,6,355,38,7,0.08,2019-02-04,2019-06-18,2019-07-14,2019-07-23,532.18,1132.30
"SO - 0003375",In-Store,WARE-NBV1002,USD,6,41,84,2,6,0.05,2019-05-15,2019-06-18,2019-06-25,2019-07-04,911.20,1822.40
"SO - 0003376",In-Store,WARE-XYS1001,USD,9,41,8,27,8,0.2,2019-02-04,2019-06-18,2019-07-06,2019-07-14,138.82,187.60
"SO - 0003377",In-Store,WARE-UHY1004,USD,2,33,214,9,6,0.05,2019-02-04,2019-06-18,2019-06-20,2019-06-26,857.06,1045.20
"SO - 0003378",In-Store,WARE-XYS1001,USD,5,7,1,43,2,0.3,2019-02-04,2019-06-18,2019-06-28,2019-06-29,1269.92,2351.70
"SO - 0003379",Online,WARE-UHY1004,USD,19,23,232,23,6,0.05,2019-02-04,2019-06-18,2019-07-16,2019-07-17,2778.83,3517.50
"SO - 0003380",In-Store,WARE-NMK1003,USD,2,3,195,17,1,0.1,2019-02-04,2019-06-18,2019-06-24,2019-07-01,4357.88,5380.10
"SO - 0003381",Online,WARE-XYS1001,USD,16,38,54,42,2,0.05,2019-02-04,2019-06-19,2019-06-28,2019-07-01,727.82,1025.10
"SO - 0003382",Online,WARE-NMK1003,USD,17,35,108,3,5,0.08,2019-02-04,2019-06-19,2019-07-14,2019-07-16,778.88,1038.50
"SO - 0003383",Distributor,WARE-XYS1001,USD,25,21,23,32,1,0.08,2019-02-04,2019-06-19,2019-07-14,2019-07-20,2604.29,4006.60
"SO - 0003384",In-Store,WARE-UHY1004,USD,8,25,204,6,3,0.15,2019-05-15,2019-06-19,2019-07-10,2019-07-15,3772.30,5313.10
"SO - 0003385",Online,WARE-NMK1003,USD,19,43,138,36,5,0.05,2019-02-04,2019-06-20,2019-07-12,2019-07-22,934.65,1246.20
"SO - 0003386",In-Store,WARE-MKL1006,USD,8,20,354,1,8,0.1,2019-02-04,2019-06-20,2019-07-05,2019-07-06,433.96,850.90
"SO - 0003387",In-Store,WARE-NBV1002,USD,1,25,83,6,1,0.05,2019-02-04,2019-06-20,2019-07-10,2019-07-15,2821.24,6411.90
"SO - 0003388",In-Store,WARE-PUJ1005,USD,11,47,293,46,1,0.05,2019-05-15,2019-06-20,2019-07-04,2019-07-11,163.48,268.00
"SO - 0003389",Distributor,WARE-PUJ1005,USD,24,29,262,43,1,0.05,2019-05-15,2019-06-20,2019-06-26,2019-07-05,1615.71,2485.70
"SO - 0003390",In-Store,WARE-MKL1006,USD,12,14,366,33,1,0.08,2019-02-04,2019-06-20,2019-06-27,2019-07-03,1372.29,1782.20
"SO - 0003391",Wholesale,WARE-NBV1002,USD,26,8,83,46,1,0.15,2019-02-04,2019-06-20,2019-06-29,2019-07-02,509.20,1273.00
"SO - 0003392",In-Store,WARE-PUJ1005,USD,4,22,273,47,4,0.05,2019-02-04,2019-06-21,2019-06-24,2019-07-03,1698.05,3859.20
"SO - 0003393",Distributor,WARE-NMK1003,USD,23,45,100,19,6,0.08,2019-02-04,2019-06-21,2019-06-28,2019-07-07,4095.31,5534.20
"SO - 0003394",Online,WARE-NMK1003,USD,12,4,141,43,4,0.08,2019-05-15,2019-06-21,2019-07-05,2019-07-13,414.60,797.30
"SO - 0003395",Online,WARE-NBV1002,USD,15,31,59,27,4,0.4,2019-02-04,2019-06-21,2019-07-17,2019-07-24,1294.04,1748.70
"SO - 0003396",Online,WARE-MKL1006,USD,14,29,340,32,2,0.05,2019-02-04,2019-06-21,2019-06-27,2019-06-28,3135.60,3919.50
"SO - 0003397",In-Store,WARE-XYS1001,USD,7,5,8,46,1,0.05,2019-02-04,2019-06-21,2019-07-09,2019-07-17,142.71,201.00
"SO - 0003398",Distributor,WARE-NMK1003,USD,20,43,185,23,6,0.3,2019-02-04,2019-06-21,2019-06-25,2019-06-29,622.30,864.30
"SO - 0003399",In-Store,WARE-MKL1006,USD,1,20,344,12,1,0.08,2019-02-04,2019-06-21,2019-06-26,2019-07-02,814.72,1072.00
"SO - 0003400",In-Store,WARE-NMK1003,USD,5,10,157,35,2,0.08,2019-02-04,2019-06-21,2019-07-09,2019-07-19,645.75,817.40
"SO - 0003401",Wholesale,WARE-NMK1003,USD,27,38,96,43,4,0.1,2019-02-04,2019-06-22,2019-07-09,2019-07-14,2801.87,3946.30
"SO - 0003402",Online,WARE-PUJ1005,USD,17,32,287,29,3,0.15,2019-02-04,2019-06-22,2019-06-27,2019-06-28,412.72,737.00
"SO - 0003403",Distributor,WARE-NMK1003,USD,21,47,131,11,6,0.05,2019-02-04,2019-06-22,2019-07-06,2019-07-10,1356.48,2559.40
"SO - 0003404",In-Store,WARE-UHY1004,USD,4,10,245,43,3,0.05,2019-02-04,2019-06-22,2019-07-09,2019-07-10,2921.74,6351.60
"SO - 0003405",Wholesale,WARE-NMK1003,USD,26,8,115,10,1,0.15,2019-05-15,2019-06-22,2019-06-24,2019-07-03,3719.17,5721.80
"SO - 0003406",Online,WARE-UHY1004,USD,14,24,207,19,2,0.15,2019-02-04,2019-06-22,2019-07-17,2019-07-23,4296.04,6137.20
"SO - 0003407",Distributor,WARE-NMK1003,USD,22,30,160,1,5,0.1,2019-02-04,2019-06-22,2019-07-05,2019-07-13,198.59,261.30
"SO - 0003408",In-Store,WARE-NMK1003,USD,8,40,146,15,8,0.08,2019-02-04,2019-06-23,2019-07-07,2019-07-11,2900.43,3919.50
"SO - 0003409",In-Store,WARE-NMK1003,USD,2,37,175,45,7,0.3,2019-02-04,2019-06-23,2019-07-14,2019-07-24,919.51,1259.60
"SO - 0003410",In-Store,WARE-NMK1003,USD,11,38,98,34,5,0.1,2019-02-04,2019-06-23,2019-07-05,2019-07-06,1532.96,2358.40
"SO - 0003411",In-Store,WARE-MKL1006,USD,10,45,364,41,4,0.05,2019-02-04,2019-06-23,2019-07-21,2019-07-30,1443.85,2887.70
"SO - 0003412",Distributor,WARE-MKL1006,USD,23,42,359,36,5,0.05,2019-05-15,2019-06-23,2019-06-30,2019-07-06,628.53,1065.30
"SO - 0003413",Distributor,WARE-NBV1002,USD,22,5,86,43,3,0.3,2019-02-04,2019-06-23,2019-06-28,2019-07-01,2503.46,5326.50
"SO - 0003414",Online,WARE-PUJ1005,USD,17,31,280,10,8,0.05,2019-02-04,2019-06-23,2019-06-28,2019-07-04,1540.67,3423.70
"SO - 0003415",In-Store,WARE-NMK1003,USD,1,45,172,25,2,0.4,2019-02-04,2019-06-24,2019-07-08,2019-07-12,1823.27,3879.30
"SO - 0003416",In-Store,WARE-PUJ1005,USD,9,22,328,27,3,0.3,2019-02-04,2019-06-24,2019-07-05,2019-07-12,3258.75,3926.20
"SO - 0003417",In-Store,WARE-UHY1004,USD,3,44,254,23,4,0.2,2019-02-04,2019-06-24,2019-06-26,2019-07-01,798.64,998.30
"SO - 0003418",Online,WARE-XYS1001,USD,16,40,9,36,8,0.05,2019-02-04,2019-06-24,2019-07-01,2019-07-08,523.20,917.90
"SO - 0003419",Online,WARE-XYS1001,USD,16,46,6,12,6,0.08,2019-02-04,2019-06-25,2019-06-29,2019-07-06,637.30,1098.80
"SO - 0003420",In-Store,WARE-NMK1003,USD,12,44,188,21,2,0.4,2019-02-04,2019-06-25,2019-07-06,2019-07-10,2515.72,3993.20
"SO - 0003421",Distributor,WARE-NMK1003,USD,25,14,113,40,5,0.05,2019-02-04,2019-06-25,2019-07-10,2019-07-12,1640.56,2485.70
"SO - 0003422",In-Store,WARE-XYS1001,USD,8,33,5,44,2,0.08,2019-02-04,2019-06-25,2019-06-29,2019-07-03,121.61,221.10
"SO - 0003423",Online,WARE-PUJ1005,USD,15,26,298,8,2,0.05,2019-02-04,2019-06-25,2019-07-12,2019-07-16,1566.46,2237.80
"SO - 0003424",Online,WARE-XYS1001,USD,18,40,40,34,7,0.3,2019-02-04,2019-06-25,2019-07-13,2019-07-14,1391.59,2244.50
"SO - 0003425",In-Store,WARE-PUJ1005,USD,11,24,300,15,8,0.15,2019-02-04,2019-06-25,2019-07-05,2019-07-14,449.57,737.00
"SO - 0003426",Online,WARE-PUJ1005,USD,15,18,300,42,4,0.2,2019-02-04,2019-06-26,2019-06-28,2019-07-06,1279.37,2244.50
"SO - 0003427",Online,WARE-UHY1004,USD,20,36,236,29,8,0.05,2019-05-15,2019-06-26,2019-07-14,2019-07-17,2767.10,3953.00
"SO - 0003428",Online,WARE-XYS1001,USD,13,27,48,39,7,0.4,2019-05-15,2019-06-26,2019-06-29,2019-07-03,2251.20,4020.00
"SO - 0003429",Wholesale,WARE-NMK1003,USD,28,29,168,45,4,0.08,2019-02-04,2019-06-26,2019-07-13,2019-07-15,3911.26,6411.90
"SO - 0003430",Distributor,WARE-XYS1001,USD,21,24,18,18,1,0.1,2019-02-04,2019-06-26,2019-07-15,2019-07-21,1354.47,1782.20
"SO - 0003431",In-Store,WARE-PUJ1005,USD,7,19,272,3,3,0.1,2019-02-04,2019-06-26,2019-06-28,2019-07-04,549.07,998.30
"SO - 0003432",Online,WARE-UHY1004,USD,18,37,257,43,8,0.05,2019-05-15,2019-06-26,2019-07-02,2019-07-05,568.16,710.20
"SO - 0003433",In-Store,WARE-NMK1003,USD,7,30,149,27,8,0.15,2019-02-04,2019-06-26,2019-07-20,2019-07-26,154.90,227.80
"SO - 0003434",Distributor,WARE-NMK1003,USD,23,35,177,8,1,0.15,2019-05-15,2019-06-26,2019-07-19,2019-07-28,724.40,1065.30
"SO - 0003435",Online,WARE-PUJ1005,USD,18,49,312,4,6,0.1,2019-02-04,2019-06-26,2019-06-30,2019-07-03,120.06,214.40
"SO - 0003436",Distributor,WARE-NMK1003,USD,22,17,145,43,1,0.08,2019-02-04,2019-06-26,2019-06-30,2019-07-06,836.16,1286.40
"SO - 0003437",In-Store,WARE-NMK1003,USD,3,44,182,34,5,0.08,2019-02-04,2019-06-26,2019-07-15,2019-07-19,715.29,1051.90
"SO - 0003438",Online,WARE-MKL1006,USD,14,45,345,27,4,0.1,2019-02-04,2019-06-27,2019-07-05,2019-07-12,3849.22,5272.90
"SO - 0003439",In-Store,WARE-UHY1004,USD,3,26,206,26,8,0.1,2019-02-04,2019-06-27,2019-07-16,2019-07-20,835.09,1018.40
"SO - 0003440",In-Store,WARE-NMK1003,USD,6,31,96,30,6,0.4,2019-02-04,2019-06-27,2019-07-02,2019-07-06,2117.87,3651.50
"SO - 0003441",Online,WARE-XYS1001,USD,14,30,56,10,4,0.2,2019-02-04,2019-06-27,2019-07-14,2019-07-15,1759.22,2284.70
"SO - 0003442",Online,WARE-NMK1003,USD,17,16,161,12,2,0.05,2019-02-04,2019-06-27,2019-07-08,2019-07-17,3061.63,6378.40
"SO - 0003443",In-Store,WARE-PUJ1005,USD,10,38,325,14,6,0.15,2019-05-15,2019-06-28,2019-07-06,2019-07-15,4661.12,6385.10
"SO - 0003444",Wholesale,WARE-XYS1001,USD,28,32,27,16,7,0.1,2019-02-04,2019-06-28,2019-07-19,2019-07-25,3900.20,5065.20
"SO - 0003445",Wholesale,WARE-UHY1004,USD,27,31,228,32,6,0.08,2019-02-04,2019-06-28,2019-07-20,2019-07-25,586.12,1085.40
"SO - 0003446",Wholesale,WARE-UHY1004,USD,28,10,213,17,1,0.08,2019-02-04,2019-06-28,2019-07-07,2019-07-11,1760.76,2445.50
"SO - 0003447",In-Store,WARE-XYS1001,USD,8,31,31,32,7,0.05,2019-02-04,2019-06-28,2019-07-19,2019-07-29,131.39,247.90
"SO - 0003448",In-Store,WARE-PUJ1005,USD,9,45,313,15,7,0.05,2019-02-04,2019-06-28,2019-07-02,2019-07-04,825.44,1072.00
"SO - 0003449",Distributor,WARE-NMK1003,USD,23,29,144,24,4,0.08,2019-02-04,2019-06-28,2019-07-07,2019-07-12,1429.78,2599.60
"SO - 0003450",In-Store,WARE-NBV1002,USD,6,20,68,37,6,0.15,2019-02-04,2019-06-28,2019-07-13,2019-07-18,178.22,254.60
"SO - 0003451",In-Store,WARE-PUJ1005,USD,10,48,277,38,2,0.08,2019-02-04,2019-06-28,2019-07-22,2019-07-24,3890.82,6378.40
"SO - 0003452",Wholesale,WARE-UHY1004,USD,28,8,233,43,2,0.08,2019-05-15,2019-06-28,2019-07-26,2019-07-30,164.62,261.30
"SO - 0003453",In-Store,WARE-MKL1006,USD,10,10,340,46,7,0.1,2019-02-04,2019-06-29,2019-07-15,2019-07-18,1969.80,2345.00
"SO - 0003454",In-Store,WARE-NBV1002,USD,1,30,71,39,4,0.05,2019-05-15,2019-06-29,2019-07-09,2019-07-19,670.00,1675.00
"SO - 0003455",Distributor,WARE-XYS1001,USD,22,24,53,32,3,0.05,2019-05-15,2019-06-29,2019-07-15,2019-07-16,1130.63,2512.50
"SO - 0003456",In-Store,WARE-NMK1003,USD,11,32,176,35,4,0.05,2019-02-04,2019-06-29,2019-07-24,2019-07-31,2905.39,3926.20
"SO - 0003457",In-Store,WARE-UHY1004,USD,11,45,220,29,8,0.08,2019-02-04,2019-06-29,2019-07-26,2019-08-02,4239.69,5366.70
"SO - 0003458",Online,WARE-PUJ1005,USD,17,17,292,43,1,0.1,2019-05-15,2019-06-29,2019-07-25,2019-07-30,623.17,877.70
"SO - 0003459",In-Store,WARE-PUJ1005,USD,8,47,270,32,6,0.08,2019-02-04,2019-06-29,2019-07-03,2019-07-07,539.89,1058.60
"SO - 0003460",In-Store,WARE-PUJ1005,USD,11,19,275,3,6,0.08,2019-02-04,2019-06-29,2019-07-19,2019-07-27,493.12,1072.00
"SO - 0003461",Wholesale,WARE-MKL1006,USD,27,29,329,40,5,0.08,2019-02-04,2019-06-30,2019-07-03,2019-07-12,2543.32,3912.80
"SO - 0003462",In-Store,WARE-PUJ1005,USD,10,39,305,38,1,0.1,2019-02-04,2019-06-30,2019-07-25,2019-07-28,107.07,227.80
"SO - 0003463",Wholesale,WARE-XYS1001,USD,27,29,30,21,2,0.08,2019-02-04,2019-06-30,2019-07-08,2019-07-17,558.11,1139.00
"SO - 0003464",Distributor,WARE-UHY1004,USD,25,47,223,28,6,0.05,2019-02-04,2019-06-30,2019-07-07,2019-07-14,98.49,201.00
"SO - 0003465",In-Store,WARE-PUJ1005,USD,11,35,326,44,4,0.08,2019-05-15,2019-06-30,2019-07-27,2019-08-01,799.65,1038.50
"SO - 0003466",Distributor,WARE-NMK1003,USD,24,12,155,39,5,0.3,2019-02-04,2019-06-30,2019-07-10,2019-07-11,142.58,254.60
"SO - 0003467",In-Store,WARE-PUJ1005,USD,11,44,320,40,6,0.1,2019-02-04,2019-06-30,2019-07-18,2019-07-21,518.71,1058.60
"SO - 0003468",In-Store,WARE-PUJ1005,USD,3,10,292,17,5,0.1,2019-05-15,2019-07-01,2019-07-27,2019-08-04,198.32,247.90
"SO - 0003469",Online,WARE-MKL1006,USD,15,34,332,3,7,0.05,2019-02-04,2019-07-01,2019-07-03,2019-07-11,481.80,1025.10
"SO - 0003470",In-Store,WARE-PUJ1005,USD,2,19,320,22,1,0.08,2019-02-04,2019-07-01,2019-07-22,2019-07-24,3700.54,5782.10
"SO - 0003471",Wholesale,WARE-NMK1003,USD,28,25,97,9,8,0.2,2019-05-15,2019-07-01,2019-07-12,2019-07-22,462.84,1051.90
"SO - 0003472",Distributor,WARE-UHY1004,USD,21,26,237,45,8,0.08,2019-02-04,2019-07-01,2019-07-22,2019-07-25,379.89,844.20
"SO - 0003473",In-Store,WARE-NMK1003,USD,10,20,189,35,2,0.1,2019-02-04,2019-07-01,2019-07-09,2019-07-15,2026.08,2412.00
"SO - 0003474",Distributor,WARE-PUJ1005,USD,21,18,293,10,7,0.05,2019-05-15,2019-07-02,2019-07-20,2019-07-28,804.80,1031.80
"SO - 0003475",Distributor,WARE-NMK1003,USD,24,21,172,36,1,0.1,2019-02-04,2019-07-02,2019-07-28,2019-08-03,3410.37,5983.10
"SO - 0003476",Distributor,WARE-NMK1003,USD,22,12,128,47,7,0.05,2019-02-04,2019-07-02,2019-07-25,2019-08-02,697.87,830.80
"SO - 0003477",Online,WARE-PUJ1005,USD,17,1,262,23,8,0.1,2019-02-04,2019-07-02,2019-07-05,2019-07-12,633.42,1092.10
"SO - 0003478",In-Store,WARE-NMK1003,USD,5,24,193,30,3,0.2,2019-02-04,2019-07-02,2019-07-17,2019-07-25,718.31,1011.70
"SO - 0003479",In-Store,WARE-UHY1004,USD,11,25,208,33,3,0.08,2019-05-15,2019-07-02,2019-07-06,2019-07-14,1186.10,1882.70
"SO - 0003480",Wholesale,WARE-NMK1003,USD,27,8,171,37,2,0.08,2019-02-04,2019-07-02,2019-07-26,2019-08-05,914.62,1252.90
"SO - 0003481",Distributor,WARE-NMK1003,USD,24,6,140,31,8,0.2,2019-02-04,2019-07-02,2019-07-09,2019-07-11,1435.14,1708.50
"SO - 0003482",In-Store,WARE-PUJ1005,USD,3,37,268,35,1,0.1,2019-05-15,2019-07-02,2019-07-21,2019-07-25,954.75,1273.00
"SO - 0003483",Online,WARE-UHY1004,USD,17,3,219,38,2,0.15,2019-02-04,2019-07-02,2019-07-22,2019-07-30,1341.34,2438.80
"SO - 0003484",In-Store,WARE-UHY1004,USD,10,27,255,15,1,0.1,2019-02-04,2019-07-02,2019-07-19,2019-07-28,1745.28,3061.90
"SO - 0003485",Distributor,WARE-MKL1006,USD,23,2,360,28,6,0.15,2019-02-04,2019-07-02,2019-07-28,2019-08-04,1224.76,3061.90
"SO - 0003486",In-Store,WARE-NMK1003,USD,1,6,119,24,1,0.05,2019-05-15,2019-07-02,2019-07-16,2019-07-23,142.38,167.50
"SO - 0003487",Online,WARE-PUJ1005,USD,14,47,323,2,6,0.15,2019-02-04,2019-07-02,2019-07-16,2019-07-18,3234.49,3993.20
"SO - 0003488",In-Store,WARE-PUJ1005,USD,3,10,326,21,5,0.1,2019-02-04,2019-07-02,2019-07-23,2019-07-24,585.31,1125.60
"SO - 0003489",Distributor,WARE-NMK1003,USD,24,17,191,4,3,0.08,2019-02-04,2019-07-02,2019-07-18,2019-07-19,846.14,1159.10
"SO - 0003490",Online,WARE-UHY1004,USD,14,29,222,32,1,0.08,2019-02-04,2019-07-02,2019-07-18,2019-07-25,810.03,1038.50
"SO - 0003491",Online,WARE-UHY1004,USD,16,33,220,39,4,0.1,2019-02-04,2019-07-03,2019-07-16,2019-07-26,135.07,214.40
"SO - 0003492",Online,WARE-NMK1003,USD,15,47,116,16,7,0.15,2019-02-04,2019-07-03,2019-07-26,2019-08-04,804.40,1748.70
"SO - 0003493",Online,WARE-PUJ1005,USD,19,38,275,43,1,0.05,2019-02-04,2019-07-03,2019-07-31,2019-08-06,1445.39,2834.10
"SO - 0003494",Wholesale,WARE-UHY1004,USD,27,39,232,46,7,0.08,2019-05-15,2019-07-03,2019-07-08,2019-07-09,953.21,2324.90
"SO - 0003495",Wholesale,WARE-UHY1004,USD,26,43,227,45,1,0.3,2019-02-04,2019-07-03,2019-07-13,2019-07-20,1470.72,1815.70
"SO - 0003496",Online,WARE-NBV1002,USD,17,5,68,9,3,0.1,2019-05-15,2019-07-03,2019-07-10,2019-07-18,99.43,187.60
"SO - 0003497",In-Store,WARE-UHY1004,USD,10,11,224,37,2,0.2,2019-02-04,2019-07-03,2019-07-09,2019-07-12,505.45,1232.80
"SO - 0003498",Online,WARE-PUJ1005,USD,17,38,326,12,5,0.08,2019-05-15,2019-07-03,2019-07-11,2019-07-15,498.88,978.20
"SO - 0003499",In-Store,WARE-UHY1004,USD,7,1,211,27,4,0.05,2019-02-04,2019-07-04,2019-07-13,2019-07-15,914.55,1172.50
"SO - 0003500",In-Store,WARE-NMK1003,USD,8,28,147,9,1,0.15,2019-02-04,2019-07-04,2019-07-11,2019-07-20,442.20,1105.50
"SO - 0003501",Online,WARE-MKL1006,USD,20,10,350,25,5,0.08,2019-05-15,2019-07-04,2019-07-21,2019-07-28,1739.05,2760.40
"SO - 0003502",Online,WARE-XYS1001,USD,17,47,53,10,1,0.05,2019-05-15,2019-07-04,2019-07-14,2019-07-20,134.00,268.00
"SO - 0003503",In-Store,WARE-NBV1002,USD,6,21,74,20,7,0.1,2019-02-04,2019-07-04,2019-07-29,2019-08-03,984.50,1246.20
"SO - 0003504",Online,WARE-UHY1004,USD,15,42,214,31,1,0.05,2019-05-15,2019-07-05,2019-07-09,2019-07-10,1441.71,2720.20
"SO - 0003505",Online,WARE-NMK1003,USD,19,13,174,17,4,0.4,2019-02-04,2019-07-05,2019-07-23,2019-08-01,962.46,1132.30
"SO - 0003506",Online,WARE-UHY1004,USD,19,21,229,9,2,0.15,2019-02-04,2019-07-05,2019-07-12,2019-07-17,494.39,1051.90
"SO - 0003507",In-Store,WARE-MKL1006,USD,6,16,329,16,3,0.2,2019-05-15,2019-07-05,2019-07-21,2019-07-22,556.10,1112.20
"SO - 0003508",In-Store,WARE-NMK1003,USD,9,21,124,29,5,0.05,2019-02-04,2019-07-05,2019-07-08,2019-07-16,2953.36,3886.00
"SO - 0003509",In-Store,WARE-MKL1006,USD,7,45,339,30,2,0.1,2019-02-04,2019-07-05,2019-08-02,2019-08-08,1834.46,2479.00
"SO - 0003510",Online,WARE-NMK1003,USD,15,24,139,10,1,0.15,2019-02-04,2019-07-05,2019-07-24,2019-07-29,542.70,1085.40
"SO - 0003511",In-Store,WARE-UHY1004,USD,5,21,209,3,6,0.08,2019-02-04,2019-07-05,2019-07-22,2019-07-23,369.04,683.40
"SO - 0003512",Wholesale,WARE-PUJ1005,USD,26,26,281,18,1,0.05,2019-02-04,2019-07-05,2019-07-21,2019-07-25,415.67,944.70
"SO - 0003513",In-Store,WARE-UHY1004,USD,7,33,208,32,4,0.08,2019-02-04,2019-07-06,2019-07-15,2019-07-24,648.02,1045.20
"SO - 0003514",In-Store,WARE-MKL1006,USD,5,18,343,14,7,0.2,2019-05-15,2019-07-06,2019-08-03,2019-08-04,626.58,1118.90
"SO - 0003515",Online,WARE-UHY1004,USD,19,30,257,13,3,0.1,2019-05-15,2019-07-06,2019-07-24,2019-07-25,782.56,1956.40
"SO - 0003516",Online,WARE-NBV1002,USD,17,42,83,26,8,0.4,2019-05-15,2019-07-06,2019-08-02,2019-08-12,434.16,1085.40
"SO - 0003517",Distributor,WARE-PUJ1005,USD,23,20,321,46,1,0.1,2019-05-15,2019-07-06,2019-07-22,2019-07-29,934.25,1112.20
"SO - 0003518",Distributor,WARE-NBV1002,USD,20,12,67,6,3,0.05,2019-02-04,2019-07-06,2019-07-29,2019-08-02,146.26,247.90
"SO - 0003519",In-Store,WARE-UHY1004,USD,12,40,249,37,4,0.05,2019-02-04,2019-07-07,2019-07-11,2019-07-18,728.96,1139.00
"SO - 0003520",In-Store,WARE-NMK1003,USD,10,41,133,12,1,0.4,2019-05-15,2019-07-07,2019-08-04,2019-08-05,633.49,1038.50
"SO - 0003521",Distributor,WARE-NMK1003,USD,23,46,179,25,3,0.05,2019-02-04,2019-07-07,2019-07-15,2019-07-16,841.39,1078.70
"SO - 0003522",In-Store,WARE-NMK1003,USD,5,29,191,39,3,0.08,2019-05-15,2019-07-07,2019-07-14,2019-07-19,2270.90,3604.60
"SO - 0003523",Distributor,WARE-NMK1003,USD,23,16,141,3,7,0.08,2019-05-15,2019-07-07,2019-07-15,2019-07-16,531.31,871.00
"SO - 0003524",Wholesale,WARE-NMK1003,USD,28,47,132,26,3,0.05,2019-02-04,2019-07-07,2019-07-18,2019-07-28,512.15,984.90
"SO - 0003525",Online,WARE-NMK1003,USD,18,39,153,21,8,0.2,2019-02-04,2019-07-07,2019-07-29,2019-08-08,4552.25,5989.80
"SO - 0003526",Wholesale,WARE-NBV1002,USD,27,28,86,47,5,0.1,2019-05-15,2019-07-07,2019-07-21,2019-07-26,616.27,978.20
"SO - 0003527",Wholesale,WARE-XYS1001,USD,27,8,1,5,7,0.1,2019-05-15,2019-07-07,2019-07-23,2019-07-26,1429.51,1701.80
"SO - 0003528",Online,WARE-NMK1003,USD,12,24,170,6,8,0.15,2019-02-04,2019-07-07,2019-07-10,2019-07-19,1080.58,1688.40
"SO - 0003529",In-Store,WARE-NMK1003,USD,6,16,177,44,5,0.05,2019-05-15,2019-07-08,2019-07-18,2019-07-21,1065.97,2479.00
"SO - 0003530",Wholesale,WARE-XYS1001,USD,26,42,57,4,6,0.05,2019-05-15,2019-07-08,2019-07-19,2019-07-27,175.81,214.40
"SO - 0003531",Online,WARE-XYS1001,USD,15,41,43,14,6,0.3,2019-02-04,2019-07-08,2019-08-01,2019-08-04,1046.54,1902.80
"SO - 0003532",In-Store,WARE-PUJ1005,USD,12,11,272,14,4,0.05,2019-02-04,2019-07-08,2019-07-28,2019-08-01,214.40,268.00
"SO - 0003533",In-Store,WARE-XYS1001,USD,4,5,16,19,8,0.15,2019-02-04,2019-07-08,2019-07-23,2019-07-24,725.21,884.40
"SO - 0003534",Online,WARE-NMK1003,USD,15,32,197,1,7,0.1,2019-02-04,2019-07-08,2019-07-26,2019-08-05,939.88,1118.90
"SO - 0003535",Online,WARE-XYS1001,USD,16,10,9,38,4,0.08,2019-02-04,2019-07-08,2019-07-30,2019-08-05,1462.61,1976.50
"SO - 0003536",In-Store,WARE-XYS1001,USD,6,41,38,8,5,0.1,2019-05-15,2019-07-09,2019-07-27,2019-08-03,3526.55,6411.90
"SO - 0003537",Online,WARE-MKL1006,USD,15,18,341,38,5,0.08,2019-02-04,2019-07-09,2019-07-26,2019-08-04,870.20,1279.70
"SO - 0003538",In-Store,WARE-NBV1002,USD,9,1,73,43,2,0.05,2019-02-04,2019-07-09,2019-07-25,2019-07-30,831.00,1051.90
"SO - 0003539",Online,WARE-NMK1003,USD,20,42,120,1,1,0.05,2019-02-04,2019-07-09,2019-07-31,2019-08-01,1020.28,1889.40
"SO - 0003540",Online,WARE-UHY1004,USD,20,49,209,6,2,0.05,2019-02-04,2019-07-09,2019-07-28,2019-08-07,528.56,1078.70
"SO - 0003541",Online,WARE-UHY1004,USD,13,48,239,17,2,0.15,2019-02-04,2019-07-09,2019-07-11,2019-07-16,1678.89,2505.80
"SO - 0003542",Online,WARE-MKL1006,USD,15,13,339,10,5,0.15,2019-05-15,2019-07-10,2019-07-29,2019-08-04,1708.50,2847.50
"SO - 0003543",In-Store,WARE-PUJ1005,USD,10,15,275,17,2,0.05,2019-05-15,2019-07-10,2019-07-16,2019-07-17,1445.86,2780.50
"SO - 0003544",Distributor,WARE-PUJ1005,USD,23,12,286,23,7,0.05,2019-02-04,2019-07-10,2019-07-29,2019-08-02,1249.95,2358.40
"SO - 0003545",In-Store,WARE-PUJ1005,USD,2,17,313,18,3,0.05,2019-05-15,2019-07-10,2019-08-02,2019-08-07,4680.69,6411.90
"SO - 0003546",In-Store,WARE-XYS1001,USD,8,38,31,4,6,0.08,2019-02-04,2019-07-10,2019-07-20,2019-07-23,469.94,1118.90
"SO - 0003547",Distributor,WARE-NBV1002,USD,22,50,80,12,2,0.1,2019-05-15,2019-07-10,2019-08-05,2019-08-15,3431.74,5279.60
"SO - 0003548",Wholesale,WARE-PUJ1005,USD,26,41,278,24,6,0.15,2019-05-15,2019-07-10,2019-07-16,2019-07-26,644.88,1172.50
"SO - 0003549",Distributor,WARE-XYS1001,USD,25,49,5,20,8,0.1,2019-05-15,2019-07-10,2019-07-16,2019-07-19,480.79,1045.20
"SO - 0003550",Online,WARE-UHY1004,USD,14,1,203,41,5,0.05,2019-05-15,2019-07-10,2019-08-07,2019-08-08,635.56,1025.10
"SO - 0003551",In-Store,WARE-NBV1002,USD,10,49,71,21,6,0.1,2019-02-04,2019-07-10,2019-08-04,2019-08-11,3577.40,5420.30
"SO - 0003552",Distributor,WARE-MKL1006,USD,25,37,343,27,2,0.05,2019-02-04,2019-07-11,2019-07-26,2019-07-30,616.27,844.20
"SO - 0003553",In-Store,WARE-NMK1003,USD,9,42,151,32,4,0.15,2019-02-04,2019-07-11,2019-07-17,2019-07-19,3241.73,3859.20
"SO - 0003554",Online,WARE-PUJ1005,USD,14,45,303,47,5,0.1,2019-05-15,2019-07-11,2019-08-01,2019-08-08,2232.44,3986.50
"SO - 0003555",In-Store,WARE-NMK1003,USD,10,15,92,22,5,0.15,2019-05-15,2019-07-12,2019-08-07,2019-08-14,859.68,1829.10
"SO - 0003556",Wholesale,WARE-NMK1003,USD,26,11,151,28,8,0.3,2019-02-04,2019-07-12,2019-07-25,2019-07-26,1455.24,2425.40
"SO - 0003557",Online,WARE-NMK1003,USD,13,14,112,33,2,0.15,2019-02-04,2019-07-12,2019-07-17,2019-07-21,679.58,1078.70
"SO - 0003558",Distributor,WARE-NMK1003,USD,22,5,153,2,7,0.1,2019-02-04,2019-07-12,2019-08-03,2019-08-13,2423.79,3189.20
"SO - 0003559",Distributor,WARE-PUJ1005,USD,22,18,328,20,7,0.05,2019-05-15,2019-07-12,2019-08-01,2019-08-08,664.77,810.70
"SO - 0003560",In-Store,WARE-NMK1003,USD,1,18,173,37,4,0.05,2019-02-04,2019-07-12,2019-07-24,2019-07-30,2062.26,3819.00
"SO - 0003561",Wholesale,WARE-NMK1003,USD,27,7,151,6,8,0.08,2019-02-04,2019-07-13,2019-07-28,2019-08-03,2566.37,3564.40
"SO - 0003562",Distributor,WARE-NMK1003,USD,22,48,187,47,1,0.05,2019-05-15,2019-07-13,2019-07-29,2019-08-07,1011.23,2351.70
"SO - 0003563",Online,WARE-UHY1004,USD,15,33,239,2,1,0.3,2019-02-04,2019-07-13,2019-07-28,2019-08-03,827.72,1165.80
"SO - 0003564",Online,WARE-NMK1003,USD,20,48,127,28,7,0.05,2019-02-04,2019-07-13,2019-07-30,2019-08-04,633.95,1112.20
"SO - 0003565",Online,WARE-UHY1004,USD,12,50,215,45,5,0.1,2019-05-15,2019-07-13,2019-08-07,2019-08-09,623.17,877.70
"SO - 0003566",In-Store,WARE-PUJ1005,USD,7,26,305,47,6,0.15,2019-05-15,2019-07-14,2019-08-05,2019-08-07,1431.12,1788.90
"SO - 0003567",Distributor,WARE-NMK1003,USD,22,37,145,41,3,0.08,2019-02-04,2019-07-14,2019-08-07,2019-08-10,1374.84,2546.00
"SO - 0003568",Online,WARE-NBV1002,USD,13,37,87,42,2,0.05,2019-05-15,2019-07-14,2019-08-07,2019-08-17,1725.92,2465.60
"SO - 0003569",Wholesale,WARE-PUJ1005,USD,27,43,291,42,1,0.15,2019-05-15,2019-07-14,2019-07-17,2019-07-24,4228.97,5956.30
"SO - 0003570",Online,WARE-PUJ1005,USD,16,34,296,46,5,0.05,2019-05-15,2019-07-14,2019-08-08,2019-08-11,686.08,1072.00
"SO - 0003571",Online,WARE-MKL1006,USD,16,19,337,41,8,0.1,2019-05-15,2019-07-14,2019-07-17,2019-07-22,674.96,978.20
"SO - 0003572",In-Store,WARE-UHY1004,USD,6,33,212,20,5,0.2,2019-05-15,2019-07-14,2019-07-26,2019-08-05,79.60,180.90
"SO - 0003573",Distributor,WARE-NMK1003,USD,21,41,112,46,1,0.05,2019-02-04,2019-07-14,2019-07-20,2019-07-28,428.80,857.60
"SO - 0003574",Online,WARE-MKL1006,USD,15,41,345,40,1,0.08,2019-02-04,2019-07-14,2019-08-01,2019-08-11,3740.95,5755.30
"SO - 0003575",Distributor,WARE-PUJ1005,USD,22,3,281,4,8,0.08,2019-02-04,2019-07-14,2019-07-24,2019-07-29,1988.56,2485.70
"SO - 0003576",In-Store,WARE-NMK1003,USD,9,30,199,25,1,0.1,2019-05-15,2019-07-15,2019-07-28,2019-08-06,639.58,864.30
"SO - 0003577",In-Store,WARE-XYS1001,USD,8,17,54,24,8,0.08,2019-02-04,2019-07-15,2019-07-18,2019-07-25,498.61,817.40
"SO - 0003578",In-Store,WARE-NMK1003,USD,10,25,170,37,5,0.08,2019-02-04,2019-07-15,2019-07-19,2019-07-20,675.03,1038.50
"SO - 0003579",In-Store,WARE-NMK1003,USD,7,32,114,36,4,0.15,2019-02-04,2019-07-15,2019-07-17,2019-07-26,928.29,1092.10
"SO - 0003580",Online,WARE-PUJ1005,USD,14,13,302,6,3,0.08,2019-02-04,2019-07-15,2019-07-27,2019-08-05,1912.85,3825.70
"SO - 0003581",Online,WARE-PUJ1005,USD,15,20,296,8,2,0.1,2019-02-04,2019-07-15,2019-07-21,2019-07-24,128.98,167.50
"SO - 0003582",Distributor,WARE-NBV1002,USD,21,24,80,42,7,0.08,2019-05-15,2019-07-15,2019-08-09,2019-08-13,2127.38,3939.60
"SO - 0003583",In-Store,WARE-XYS1001,USD,2,19,30,26,5,0.15,2019-02-04,2019-07-15,2019-08-05,2019-08-06,167.23,261.30
"SO - 0003584",In-Store,WARE-UHY1004,USD,9,12,235,37,5,0.15,2019-05-15,2019-07-15,2019-07-22,2019-07-25,1454.97,2385.20
"SO - 0003585",In-Store,WARE-NBV1002,USD,11,10,71,18,1,0.4,2019-05-15,2019-07-15,2019-08-02,2019-08-12,3131.38,3865.90
"SO - 0003586",In-Store,WARE-PUJ1005,USD,12,2,294,42,5,0.05,2019-05-15,2019-07-16,2019-08-02,2019-08-07,1571.28,3832.40
"SO - 0003587",In-Store,WARE-NMK1003,USD,11,1,129,1,2,0.1,2019-02-04,2019-07-16,2019-07-29,2019-08-05,2658.23,3852.50
"SO - 0003588",Online,WARE-XYS1001,USD,13,26,2,17,1,0.08,2019-02-04,2019-07-16,2019-07-22,2019-07-27,137.22,214.40
"SO - 0003589",Online,WARE-PUJ1005,USD,17,47,303,47,5,0.2,2019-02-04,2019-07-16,2019-07-25,2019-08-04,178.22,254.60
"SO - 0003590",Distributor,WARE-MKL1006,USD,23,22,353,13,5,0.3,2019-02-04,2019-07-16,2019-08-01,2019-08-08,436.84,1092.10
"SO - 0003591",In-Store,WARE-MKL1006,USD,6,20,347,21,2,0.1,2019-02-04,2019-07-17,2019-08-02,2019-08-07,911.74,1688.40
"SO - 0003592",In-Store,WARE-NMK1003,USD,3,1,89,27,2,0.15,2019-05-15,2019-07-17,2019-08-04,2019-08-08,1269.11,3021.70
"SO - 0003593",Online,WARE-NMK1003,USD,19,42,110,8,8,0.4,2019-02-04,2019-07-17,2019-07-25,2019-08-01,2866.13,3926.20
"SO - 0003594",In-Store,WARE-NBV1002,USD,2,34,84,31,1,0.15,2019-02-04,2019-07-17,2019-07-27,2019-08-04,1241.85,2257.90
"SO - 0003595",Online,WARE-NMK1003,USD,15,49,124,39,2,0.05,2019-02-04,2019-07-17,2019-08-12,2019-08-21,2172.41,2586.20
"SO - 0003596",In-Store,WARE-PUJ1005,USD,8,28,276,46,1,0.05,2019-02-04,2019-07-17,2019-07-26,2019-07-30,617.87,1065.30
"SO - 0003597",In-Store,WARE-MKL1006,USD,2,31,360,23,5,0.08,2019-02-04,2019-07-17,2019-07-31,2019-08-04,1322.38,3075.30
"SO - 0003598",In-Store,WARE-PUJ1005,USD,4,29,297,16,7,0.05,2019-05-15,2019-07-17,2019-07-19,2019-07-29,547.93,1165.80
"SO - 0003599",Online,WARE-MKL1006,USD,19,48,355,7,3,0.08,2019-05-15,2019-07-17,2019-08-05,2019-08-09,2467.88,5875.90
"SO - 0003600",Wholesale,WARE-XYS1001,USD,27,45,7,10,3,0.08,2019-02-04,2019-07-18,2019-07-26,2019-07-27,145.39,207.70
"SO - 0003601",Wholesale,WARE-MKL1006,USD,26,45,356,18,2,0.1,2019-02-04,2019-07-18,2019-08-05,2019-08-07,872.34,1038.50
"SO - 0003602",In-Store,WARE-PUJ1005,USD,9,47,266,3,1,0.4,2019-02-04,2019-07-18,2019-08-13,2019-08-16,4758.41,6023.30
"SO - 0003603",In-Store,WARE-PUJ1005,USD,4,19,302,42,5,0.05,2019-05-15,2019-07-18,2019-07-24,2019-07-30,501.70,964.80
"SO - 0003604",Distributor,WARE-PUJ1005,USD,25,14,326,20,7,0.4,2019-05-15,2019-07-18,2019-08-02,2019-08-05,1351.93,2371.80
"SO - 0003605",Online,WARE-NMK1003,USD,18,9,107,36,5,0.2,2019-02-04,2019-07-18,2019-08-07,2019-08-15,742.90,884.40
"SO - 0003606",Wholesale,WARE-NBV1002,USD,27,11,77,10,7,0.05,2019-05-15,2019-07-18,2019-08-08,2019-08-12,2058.91,2941.30
"SO - 0003607",In-Store,WARE-NMK1003,USD,6,30,99,37,1,0.05,2019-02-04,2019-07-18,2019-08-04,2019-08-08,1251.09,1762.10
"SO - 0003608",In-Store,WARE-XYS1001,USD,3,45,30,44,3,0.05,2019-02-04,2019-07-18,2019-08-12,2019-08-17,5118.80,6398.50
"SO - 0003609",Wholesale,WARE-NMK1003,USD,27,40,130,42,7,0.2,2019-02-04,2019-07-19,2019-08-11,2019-08-14,1197.49,1963.10
"SO - 0003610",In-Store,WARE-NMK1003,USD,9,4,127,3,1,0.1,2019-02-04,2019-07-19,2019-08-01,2019-08-09,654.26,1038.50
"SO - 0003611",In-Store,WARE-XYS1001,USD,9,49,47,40,7,0.05,2019-05-15,2019-07-19,2019-08-12,2019-08-19,674.36,1226.10
"SO - 0003612",In-Store,WARE-MKL1006,USD,12,47,349,13,1,0.15,2019-05-15,2019-07-19,2019-07-22,2019-07-23,841.39,1219.40
"SO - 0003613",In-Store,WARE-UHY1004,USD,8,17,242,25,6,0.3,2019-05-15,2019-07-19,2019-07-21,2019-07-24,2989.27,5748.60
"SO - 0003614",Distributor,WARE-MKL1006,USD,25,33,350,16,6,0.2,2019-05-15,2019-07-19,2019-07-31,2019-08-03,334.20,777.20
"SO - 0003615",In-Store,WARE-MKL1006,USD,10,45,367,30,3,0.15,2019-02-04,2019-07-19,2019-07-26,2019-07-27,761.86,917.90
"SO - 0003616",In-Store,WARE-NMK1003,USD,8,31,185,16,6,0.15,2019-05-15,2019-07-19,2019-08-15,2019-08-23,462.84,1051.90
"SO - 0003617",In-Store,WARE-PUJ1005,USD,1,10,272,17,5,0.1,2019-02-04,2019-07-19,2019-08-11,2019-08-15,679.38,1132.30
"SO - 0003618",Distributor,WARE-PUJ1005,USD,22,28,269,5,1,0.15,2019-05-15,2019-07-19,2019-07-24,2019-08-02,3020.36,6164.00
"SO - 0003619",In-Store,WARE-PUJ1005,USD,8,45,311,36,4,0.05,2019-02-04,2019-07-19,2019-07-22,2019-07-29,2082.23,2539.30
"SO - 0003620",Distributor,WARE-UHY1004,USD,23,32,246,38,5,0.15,2019-05-15,2019-07-20,2019-08-09,2019-08-15,3792.60,6117.10
"SO - 0003621",Online,WARE-NMK1003,USD,18,19,139,27,1,0.08,2019-02-04,2019-07-20,2019-07-28,2019-08-06,2465.60,3852.50
"SO - 0003622",Online,WARE-UHY1004,USD,14,32,239,39,3,0.05,2019-05-15,2019-07-20,2019-08-02,2019-08-10,2069.50,3832.40
"SO - 0003623",In-Store,WARE-PUJ1005,USD,1,7,300,33,8,0.1,2019-05-15,2019-07-20,2019-08-03,2019-08-10,799.18,1125.60
"SO - 0003624",In-Store,WARE-PUJ1005,USD,7,38,297,43,6,0.05,2019-05-15,2019-07-20,2019-07-24,2019-07-29,1420.80,3088.70
"SO - 0003625",In-Store,WARE-XYS1001,USD,10,29,20,38,6,0.05,2019-05-15,2019-07-20,2019-08-05,2019-08-09,841.19,1038.50
"SO - 0003626",Online,WARE-UHY1004,USD,19,27,219,33,7,0.1,2019-05-15,2019-07-20,2019-08-02,2019-08-08,431.55,757.10
"SO - 0003627",Distributor,WARE-NMK1003,USD,22,9,121,33,7,0.05,2019-05-15,2019-07-20,2019-07-25,2019-07-26,100.77,214.40
"SO - 0003628",In-Store,WARE-NMK1003,USD,10,39,178,17,4,0.05,2019-05-15,2019-07-21,2019-08-14,2019-08-16,607.82,750.40
"SO - 0003629",Online,WARE-UHY1004,USD,16,28,235,12,6,0.2,2019-05-15,2019-07-21,2019-08-17,2019-08-23,606.22,1045.20
"SO - 0003630",Online,WARE-NMK1003,USD,18,43,91,8,6,0.05,2019-02-04,2019-07-21,2019-08-03,2019-08-09,163.21,194.30
"SO - 0003631",In-Store,WARE-NMK1003,USD,1,38,145,9,7,0.08,2019-05-15,2019-07-21,2019-08-13,2019-08-14,147.74,234.50
"SO - 0003632",In-Store,WARE-NMK1003,USD,9,29,175,27,4,0.08,2019-05-15,2019-07-21,2019-08-02,2019-08-03,2698.43,3597.90
"SO - 0003633",Online,WARE-NMK1003,USD,14,32,134,3,4,0.1,2019-05-15,2019-07-21,2019-07-31,2019-08-02,387.39,790.60
"SO - 0003634",Online,WARE-NBV1002,USD,15,17,86,39,5,0.1,2019-05-15,2019-07-21,2019-07-30,2019-08-01,3891.76,6177.40
"SO - 0003635",Online,WARE-NBV1002,USD,18,11,72,7,6,0.08,2019-02-04,2019-07-21,2019-08-18,2019-08-28,544.98,1112.20
"SO - 0003636",Wholesale,WARE-XYS1001,USD,26,30,14,1,1,0.1,2019-02-04,2019-07-21,2019-07-29,2019-08-05,1530.82,1822.40
"SO - 0003637",Online,WARE-XYS1001,USD,19,33,6,46,5,0.05,2019-02-04,2019-07-21,2019-07-28,2019-08-03,302.17,737.00
"SO - 0003638",In-Store,WARE-NMK1003,USD,6,23,189,24,1,0.1,2019-05-15,2019-07-21,2019-07-31,2019-08-06,656.20,790.60
"SO - 0003639",In-Store,WARE-MKL1006,USD,11,40,338,47,7,0.05,2019-05-15,2019-07-21,2019-08-11,2019-08-14,505.85,1011.70
"SO - 0003640",Distributor,WARE-NMK1003,USD,22,20,159,3,2,0.05,2019-05-15,2019-07-22,2019-08-17,2019-08-26,489.64,1165.80
"SO - 0003641",In-Store,WARE-NMK1003,USD,4,44,141,13,2,0.08,2019-02-04,2019-07-22,2019-07-29,2019-08-04,1392.93,2211.00
"SO - 0003642",In-Store,WARE-XYS1001,USD,2,4,7,25,2,0.08,2019-02-04,2019-07-22,2019-07-31,2019-08-10,487.76,750.40
"SO - 0003643",In-Store,WARE-PUJ1005,USD,8,19,306,25,8,0.08,2019-02-04,2019-07-22,2019-07-27,2019-08-04,725.81,1051.90
"SO - 0003644",Distributor,WARE-UHY1004,USD,24,33,247,41,7,0.1,2019-02-04,2019-07-22,2019-08-07,2019-08-17,3201.93,5427.00
"SO - 0003645",Online,WARE-MKL1006,USD,19,23,358,37,3,0.1,2019-02-04,2019-07-22,2019-08-14,2019-08-21,1854.29,2505.80
"SO - 0003646",In-Store,WARE-NMK1003,USD,10,28,200,17,3,0.08,2019-05-15,2019-07-22,2019-07-30,2019-08-03,2624.79,3162.40
"SO - 0003647",Wholesale,WARE-UHY1004,USD,27,22,222,11,1,0.05,2019-05-15,2019-07-22,2019-07-29,2019-08-06,1717.21,3122.20
"SO - 0003648",Online,WARE-UHY1004,USD,13,8,206,28,2,0.15,2019-05-15,2019-07-22,2019-08-14,2019-08-18,450.24,1125.60
"SO - 0003649",In-Store,WARE-MKL1006,USD,9,50,352,21,3,0.05,2019-05-15,2019-07-22,2019-08-01,2019-08-04,1311.86,2385.20
"SO - 0003650",Online,WARE-PUJ1005,USD,16,49,328,16,8,0.15,2019-05-15,2019-07-22,2019-08-17,2019-08-21,2376.09,3832.40
"SO - 0003651",In-Store,WARE-PUJ1005,USD,7,16,327,36,1,0.15,2019-02-04,2019-07-22,2019-08-12,2019-08-17,722.46,1762.10
"SO - 0003652",In-Store,WARE-MKL1006,USD,4,18,344,37,4,0.08,2019-02-04,2019-07-23,2019-07-31,2019-08-02,469.54,978.20
"SO - 0003653",In-Store,WARE-NMK1003,USD,2,15,138,36,6,0.1,2019-05-15,2019-07-23,2019-08-15,2019-08-23,2218.91,3825.70
"SO - 0003654",In-Store,WARE-NMK1003,USD,5,35,98,42,3,0.05,2019-02-04,2019-07-23,2019-08-10,2019-08-18,582.23,737.00
"SO - 0003655",In-Store,WARE-NBV1002,USD,1,27,60,34,3,0.08,2019-05-15,2019-07-23,2019-08-15,2019-08-20,1260.67,1969.80
"SO - 0003656",In-Store,WARE-NBV1002,USD,4,43,74,9,4,0.05,2019-05-15,2019-07-23,2019-08-12,2019-08-15,423.44,1058.60
"SO - 0003657",In-Store,WARE-UHY1004,USD,1,27,214,41,7,0.08,2019-05-15,2019-07-23,2019-07-29,2019-08-08,72.36,180.90
"SO - 0003658",Online,WARE-PUJ1005,USD,15,2,328,37,8,0.3,2019-05-15,2019-07-23,2019-07-26,2019-07-29,1964.98,2519.20
"SO - 0003659",Online,WARE-PUJ1005,USD,16,32,288,33,3,0.08,2019-05-15,2019-07-23,2019-08-12,2019-08-15,2073.11,3839.10
"SO - 0003660",Wholesale,WARE-XYS1001,USD,28,21,30,31,7,0.08,2019-05-15,2019-07-24,2019-08-14,2019-08-22,3814.98,5226.00
"SO - 0003661",Online,WARE-MKL1006,USD,15,25,355,26,1,0.08,2019-05-15,2019-07-24,2019-08-16,2019-08-19,217.08,268.00
"SO - 0003662",In-Store,WARE-MKL1006,USD,4,19,343,31,3,0.08,2019-05-15,2019-07-24,2019-08-02,2019-08-03,1027.78,1742.00
"SO - 0003663",Online,WARE-NMK1003,USD,18,2,124,23,7,0.05,2019-05-15,2019-07-24,2019-08-16,2019-08-19,435.50,871.00
"SO - 0003664",In-Store,WARE-UHY1004,USD,6,3,235,16,1,0.2,2019-05-15,2019-07-24,2019-08-09,2019-08-11,138.82,247.90
"SO - 0003665",Distributor,WARE-PUJ1005,USD,20,13,325,34,2,0.08,2019-02-04,2019-07-24,2019-08-08,2019-08-10,915.96,1869.30
"SO - 0003666",In-Store,WARE-UHY1004,USD,2,21,228,44,6,0.05,2019-05-15,2019-07-24,2019-07-30,2019-08-03,1160.78,2579.50
"SO - 0003667",In-Store,WARE-NBV1002,USD,11,16,73,30,8,0.08,2019-05-15,2019-07-24,2019-07-27,2019-08-05,1212.97,1956.40
"SO - 0003668",Online,WARE-UHY1004,USD,15,20,205,5,1,0.05,2019-05-15,2019-07-24,2019-08-07,2019-08-12,1864.21,2519.20
"SO - 0003669",In-Store,WARE-PUJ1005,USD,11,46,325,44,1,0.4,2019-05-15,2019-07-25,2019-08-02,2019-08-04,597.98,797.30
"SO - 0003670",Online,WARE-UHY1004,USD,19,30,233,42,3,0.08,2019-02-04,2019-07-25,2019-08-04,2019-08-11,3542.02,5366.70
"SO - 0003671",In-Store,WARE-NMK1003,USD,4,30,138,11,3,0.2,2019-05-15,2019-07-25,2019-08-06,2019-08-09,1370.75,3343.30
"SO - 0003672",In-Store,WARE-UHY1004,USD,1,20,229,17,2,0.2,2019-05-15,2019-07-25,2019-08-08,2019-08-13,2836.51,3939.60
"SO - 0003673",Distributor,WARE-XYS1001,USD,24,36,52,21,5,0.08,2019-05-15,2019-07-25,2019-08-17,2019-08-18,1542.74,2659.90
"SO - 0003674",Online,WARE-PUJ1005,USD,13,49,279,42,4,0.1,2019-02-04,2019-07-26,2019-08-04,2019-08-07,405.35,737.00
"SO - 0003675",Online,WARE-UHY1004,USD,13,13,213,39,4,0.08,2019-05-15,2019-07-26,2019-08-01,2019-08-09,2549.22,3108.80
"SO - 0003676",Wholesale,WARE-NMK1003,USD,28,9,192,40,5,0.3,2019-05-15,2019-07-26,2019-08-12,2019-08-17,2191.17,3423.70
"SO - 0003677",In-Store,WARE-NBV1002,USD,8,20,60,10,1,0.05,2019-02-04,2019-07-26,2019-08-06,2019-08-07,121.20,180.90
"SO - 0003678",Online,WARE-PUJ1005,USD,14,12,283,5,8,0.05,2019-05-15,2019-07-26,2019-08-14,2019-08-19,505.45,1232.80
"SO - 0003679",Distributor,WARE-NMK1003,USD,21,47,202,41,7,0.08,2019-05-15,2019-07-26,2019-08-03,2019-08-09,3218.81,6311.40
"SO - 0003680",Online,WARE-PUJ1005,USD,14,7,310,46,4,0.15,2019-05-15,2019-07-26,2019-08-01,2019-08-02,728.96,1072.00
"SO - 0003681",In-Store,WARE-PUJ1005,USD,7,36,278,17,7,0.08,2019-05-15,2019-07-26,2019-08-19,2019-08-24,155.44,268.00
"SO - 0003682",Online,WARE-UHY1004,USD,17,42,210,11,7,0.05,2019-05-15,2019-07-27,2019-08-01,2019-08-06,627.92,951.40
"SO - 0003683",Online,WARE-UHY1004,USD,17,35,235,1,5,0.1,2019-05-15,2019-07-27,2019-08-07,2019-08-13,2203.97,2592.90
"SO - 0003684",Online,WARE-NMK1003,USD,15,23,124,11,6,0.08,2019-05-15,2019-07-27,2019-08-12,2019-08-20,741.82,1159.10
"SO - 0003685",Online,WARE-NBV1002,USD,13,17,81,38,1,0.08,2019-05-15,2019-07-27,2019-08-21,2019-08-30,1646.19,2532.60
"SO - 0003686",In-Store,WARE-UHY1004,USD,8,33,216,29,6,0.2,2019-05-15,2019-07-27,2019-08-20,2019-08-26,1557.35,1996.60
"SO - 0003687",Wholesale,WARE-UHY1004,USD,28,23,236,2,5,0.08,2019-05-15,2019-07-27,2019-08-16,2019-08-21,610.10,1051.90
"SO - 0003688",Online,WARE-NMK1003,USD,13,29,165,40,2,0.15,2019-05-15,2019-07-27,2019-08-05,2019-08-13,773.85,1842.50
"SO - 0003689",Distributor,WARE-PUJ1005,USD,21,42,291,5,5,0.1,2019-05-15,2019-07-27,2019-08-12,2019-08-13,1926.65,2438.80
"SO - 0003690",Online,WARE-NMK1003,USD,14,37,147,27,2,0.15,2019-02-04,2019-07-28,2019-08-03,2019-08-13,2279.94,3999.90
"SO - 0003691",In-Store,WARE-PUJ1005,USD,5,39,316,39,6,0.08,2019-05-15,2019-07-28,2019-08-25,2019-08-29,2413.47,3892.70
"SO - 0003692",In-Store,WARE-XYS1001,USD,12,13,25,37,3,0.1,2019-02-04,2019-07-28,2019-08-15,2019-08-23,3048.97,3959.70
"SO - 0003693",In-Store,WARE-NMK1003,USD,11,5,135,32,4,0.05,2019-02-04,2019-07-28,2019-08-12,2019-08-14,4963.36,6204.20
"SO - 0003694",In-Store,WARE-UHY1004,USD,2,11,238,45,2,0.08,2019-05-15,2019-07-28,2019-08-07,2019-08-16,791.14,1098.80
"SO - 0003695",In-Store,WARE-NMK1003,USD,7,36,165,28,4,0.2,2019-05-15,2019-07-28,2019-08-12,2019-08-13,1398.83,1916.20
"SO - 0003696",In-Store,WARE-NMK1003,USD,9,30,201,45,8,0.1,2019-05-15,2019-07-28,2019-08-20,2019-08-25,3149.34,3986.50
"SO - 0003697",Online,WARE-NMK1003,USD,17,45,161,6,7,0.15,2019-05-15,2019-07-29,2019-08-01,2019-08-11,1874.12,2532.60
"SO - 0003698",Distributor,WARE-NBV1002,USD,24,34,59,2,4,0.08,2019-05-15,2019-07-29,2019-08-24,2019-08-29,566.55,1011.70
"SO - 0003699",Online,WARE-MKL1006,USD,19,4,362,19,8,0.05,2019-02-04,2019-07-29,2019-08-07,2019-08-10,2975.81,6331.50
"SO - 0003700",Distributor,WARE-MKL1006,USD,22,24,358,30,2,0.3,2019-02-04,2019-07-29,2019-08-24,2019-08-25,3735.38,5413.60
"SO - 0003701",In-Store,WARE-NMK1003,USD,9,31,112,42,8,0.1,2019-05-15,2019-07-29,2019-08-16,2019-08-24,136.01,234.50
"SO - 0003702",Distributor,WARE-NMK1003,USD,22,33,129,23,5,0.2,2019-05-15,2019-07-29,2019-08-03,2019-08-12,168.84,241.20
"SO - 0003703",In-Store,WARE-NMK1003,USD,6,44,107,1,5,0.08,2019-05-15,2019-07-29,2019-08-17,2019-08-20,168.57,247.90
"SO - 0003704",Online,WARE-UHY1004,USD,15,9,252,10,6,0.3,2019-02-04,2019-07-29,2019-08-18,2019-08-27,3345.24,6559.30
"SO - 0003705",In-Store,WARE-NMK1003,USD,3,25,194,9,3,0.15,2019-05-15,2019-07-29,2019-08-07,2019-08-15,1591.92,1989.90
"SO - 0003706",Online,WARE-PUJ1005,USD,14,18,313,36,8,0.05,2019-05-15,2019-07-29,2019-08-15,2019-08-21,627.12,964.80
"SO - 0003707",In-Store,WARE-NMK1003,USD,3,1,192,38,8,0.08,2019-05-15,2019-07-30,2019-08-05,2019-08-12,536.00,1072.00
"SO - 0003708",Wholesale,WARE-XYS1001,USD,28,14,11,4,4,0.05,2019-05-15,2019-07-30,2019-08-13,2019-08-23,146.33,187.60
"SO - 0003709",Online,WARE-UHY1004,USD,16,41,231,5,6,0.05,2019-05-15,2019-07-31,2019-08-08,2019-08-14,1607.00,3919.50
"SO - 0003710",Distributor,WARE-NMK1003,USD,22,35,152,35,7,0.05,2019-05-15,2019-07-31,2019-08-27,2019-08-31,1547.97,2418.70
"SO - 0003711",In-Store,WARE-NMK1003,USD,11,14,182,4,8,0.4,2019-05-15,2019-07-31,2019-08-09,2019-08-18,1641.50,3350.00
"SO - 0003712",In-Store,WARE-NMK1003,USD,2,42,140,43,2,0.08,2019-05-15,2019-07-31,2019-08-08,2019-08-16,2221.18,3966.40
"SO - 0003713",Distributor,WARE-XYS1001,USD,24,27,15,44,5,0.2,2019-05-15,2019-07-31,2019-08-06,2019-08-11,2279.94,3999.90
"SO - 0003714",Distributor,WARE-XYS1001,USD,24,32,17,21,6,0.2,2019-02-04,2019-07-31,2019-08-11,2019-08-21,536.67,1192.60
"SO - 0003715",Online,WARE-NMK1003,USD,17,22,93,27,6,0.15,2019-05-15,2019-07-31,2019-08-12,2019-08-17,857.47,1085.40
"SO - 0003716",In-Store,WARE-NMK1003,USD,6,35,149,2,4,0.05,2019-05-15,2019-07-31,2019-08-10,2019-08-11,3437.10,5728.50
"SO - 0003717",In-Store,WARE-NMK1003,USD,8,7,117,47,4,0.08,2019-05-15,2019-07-31,2019-08-02,2019-08-08,533.05,1045.20
"SO - 0003718",In-Store,WARE-NMK1003,USD,7,28,145,6,8,0.05,2019-05-15,2019-07-31,2019-08-19,2019-08-21,1474.54,2633.10
"SO - 0003719",Online,WARE-MKL1006,USD,19,42,333,10,7,0.05,2019-05-15,2019-07-31,2019-08-13,2019-08-23,1447.60,1855.90
"SO - 0003720",Distributor,WARE-UHY1004,USD,23,11,215,12,2,0.08,2019-05-15,2019-07-31,2019-08-20,2019-08-26,1664.95,2345.00
"SO - 0003721",Online,WARE-UHY1004,USD,15,32,216,15,4,0.08,2019-05-15,2019-08-01,2019-08-07,2019-08-11,2810.25,5735.20
"SO - 0003722",Online,WARE-NMK1003,USD,15,8,146,34,4,0.05,2019-05-15,2019-08-01,2019-08-29,2019-09-02,1612.62,2271.30
"SO - 0003723",Wholesale,WARE-PUJ1005,USD,26,1,261,7,4,0.05,2019-05-15,2019-08-01,2019-08-09,2019-08-16,1312.93,1849.20
"SO - 0003724",Distributor,WARE-MKL1006,USD,22,4,359,29,7,0.1,2019-05-15,2019-08-01,2019-08-21,2019-08-28,1647.93,3832.40
"SO - 0003725",Distributor,WARE-NMK1003,USD,21,1,92,42,6,0.05,2019-05-15,2019-08-01,2019-08-20,2019-08-27,1776.84,2613.00
"SO - 0003726",Distributor,WARE-NBV1002,USD,22,18,62,11,5,0.15,2019-05-15,2019-08-01,2019-08-26,2019-09-04,157.58,187.60
"SO - 0003727",Online,WARE-NMK1003,USD,19,35,143,2,1,0.3,2019-05-15,2019-08-01,2019-08-11,2019-08-20,115.78,180.90
"SO - 0003728",In-Store,WARE-NBV1002,USD,8,26,82,37,3,0.08,2019-05-15,2019-08-01,2019-08-18,2019-08-19,3597.23,5138.90
"SO - 0003729",In-Store,WARE-MKL1006,USD,6,35,341,3,7,0.05,2019-05-15,2019-08-01,2019-08-21,2019-08-28,4223.41,6210.90
"SO - 0003730",Distributor,WARE-XYS1001,USD,23,33,51,37,3,0.08,2019-05-15,2019-08-01,2019-08-21,2019-08-26,201.13,254.60
"SO - 0003731",Distributor,WARE-UHY1004,USD,21,46,261,23,3,0.1,2019-02-04,2019-08-01,2019-08-22,2019-08-25,502.50,1005.00
"SO - 0003732",Distributor,WARE-PUJ1005,USD,25,30,302,22,2,0.05,2019-05-15,2019-08-01,2019-08-19,2019-08-29,1580.87,2432.10
"SO - 0003733",Wholesale,WARE-UHY1004,USD,27,22,251,7,2,0.08,2019-05-15,2019-08-01,2019-08-19,2019-08-20,126.43,247.90
"SO - 0003734",Wholesale,WARE-NMK1003,USD,26,33,163,22,2,0.1,2019-05-15,2019-08-01,2019-08-22,2019-08-25,668.06,1132.30
"SO - 0003735",In-Store,WARE-NMK1003,USD,12,29,118,43,8,0.08,2019-02-04,2019-08-02,2019-08-13,2019-08-21,664.64,1038.50
"SO - 0003736",Wholesale,WARE-UHY1004,USD,26,50,240,1,4,0.05,2019-05-15,2019-08-02,2019-08-04,2019-08-13,89.31,207.70
"SO - 0003737",Wholesale,WARE-NMK1003,USD,26,19,168,14,7,0.05,2019-05-15,2019-08-02,2019-08-16,2019-08-26,1733.63,2311.50
"SO - 0003738",In-Store,WARE-UHY1004,USD,1,35,211,40,2,0.08,2019-05-15,2019-08-02,2019-08-29,2019-09-07,2341.25,3001.60
"SO - 0003739",Online,WARE-PUJ1005,USD,14,4,301,22,2,0.05,2019-05-15,2019-08-02,2019-08-28,2019-08-29,110.55,167.50
"SO - 0003740",Wholesale,WARE-PUJ1005,USD,28,38,266,23,4,0.08,2019-05-15,2019-08-02,2019-08-22,2019-08-29,2006.78,3859.20
"SO - 0003741",In-Store,WARE-PUJ1005,USD,3,19,286,33,3,0.05,2019-05-15,2019-08-02,2019-08-28,2019-09-01,133.67,234.50
"SO - 0003742",Online,WARE-NMK1003,USD,16,1,95,21,4,0.15,2019-05-15,2019-08-02,2019-08-23,2019-08-31,691.31,1031.80
"SO - 0003743",Distributor,WARE-XYS1001,USD,21,18,34,18,5,0.05,2019-05-15,2019-08-02,2019-08-30,2019-09-02,2826.06,3819.00
"SO - 0003744",Distributor,WARE-NBV1002,USD,23,27,75,37,7,0.08,2019-05-15,2019-08-02,2019-08-06,2019-08-15,2464.46,3678.30
"SO - 0003745",In-Store,WARE-PUJ1005,USD,5,31,262,44,6,0.08,2019-05-15,2019-08-02,2019-08-17,2019-08-21,417.75,971.50
"SO - 0003746",In-Store,WARE-UHY1004,USD,6,47,219,30,2,0.4,2019-05-15,2019-08-02,2019-08-06,2019-08-13,4507.43,6009.90
"SO - 0003747",Online,WARE-PUJ1005,USD,16,47,323,21,1,0.4,2019-02-04,2019-08-02,2019-08-27,2019-08-29,783.23,1118.90
"SO - 0003748",In-Store,WARE-UHY1004,USD,8,45,246,6,7,0.05,2019-05-15,2019-08-02,2019-08-05,2019-08-09,2073.92,2693.40
"SO - 0003749",In-Store,WARE-XYS1001,USD,4,18,29,29,4,0.05,2019-05-15,2019-08-03,2019-08-25,2019-09-03,1346.50,1748.70
"SO - 0003750",Online,WARE-NMK1003,USD,12,22,173,29,2,0.08,2019-05-15,2019-08-03,2019-08-08,2019-08-14,1175.45,1728.60
"SO - 0003751",Distributor,WARE-UHY1004,USD,24,28,226,34,1,0.4,2019-05-15,2019-08-03,2019-08-07,2019-08-12,2217.43,3959.70
"SO - 0003752",Distributor,WARE-UHY1004,USD,25,3,236,38,2,0.05,2019-05-15,2019-08-03,2019-08-25,2019-09-03,423.31,783.90
"SO - 0003753",In-Store,WARE-PUJ1005,USD,12,6,322,12,7,0.08,2019-05-15,2019-08-03,2019-08-08,2019-08-16,1400.57,1795.60
"SO - 0003754",Online,WARE-NBV1002,USD,15,41,62,41,4,0.15,2019-05-15,2019-08-03,2019-08-31,2019-09-10,3343.03,5969.70
"SO - 0003755",In-Store,WARE-NMK1003,USD,1,38,182,31,2,0.08,2019-05-15,2019-08-03,2019-08-11,2019-08-15,2115.19,2579.50
"SO - 0003756",In-Store,WARE-NMK1003,USD,6,34,125,3,5,0.3,2019-05-15,2019-08-04,2019-08-29,2019-09-05,128.24,221.10
"SO - 0003757",In-Store,WARE-XYS1001,USD,3,44,7,22,7,0.1,2019-02-04,2019-08-04,2019-08-21,2019-08-23,1393.94,2445.50
"SO - 0003758",Distributor,WARE-NMK1003,USD,21,42,103,30,6,0.3,2019-05-15,2019-08-04,2019-08-15,2019-08-25,626.58,1118.90
"SO - 0003759",Online,WARE-PUJ1005,USD,19,43,298,16,6,0.15,2019-02-04,2019-08-04,2019-08-16,2019-08-23,598.18,1246.20
"SO - 0003760",Distributor,WARE-UHY1004,USD,20,3,257,13,8,0.05,2019-05-15,2019-08-04,2019-08-11,2019-08-18,575.66,1199.30
"SO - 0003761",Online,WARE-NMK1003,USD,15,41,96,15,5,0.08,2019-05-15,2019-08-04,2019-08-14,2019-08-15,116.71,174.20
"SO - 0003762",Distributor,WARE-PUJ1005,USD,22,46,306,39,3,0.08,2019-05-15,2019-08-05,2019-08-10,2019-08-18,3227.26,5976.40
"SO - 0003763",Wholesale,WARE-NMK1003,USD,26,11,195,43,7,0.08,2019-05-15,2019-08-05,2019-08-12,2019-08-19,2533.54,3423.70
"SO - 0003764",Wholesale,WARE-UHY1004,USD,28,28,233,25,2,0.2,2019-05-15,2019-08-05,2019-08-17,2019-08-20,584.31,1025.10
"SO - 0003765",Distributor,WARE-NMK1003,USD,25,50,156,45,5,0.05,2019-05-15,2019-08-05,2019-08-14,2019-08-18,2626.67,3979.80
"SO - 0003766",Online,WARE-UHY1004,USD,15,32,257,46,5,0.05,2019-05-15,2019-08-05,2019-08-28,2019-08-30,3213.59,3825.70
"SO - 0003767",Online,WARE-XYS1001,USD,15,28,45,20,5,0.05,2019-05-15,2019-08-05,2019-08-16,2019-08-23,2063.13,3892.70
"SO - 0003768",Distributor,WARE-UHY1004,USD,24,8,204,9,7,0.05,2019-05-15,2019-08-05,2019-08-26,2019-08-29,672.14,1018.40
"SO - 0003769",In-Store,WARE-PUJ1005,USD,11,25,305,25,6,0.2,2019-05-15,2019-08-06,2019-08-27,2019-09-05,783.90,1005.00
"SO - 0003770",Wholesale,WARE-NBV1002,USD,26,28,78,36,1,0.05,2019-05-15,2019-08-06,2019-08-31,2019-09-07,4159.90,5333.20
"SO - 0003771",Wholesale,WARE-UHY1004,USD,26,43,231,40,8,0.08,2019-05-15,2019-08-06,2019-08-23,2019-08-24,2021.73,2378.50
"SO - 0003772",In-Store,WARE-XYS1001,USD,4,20,52,45,5,0.05,2019-05-15,2019-08-06,2019-08-28,2019-09-02,1452.63,1989.90
"SO - 0003773",Online,WARE-XYS1001,USD,12,37,7,16,6,0.05,2019-02-04,2019-08-06,2019-08-09,2019-08-10,2007.99,2479.00
"SO - 0003774",In-Store,WARE-XYS1001,USD,8,10,30,17,7,0.08,2019-05-15,2019-08-06,2019-08-16,2019-08-17,551.54,984.90
"SO - 0003775",Online,WARE-XYS1001,USD,17,5,1,16,7,0.05,2019-05-15,2019-08-06,2019-09-03,2019-09-05,516.84,891.10
"SO - 0003776",In-Store,WARE-NMK1003,USD,11,26,126,47,7,0.1,2019-05-15,2019-08-06,2019-08-23,2019-09-02,2969.84,4013.30
"SO - 0003777",In-Store,WARE-UHY1004,USD,7,5,252,7,7,0.08,2019-05-15,2019-08-06,2019-08-23,2019-08-28,3292.38,6331.50
"SO - 0003778",Online,WARE-NMK1003,USD,16,14,186,21,2,0.08,2019-05-15,2019-08-06,2019-09-01,2019-09-08,2537.42,5286.30
"SO - 0003779",Distributor,WARE-UHY1004,USD,22,32,251,31,3,0.05,2019-05-15,2019-08-06,2019-08-15,2019-08-18,1011.97,1715.20
"SO - 0003780",Wholesale,WARE-UHY1004,USD,26,41,242,19,5,0.08,2019-05-15,2019-08-06,2019-08-15,2019-08-19,703.10,1065.30
"SO - 0003781",Online,WARE-MKL1006,USD,14,34,332,45,1,0.08,2019-02-04,2019-08-07,2019-08-12,2019-08-21,1553.60,2505.80
"SO - 0003782",In-Store,WARE-UHY1004,USD,8,15,220,10,6,0.08,2019-05-15,2019-08-07,2019-08-20,2019-08-23,743.70,1005.00
"SO - 0003783",In-Store,WARE-NMK1003,USD,9,28,156,6,6,0.08,2019-05-15,2019-08-07,2019-08-19,2019-08-25,623.10,1005.00
"SO - 0003784",In-Store,WARE-UHY1004,USD,10,18,238,45,5,0.15,2019-02-04,2019-08-07,2019-08-15,2019-08-16,947.92,1755.40
"SO - 0003785",Online,WARE-UHY1004,USD,12,20,207,34,1,0.08,2019-02-04,2019-08-08,2019-08-20,2019-08-25,1143.89,1815.70
"SO - 0003786",In-Store,WARE-MKL1006,USD,11,13,365,33,8,0.05,2019-05-15,2019-08-08,2019-08-11,2019-08-14,1090.76,2479.00
"SO - 0003787",Distributor,WARE-NMK1003,USD,23,20,134,20,5,0.08,2019-05-15,2019-08-08,2019-08-20,2019-08-30,1250.76,2405.30
"SO - 0003788",Distributor,WARE-UHY1004,USD,24,40,254,2,4,0.15,2019-05-15,2019-08-08,2019-08-20,2019-08-30,3946.03,5480.60
"SO - 0003789",In-Store,WARE-XYS1001,USD,1,19,29,34,5,0.1,2019-05-15,2019-08-08,2019-09-01,2019-09-03,166.16,268.00
"SO - 0003790",In-Store,WARE-PUJ1005,USD,9,36,279,16,6,0.08,2019-05-15,2019-08-08,2019-08-22,2019-08-29,2595.92,6331.50
"SO - 0003791",In-Store,WARE-NMK1003,USD,1,8,137,3,4,0.2,2019-05-15,2019-08-08,2019-08-21,2019-08-27,365.15,730.30
"SO - 0003792",In-Store,WARE-XYS1001,USD,10,27,4,39,3,0.08,2019-05-15,2019-08-08,2019-08-12,2019-08-21,146.33,187.60
"SO - 0003793",Online,WARE-NMK1003,USD,17,22,127,32,4,0.3,2019-05-15,2019-08-08,2019-08-13,2019-08-18,2329.59,3819.00
"SO - 0003794",Distributor,WARE-NMK1003,USD,21,48,194,39,2,0.1,2019-05-15,2019-08-08,2019-08-28,2019-08-30,135.07,241.20
"SO - 0003795",Online,WARE-UHY1004,USD,13,19,223,33,8,0.2,2019-05-15,2019-08-08,2019-08-13,2019-08-22,961.85,1299.80
"SO - 0003796",In-Store,WARE-MKL1006,USD,7,7,344,34,3,0.1,2019-05-15,2019-08-08,2019-09-05,2019-09-12,456.00,1112.20
"SO - 0003797",Online,WARE-MKL1006,USD,17,49,344,29,8,0.08,2019-05-15,2019-08-08,2019-08-26,2019-08-30,2844.69,4006.60
"SO - 0003798",Wholesale,WARE-PUJ1005,USD,28,32,328,10,8,0.05,2019-05-15,2019-08-09,2019-08-24,2019-08-25,596.70,978.20
"SO - 0003799",In-Store,WARE-NMK1003,USD,9,38,129,5,4,0.05,2019-05-15,2019-08-09,2019-08-13,2019-08-16,616.67,1045.20
"SO - 0003800",Wholesale,WARE-NMK1003,USD,28,47,156,8,3,0.15,2019-05-15,2019-08-09,2019-08-12,2019-08-16,2754.44,5621.30
"SO - 0003801",Online,WARE-UHY1004,USD,13,50,205,33,1,0.3,2019-05-15,2019-08-09,2019-08-24,2019-09-01,862.76,1092.10
"SO - 0003802",In-Store,WARE-XYS1001,USD,5,24,17,8,4,0.08,2019-05-15,2019-08-09,2019-08-12,2019-08-17,438.85,877.70
"SO - 0003803",Online,WARE-XYS1001,USD,18,36,38,47,5,0.08,2019-05-15,2019-08-09,2019-08-30,2019-09-03,1190.32,1889.40
"SO - 0003804",Online,WARE-PUJ1005,USD,17,48,297,20,8,0.08,2019-05-15,2019-08-10,2019-08-19,2019-08-28,485.42,1078.70
"SO - 0003805",In-Store,WARE-PUJ1005,USD,2,27,277,12,6,0.08,2019-05-15,2019-08-10,2019-08-21,2019-08-22,928.02,1145.70
"SO - 0003806",In-Store,WARE-UHY1004,USD,9,13,244,29,4,0.1,2019-05-15,2019-08-10,2019-09-03,2019-09-13,369.84,924.60
"SO - 0003807",Online,WARE-PUJ1005,USD,19,20,323,21,6,0.1,2019-05-15,2019-08-10,2019-09-06,2019-09-16,795.96,1105.50
"SO - 0003808",Online,WARE-PUJ1005,USD,13,3,306,45,7,0.15,2019-05-15,2019-08-10,2019-09-04,2019-09-11,495.80,991.60
"SO - 0003809",In-Store,WARE-PUJ1005,USD,3,7,315,16,3,0.15,2019-05-15,2019-08-10,2019-08-24,2019-08-26,664.37,897.80
"SO - 0003810",Distributor,WARE-XYS1001,USD,23,8,21,26,3,0.08,2019-05-15,2019-08-10,2019-09-01,2019-09-03,1617.98,3946.30
"SO - 0003811",Online,WARE-PUJ1005,USD,13,45,300,13,2,0.05,2019-05-15,2019-08-10,2019-08-12,2019-08-16,2890.78,6150.60
"SO - 0003812",In-Store,WARE-MKL1006,USD,9,12,334,36,8,0.08,2019-05-15,2019-08-10,2019-08-16,2019-08-22,145.79,214.40
"SO - 0003813",Wholesale,WARE-NBV1002,USD,27,36,74,13,3,0.15,2019-05-15,2019-08-11,2019-08-14,2019-08-16,163.61,247.90
"SO - 0003814",In-Store,WARE-UHY1004,USD,6,10,205,5,8,0.1,2019-05-15,2019-08-11,2019-08-25,2019-09-01,3207.36,3959.70
"SO - 0003815",Distributor,WARE-MKL1006,USD,24,35,363,45,6,0.08,2019-05-15,2019-08-11,2019-08-17,2019-08-26,2887.16,3798.90
"SO - 0003816",Distributor,WARE-UHY1004,USD,23,21,234,4,1,0.2,2019-05-15,2019-08-11,2019-08-23,2019-08-26,1799.89,3912.80
"SO - 0003817",Online,WARE-UHY1004,USD,17,34,204,24,6,0.05,2019-05-15,2019-08-11,2019-08-14,2019-08-20,109.75,261.30
"SO - 0003818",Wholesale,WARE-XYS1001,USD,28,1,57,40,7,0.05,2019-05-15,2019-08-11,2019-09-05,2019-09-06,1515.54,2331.60
"SO - 0003819",Online,WARE-NMK1003,USD,16,17,177,22,3,0.2,2019-05-15,2019-08-12,2019-08-18,2019-08-21,802.12,1098.80
"SO - 0003820",Wholesale,WARE-UHY1004,USD,26,12,205,22,4,0.08,2019-05-15,2019-08-12,2019-09-03,2019-09-10,3196.50,3946.30
"SO - 0003821",Wholesale,WARE-PUJ1005,USD,28,8,309,42,1,0.1,2019-05-15,2019-08-12,2019-09-02,2019-09-10,890.83,1855.90
"SO - 0003822",Wholesale,WARE-NMK1003,USD,26,50,144,22,2,0.15,2019-05-15,2019-08-12,2019-08-20,2019-08-25,2711.29,5768.70
"SO - 0003823",Online,WARE-PUJ1005,USD,15,23,268,33,5,0.1,2019-05-15,2019-08-12,2019-08-15,2019-08-21,346.39,737.00
"SO - 0003824",Distributor,WARE-NBV1002,USD,22,11,69,39,8,0.05,2019-05-15,2019-08-12,2019-08-28,2019-08-30,2398.60,5996.50
"SO - 0003825",Online,WARE-XYS1001,USD,14,35,32,43,7,0.1,2019-05-15,2019-08-12,2019-08-24,2019-08-29,899.81,1058.60
"SO - 0003826",Online,WARE-NMK1003,USD,16,16,185,21,6,0.08,2019-05-15,2019-08-12,2019-08-30,2019-09-08,619.48,897.80
"SO - 0003827",Online,WARE-XYS1001,USD,18,43,33,42,5,0.08,2019-05-15,2019-08-13,2019-08-21,2019-08-25,1332.63,2613.00
"SO - 0003828",Distributor,WARE-NMK1003,USD,22,5,98,46,5,0.1,2019-05-15,2019-08-13,2019-09-02,2019-09-05,3316.57,5621.30
"SO - 0003829",Online,WARE-UHY1004,USD,18,1,229,20,4,0.05,2019-05-15,2019-08-13,2019-08-25,2019-09-01,732.58,951.40
"SO - 0003830",Online,WARE-PUJ1005,USD,20,35,298,13,5,0.05,2019-05-15,2019-08-13,2019-08-23,2019-09-02,80.67,187.60
"SO - 0003831",Online,WARE-UHY1004,USD,16,4,244,22,7,0.15,2019-05-15,2019-08-13,2019-08-16,2019-08-21,2409.32,3886.00
"SO - 0003832",Wholesale,WARE-NMK1003,USD,28,31,106,15,6,0.05,2019-05-15,2019-08-13,2019-08-20,2019-08-30,980.48,1815.70
"SO - 0003833",In-Store,WARE-NMK1003,USD,7,4,199,26,4,0.2,2019-05-15,2019-08-13,2019-08-23,2019-08-27,1927.19,2834.10
"SO - 0003834",Online,WARE-NMK1003,USD,18,49,130,34,7,0.05,2019-05-15,2019-08-14,2019-09-05,2019-09-12,670.34,971.50
"SO - 0003835",Wholesale,WARE-NMK1003,USD,27,5,146,44,7,0.1,2019-05-15,2019-08-14,2019-09-11,2019-09-15,86.83,180.90
"SO - 0003836",Online,WARE-NMK1003,USD,16,12,95,37,5,0.15,2019-05-15,2019-08-14,2019-09-06,2019-09-14,114.24,207.70
"SO - 0003837",Online,WARE-NMK1003,USD,15,23,144,36,3,0.05,2019-05-15,2019-08-14,2019-08-25,2019-08-28,2706.26,3979.80
"SO - 0003838",In-Store,WARE-PUJ1005,USD,3,13,290,19,4,0.3,2019-05-15,2019-08-14,2019-08-24,2019-08-30,154.77,221.10
"SO - 0003839",Distributor,WARE-NMK1003,USD,22,9,139,12,5,0.2,2019-05-15,2019-08-14,2019-08-25,2019-08-27,497.54,1058.60
"SO - 0003840",Online,WARE-UHY1004,USD,19,22,258,4,3,0.15,2019-05-15,2019-08-14,2019-08-24,2019-09-01,3557.70,5929.50
"SO - 0003841",Distributor,WARE-XYS1001,USD,22,46,53,15,4,0.4,2019-05-15,2019-08-14,2019-09-06,2019-09-16,479.39,904.50
"SO - 0003842",Wholesale,WARE-NMK1003,USD,26,7,194,28,5,0.05,2019-05-15,2019-08-14,2019-08-27,2019-08-31,1911.91,2331.60
"SO - 0003843",Wholesale,WARE-NMK1003,USD,27,8,161,15,2,0.3,2019-05-15,2019-08-14,2019-08-26,2019-08-31,1620.73,1976.50
"SO - 0003844",Online,WARE-MKL1006,USD,16,47,349,5,8,0.05,2019-05-15,2019-08-14,2019-09-05,2019-09-13,4483.91,5748.60
"SO - 0003845",Wholesale,WARE-NMK1003,USD,28,9,139,41,8,0.15,2019-05-15,2019-08-14,2019-09-07,2019-09-08,725.95,1319.90
"SO - 0003846",Online,WARE-XYS1001,USD,16,7,47,19,8,0.05,2019-05-15,2019-08-15,2019-08-28,2019-09-03,488.63,958.10
"SO - 0003847",In-Store,WARE-MKL1006,USD,8,46,355,34,3,0.05,2019-05-15,2019-08-15,2019-09-06,2019-09-15,4174.64,5641.40
"SO - 0003848",Wholesale,WARE-UHY1004,USD,28,27,234,29,8,0.08,2019-05-15,2019-08-15,2019-08-23,2019-09-01,349.54,743.70
"SO - 0003849",Wholesale,WARE-PUJ1005,USD,27,5,278,18,1,0.15,2019-05-15,2019-08-15,2019-08-17,2019-08-24,1909.50,3819.00
"SO - 0003850",In-Store,WARE-MKL1006,USD,8,32,342,47,6,0.15,2019-05-15,2019-08-15,2019-09-04,2019-09-11,1485.79,2653.20
"SO - 0003851",Online,WARE-MKL1006,USD,15,1,366,37,2,0.1,2019-05-15,2019-08-15,2019-09-09,2019-09-15,1088.08,1943.00
"SO - 0003852",Online,WARE-NMK1003,USD,15,40,174,11,7,0.05,2019-05-15,2019-08-15,2019-08-18,2019-08-19,1543.68,1929.60
"SO - 0003853",Online,WARE-UHY1004,USD,16,44,260,13,2,0.08,2019-05-15,2019-08-15,2019-09-07,2019-09-11,1338.66,1809.00
"SO - 0003854",Wholesale,WARE-MKL1006,USD,28,36,351,9,2,0.08,2019-05-15,2019-08-15,2019-09-09,2019-09-18,814.05,1005.00
"SO - 0003855",Wholesale,WARE-NMK1003,USD,27,34,197,38,2,0.08,2019-05-15,2019-08-15,2019-09-04,2019-09-07,1102.02,1721.90
"SO - 0003856",Online,WARE-NMK1003,USD,19,18,95,32,2,0.2,2019-05-15,2019-08-16,2019-09-06,2019-09-11,368.50,837.50
"SO - 0003857",In-Store,WARE-NMK1003,USD,6,39,143,37,2,0.05,2019-05-15,2019-08-16,2019-08-22,2019-08-27,3236.10,3852.50
"SO - 0003858",In-Store,WARE-XYS1001,USD,4,27,15,16,5,0.08,2019-05-15,2019-08-16,2019-08-19,2019-08-27,2842.94,3644.80
"SO - 0003859",Distributor,WARE-XYS1001,USD,21,50,50,25,2,0.08,2019-05-15,2019-08-16,2019-08-28,2019-08-31,120.73,227.80
"SO - 0003860",Distributor,WARE-XYS1001,USD,23,12,56,7,7,0.08,2019-05-15,2019-08-16,2019-08-27,2019-08-30,2055.76,3370.10
"SO - 0003861",Online,WARE-PUJ1005,USD,16,40,328,30,7,0.05,2019-05-15,2019-08-16,2019-08-24,2019-08-31,557.51,1051.90
"SO - 0003862",In-Store,WARE-NBV1002,USD,3,41,85,17,6,0.05,2019-05-15,2019-08-16,2019-09-05,2019-09-10,3331.78,3966.40
"SO - 0003863",In-Store,WARE-PUJ1005,USD,2,22,264,2,7,0.08,2019-05-15,2019-08-17,2019-09-04,2019-09-08,96.48,241.20
"SO - 0003864",Online,WARE-NBV1002,USD,14,23,67,2,3,0.08,2019-05-15,2019-08-17,2019-09-05,2019-09-08,1731.95,3149.00
"SO - 0003865",Online,WARE-UHY1004,USD,20,43,253,41,3,0.08,2019-05-15,2019-08-17,2019-09-01,2019-09-10,728.96,911.20
"SO - 0003866",In-Store,WARE-NMK1003,USD,6,29,154,5,3,0.15,2019-05-15,2019-08-17,2019-08-19,2019-08-20,1758.75,2345.00
"SO - 0003867",In-Store,WARE-UHY1004,USD,5,20,247,32,5,0.05,2019-05-15,2019-08-17,2019-08-23,2019-08-28,2125.24,5313.10
"SO - 0003868",In-Store,WARE-XYS1001,USD,3,1,8,44,3,0.08,2019-05-15,2019-08-17,2019-09-10,2019-09-19,1331.63,2512.50
"SO - 0003869",In-Store,WARE-NMK1003,USD,10,7,125,6,5,0.05,2019-05-15,2019-08-17,2019-08-27,2019-09-02,2291.40,4020.00
"SO - 0003870",In-Store,WARE-NMK1003,USD,1,11,88,40,2,0.4,2019-05-15,2019-08-17,2019-08-26,2019-09-03,122.41,194.30
"SO - 0003871",Online,WARE-XYS1001,USD,20,16,58,13,4,0.08,2019-05-15,2019-08-18,2019-09-14,2019-09-20,434.83,790.60
"SO - 0003872",Online,WARE-MKL1006,USD,19,47,361,37,8,0.08,2019-05-15,2019-08-18,2019-08-29,2019-09-03,2464.53,3242.80
"SO - 0003873",In-Store,WARE-NMK1003,USD,8,28,163,39,7,0.15,2019-05-15,2019-08-18,2019-08-21,2019-08-30,164.15,234.50
"SO - 0003874",Distributor,WARE-NBV1002,USD,21,36,74,12,5,0.05,2019-05-15,2019-08-18,2019-08-24,2019-09-03,3626.04,5494.00
"SO - 0003875",Online,WARE-UHY1004,USD,14,41,257,38,1,0.08,2019-05-15,2019-08-18,2019-09-09,2019-09-19,1907.49,2613.00
"SO - 0003876",Distributor,WARE-NMK1003,USD,25,36,115,16,5,0.05,2019-05-15,2019-08-18,2019-08-26,2019-08-30,544.78,1159.10
"SO - 0003877",In-Store,WARE-PUJ1005,USD,4,34,309,1,1,0.08,2019-05-15,2019-08-18,2019-09-11,2019-09-15,777.87,1809.00
"SO - 0003878",Distributor,WARE-XYS1001,USD,23,10,34,14,2,0.05,2019-05-15,2019-08-18,2019-08-24,2019-08-29,855.46,1018.40
"SO - 0003879",In-Store,WARE-XYS1001,USD,9,6,4,47,5,0.05,2019-05-15,2019-08-18,2019-09-15,2019-09-16,1043.86,1273.00
"SO - 0003880",Online,WARE-UHY1004,USD,14,48,250,43,7,0.2,2019-05-15,2019-08-18,2019-09-09,2019-09-16,157.85,207.70
"SO - 0003881",Online,WARE-XYS1001,USD,16,40,29,6,4,0.08,2019-05-15,2019-08-19,2019-08-29,2019-08-30,651.78,857.60
"SO - 0003882",In-Store,WARE-UHY1004,USD,4,31,222,36,4,0.4,2019-05-15,2019-08-19,2019-09-10,2019-09-16,610.64,1246.20
"SO - 0003883",In-Store,WARE-XYS1001,USD,1,40,26,22,5,0.15,2019-05-15,2019-08-19,2019-08-27,2019-08-29,790.40,1681.70
"SO - 0003884",Distributor,WARE-MKL1006,USD,24,12,355,12,3,0.08,2019-05-15,2019-08-19,2019-09-01,2019-09-09,2569.45,3953.00
"SO - 0003885",In-Store,WARE-XYS1001,USD,8,10,32,8,6,0.08,2019-05-15,2019-08-20,2019-09-11,2019-09-13,2372.20,3765.40
"SO - 0003886",Wholesale,WARE-NBV1002,USD,26,46,86,31,8,0.05,2019-05-15,2019-08-20,2019-09-03,2019-09-09,621.76,1072.00
"SO - 0003887",In-Store,WARE-NMK1003,USD,2,36,166,42,4,0.1,2019-05-15,2019-08-20,2019-09-06,2019-09-10,1457.92,1822.40
"SO - 0003888",Distributor,WARE-NMK1003,USD,20,15,94,39,7,0.1,2019-05-15,2019-08-20,2019-09-13,2019-09-14,618.41,951.40
"SO - 0003889",Distributor,WARE-NBV1002,USD,21,39,60,6,7,0.4,2019-05-15,2019-08-20,2019-09-06,2019-09-10,903.70,1882.70
"SO - 0003890",In-Store,WARE-NMK1003,USD,12,7,155,8,5,0.1,2019-05-15,2019-08-20,2019-09-03,2019-09-06,614.99,917.90
"SO - 0003891",In-Store,WARE-MKL1006,USD,2,13,332,30,5,0.08,2019-05-15,2019-08-20,2019-09-05,2019-09-09,4574.96,5648.10
"SO - 0003892",Online,WARE-XYS1001,USD,13,17,46,9,3,0.15,2019-05-15,2019-08-20,2019-08-27,2019-09-03,804.80,1916.20
"SO - 0003893",Distributor,WARE-XYS1001,USD,24,47,56,25,8,0.05,2019-05-15,2019-08-20,2019-08-24,2019-08-30,1050.56,1876.00
"SO - 0003894",Online,WARE-MKL1006,USD,16,2,343,29,5,0.08,2019-05-15,2019-08-20,2019-08-28,2019-08-31,414.60,797.30
"SO - 0003895",Online,WARE-NBV1002,USD,17,35,63,18,6,0.08,2019-05-15,2019-08-20,2019-08-31,2019-09-04,656.33,1058.60
"SO - 0003896",In-Store,WARE-XYS1001,USD,5,39,51,36,6,0.2,2019-05-15,2019-08-20,2019-09-02,2019-09-12,2644.89,3725.20
"SO - 0003897",Wholesale,WARE-MKL1006,USD,26,26,334,22,8,0.05,2019-05-15,2019-08-21,2019-09-05,2019-09-07,670.27,1098.80
"SO - 0003898",Distributor,WARE-NMK1003,USD,24,41,192,44,5,0.05,2019-05-15,2019-08-21,2019-09-07,2019-09-16,1912.85,3825.70
"SO - 0003899",Online,WARE-XYS1001,USD,15,1,31,13,2,0.05,2019-05-15,2019-08-21,2019-09-04,2019-09-11,2661.84,6492.30
"SO - 0003900",Online,WARE-UHY1004,USD,13,3,231,38,4,0.08,2019-05-15,2019-08-21,2019-08-25,2019-09-03,879.17,1085.40
"SO - 0003901",In-Store,WARE-XYS1001,USD,3,12,1,29,1,0.4,2019-05-15,2019-08-21,2019-09-03,2019-09-10,1019.87,1728.60
"SO - 0003902",Online,WARE-PUJ1005,USD,15,8,291,7,8,0.05,2019-05-15,2019-08-21,2019-08-28,2019-09-02,1379.66,1916.20
"SO - 0003903",In-Store,WARE-PUJ1005,USD,7,37,321,4,6,0.1,2019-05-15,2019-08-21,2019-08-29,2019-08-31,2469.08,3336.60
"SO - 0003904",In-Store,WARE-UHY1004,USD,4,42,260,22,8,0.05,2019-05-15,2019-08-21,2019-09-03,2019-09-04,161.74,227.80
"SO - 0003905",Online,WARE-UHY1004,USD,18,12,244,32,6,0.2,2019-05-15,2019-08-21,2019-09-08,2019-09-17,1839.95,2666.60
"SO - 0003906",In-Store,WARE-NMK1003,USD,6,23,132,7,1,0.1,2019-05-15,2019-08-21,2019-09-14,2019-09-15,112.23,167.50
"SO - 0003907",In-Store,WARE-PUJ1005,USD,12,13,280,36,5,0.08,2019-05-15,2019-08-22,2019-09-06,2019-09-13,2630.49,3812.30
"SO - 0003908",In-Store,WARE-NMK1003,USD,11,17,194,19,8,0.1,2019-05-15,2019-08-22,2019-09-04,2019-09-11,1952.38,3149.00
"SO - 0003909",Wholesale,WARE-MKL1006,USD,27,45,366,47,3,0.05,2019-05-15,2019-08-22,2019-09-11,2019-09-15,1632.12,3886.00
"SO - 0003910",In-Store,WARE-NBV1002,USD,10,18,85,45,8,0.15,2019-05-15,2019-08-22,2019-09-14,2019-09-18,2487.71,5293.00
"SO - 0003911",Distributor,WARE-PUJ1005,USD,22,10,287,13,7,0.1,2019-05-15,2019-08-22,2019-09-14,2019-09-21,825.71,1045.20
"SO - 0003912",Wholesale,WARE-PUJ1005,USD,28,49,295,20,4,0.08,2019-05-15,2019-08-22,2019-08-29,2019-09-06,2026.08,3376.80
"SO - 0003913",In-Store,WARE-NMK1003,USD,12,47,155,25,4,0.08,2019-05-15,2019-08-22,2019-09-03,2019-09-10,1167.41,1768.80
"SO - 0003914",Online,WARE-NMK1003,USD,13,26,168,39,7,0.2,2019-05-15,2019-08-23,2019-09-01,2019-09-09,1678.75,2331.60
"SO - 0003915",In-Store,WARE-PUJ1005,USD,9,5,314,23,4,0.05,2019-05-15,2019-08-23,2019-09-10,2019-09-14,513.29,1092.10
"SO - 0003916",Wholesale,WARE-UHY1004,USD,28,17,210,20,2,0.05,2019-05-15,2019-08-23,2019-08-29,2019-09-08,1897.04,2432.10
"SO - 0003917",Online,WARE-NMK1003,USD,19,37,141,40,5,0.1,2019-05-15,2019-08-23,2019-09-13,2019-09-22,523.27,737.00
"SO - 0003918",In-Store,WARE-XYS1001,USD,2,31,4,2,1,0.08,2019-05-15,2019-08-23,2019-09-18,2019-09-25,851.24,1105.50
"SO - 0003919",Online,WARE-XYS1001,USD,20,25,48,24,5,0.1,2019-05-15,2019-08-23,2019-08-30,2019-09-07,2049.33,2807.30
"SO - 0003920",Online,WARE-NBV1002,USD,16,13,78,30,3,0.05,2019-05-15,2019-08-24,2019-09-15,2019-09-23,1690.68,2284.70
"SO - 0003921",In-Store,WARE-NMK1003,USD,6,46,114,32,3,0.2,2019-05-15,2019-08-24,2019-08-29,2019-08-30,648.96,1118.90
"SO - 0003922",In-Store,WARE-MKL1006,USD,8,32,340,26,5,0.1,2019-05-15,2019-08-24,2019-09-12,2019-09-16,1468.10,2224.40
"SO - 0003923",Distributor,WARE-NMK1003,USD,24,1,201,11,3,0.1,2019-05-15,2019-08-24,2019-09-15,2019-09-23,872.61,1983.20
"SO - 0003924",Distributor,WARE-PUJ1005,USD,24,9,262,46,8,0.05,2019-05-15,2019-08-24,2019-09-10,2019-09-19,486.89,1132.30
"SO - 0003925",In-Store,WARE-PUJ1005,USD,2,7,295,20,7,0.05,2019-05-15,2019-08-24,2019-09-08,2019-09-09,1041.98,1929.60
"SO - 0003926",Online,WARE-UHY1004,USD,15,20,259,9,5,0.05,2019-05-15,2019-08-24,2019-09-13,2019-09-21,1836.87,3993.20
"SO - 0003927",Wholesale,WARE-UHY1004,USD,26,41,248,47,5,0.05,2019-05-15,2019-08-24,2019-08-26,2019-08-31,128.77,207.70
"SO - 0003928",Online,WARE-NBV1002,USD,19,42,67,43,4,0.05,2019-05-15,2019-08-25,2019-09-15,2019-09-20,793.28,1072.00
"SO - 0003929",Wholesale,WARE-XYS1001,USD,26,10,38,5,7,0.08,2019-05-15,2019-08-25,2019-09-06,2019-09-12,2939.63,6532.50
"SO - 0003930",In-Store,WARE-MKL1006,USD,11,12,347,43,3,0.3,2019-05-15,2019-08-25,2019-09-08,2019-09-14,1427.90,1983.20
"SO - 0003931",In-Store,WARE-PUJ1005,USD,9,18,288,35,4,0.05,2019-05-15,2019-08-25,2019-08-29,2019-08-31,1015.59,1916.20
"SO - 0003932",Distributor,WARE-UHY1004,USD,21,9,225,13,7,0.08,2019-05-15,2019-08-25,2019-09-08,2019-09-12,1685.39,3919.50
"SO - 0003933",In-Store,WARE-PUJ1005,USD,7,21,288,25,8,0.1,2019-05-15,2019-08-25,2019-09-01,2019-09-10,2636.72,6277.90
"SO - 0003934",Wholesale,WARE-NBV1002,USD,27,7,85,19,1,0.05,2019-05-15,2019-08-25,2019-09-22,2019-09-30,588.13,1031.80
"SO - 0003935",In-Store,WARE-NBV1002,USD,4,18,67,8,2,0.15,2019-05-15,2019-08-25,2019-09-04,2019-09-07,2137.17,2606.30
"SO - 0003936",Distributor,WARE-MKL1006,USD,21,22,332,24,2,0.05,2019-05-15,2019-08-25,2019-09-08,2019-09-12,1282.11,2003.30
"SO - 0003937",Wholesale,WARE-PUJ1005,USD,26,5,262,30,5,0.15,2019-05-15,2019-08-25,2019-09-14,2019-09-17,2296.49,5601.20
"SO - 0003938",In-Store,WARE-NMK1003,USD,5,44,103,46,1,0.15,2019-05-15,2019-08-26,2019-09-19,2019-09-24,1793.39,2525.90
"SO - 0003939",Wholesale,WARE-PUJ1005,USD,27,46,286,12,2,0.05,2019-05-15,2019-08-26,2019-09-01,2019-09-08,1590.31,2304.80
"SO - 0003940",In-Store,WARE-XYS1001,USD,7,29,46,8,7,0.15,2019-05-15,2019-08-26,2019-09-14,2019-09-18,1447.20,2010.00
"SO - 0003941",Wholesale,WARE-NMK1003,USD,27,24,92,5,7,0.1,2019-05-15,2019-08-26,2019-09-03,2019-09-11,110.55,167.50
"SO - 0003942",Online,WARE-NMK1003,USD,16,34,121,23,3,0.1,2019-05-15,2019-08-26,2019-09-16,2019-09-25,1010.36,2525.90
"SO - 0003943",In-Store,WARE-MKL1006,USD,12,3,343,5,1,0.08,2019-05-15,2019-08-27,2019-09-02,2019-09-12,500.89,1192.60
"SO - 0003944",In-Store,WARE-XYS1001,USD,5,44,11,25,1,0.1,2019-05-15,2019-08-27,2019-09-17,2019-09-24,171.52,268.00
"SO - 0003945",Online,WARE-UHY1004,USD,16,35,255,16,4,0.15,2019-05-15,2019-08-27,2019-09-22,2019-09-27,611.44,1132.30
"SO - 0003946",In-Store,WARE-PUJ1005,USD,6,42,283,40,5,0.1,2019-05-15,2019-08-27,2019-09-08,2019-09-13,1175.85,1809.00
"SO - 0003947",Online,WARE-NMK1003,USD,19,18,188,43,2,0.08,2019-05-15,2019-08-27,2019-09-05,2019-09-12,671.34,1118.90
"SO - 0003948",In-Store,WARE-PUJ1005,USD,6,45,300,31,4,0.05,2019-05-15,2019-08-27,2019-09-21,2019-09-30,697.07,1025.10
"SO - 0003949",In-Store,WARE-XYS1001,USD,7,10,2,28,6,0.08,2019-05-15,2019-08-28,2019-09-15,2019-09-18,2069.43,3088.70
"SO - 0003950",Distributor,WARE-XYS1001,USD,25,43,22,23,4,0.08,2019-05-15,2019-08-28,2019-09-04,2019-09-08,528.23,978.20
"SO - 0003951",Online,WARE-NBV1002,USD,17,47,85,9,5,0.15,2019-05-15,2019-08-28,2019-09-25,2019-09-28,177.68,261.30
"SO - 0003952",Distributor,WARE-NBV1002,USD,23,28,59,24,2,0.05,2019-05-15,2019-08-28,2019-08-31,2019-09-07,498.41,1159.10
"SO - 0003953",Online,WARE-PUJ1005,USD,16,16,272,11,8,0.1,2019-05-15,2019-08-28,2019-09-16,2019-09-17,3594.55,6197.50
"SO - 0003954",Online,WARE-PUJ1005,USD,18,30,307,10,3,0.2,2019-05-15,2019-08-28,2019-09-09,2019-09-15,3237.04,5581.10
"SO - 0003955",Online,WARE-NBV1002,USD,13,34,83,17,1,0.1,2019-05-15,2019-08-28,2019-09-16,2019-09-23,862.56,1051.90
"SO - 0003956",In-Store,WARE-NMK1003,USD,6,26,167,20,6,0.05,2019-05-15,2019-08-28,2019-09-06,2019-09-10,137.08,221.10
"SO - 0003957",Distributor,WARE-NMK1003,USD,21,1,95,27,3,0.05,2019-05-15,2019-08-28,2019-09-13,2019-09-22,2366.37,3879.30
"SO - 0003958",In-Store,WARE-NMK1003,USD,10,47,119,12,8,0.15,2019-05-15,2019-08-28,2019-09-19,2019-09-20,854.25,1139.00
"SO - 0003959",Distributor,WARE-PUJ1005,USD,24,33,326,20,5,0.05,2019-05-15,2019-08-28,2019-09-08,2019-09-17,590.94,938.00
"SO - 0003960",Online,WARE-NMK1003,USD,19,46,128,40,1,0.2,2019-05-15,2019-08-29,2019-09-22,2019-09-27,166.83,201.00
"SO - 0003961",Online,WARE-NBV1002,USD,20,3,67,27,4,0.08,2019-05-15,2019-08-29,2019-09-20,2019-09-30,1220.47,1768.80
"SO - 0003962",Distributor,WARE-MKL1006,USD,22,19,356,31,4,0.1,2019-05-15,2019-08-29,2019-09-03,2019-09-05,1337.86,1715.20
"SO - 0003963",Distributor,WARE-MKL1006,USD,23,43,343,6,1,0.05,2019-05-15,2019-08-29,2019-09-21,2019-09-30,893.65,1145.70
"SO - 0003964",In-Store,WARE-NMK1003,USD,4,6,185,12,5,0.05,2019-05-15,2019-08-30,2019-09-17,2019-09-21,2792.36,3932.90
"SO - 0003965",In-Store,WARE-XYS1001,USD,10,16,36,8,1,0.08,2019-05-15,2019-08-30,2019-09-05,2019-09-10,1715.74,2599.60
"SO - 0003966",Distributor,WARE-NMK1003,USD,22,8,125,39,6,0.08,2019-05-15,2019-08-30,2019-09-23,2019-09-30,4664.81,6478.90
"SO - 0003967",In-Store,WARE-PUJ1005,USD,6,4,270,3,3,0.08,2019-05-15,2019-08-30,2019-09-05,2019-09-15,977.66,1715.20
"SO - 0003968",In-Store,WARE-UHY1004,USD,3,50,223,16,1,0.05,2019-05-15,2019-08-30,2019-09-14,2019-09-20,4754.05,6512.40
"SO - 0003969",In-Store,WARE-NMK1003,USD,4,16,183,23,7,0.08,2019-05-15,2019-08-30,2019-09-16,2019-09-18,601.39,884.40
"SO - 0003970",Online,WARE-NMK1003,USD,17,26,92,17,1,0.08,2019-05-15,2019-08-30,2019-09-08,2019-09-17,613.05,1005.00
"SO - 0003971",In-Store,WARE-MKL1006,USD,11,10,333,13,6,0.05,2019-05-15,2019-08-30,2019-09-27,2019-10-01,134.13,174.20
"SO - 0003972",Online,WARE-UHY1004,USD,18,12,235,25,5,0.4,2019-05-15,2019-08-30,2019-09-25,2019-10-01,743.70,1005.00
"SO - 0003973",Online,WARE-XYS1001,USD,20,4,2,28,3,0.08,2019-05-15,2019-08-30,2019-09-19,2019-09-26,4998.27,6170.70
"SO - 0003974",Distributor,WARE-NBV1002,USD,25,9,60,4,7,0.05,2019-05-15,2019-08-30,2019-09-03,2019-09-12,133.20,187.60
"SO - 0003975",In-Store,WARE-XYS1001,USD,2,31,45,1,5,0.05,2019-05-15,2019-08-31,2019-09-06,2019-09-08,98.49,234.50
"SO - 0003976",Online,WARE-NMK1003,USD,18,48,145,31,3,0.05,2019-05-15,2019-08-31,2019-09-20,2019-09-27,655.26,1092.10
"SO - 0003977",Wholesale,WARE-PUJ1005,USD,28,10,296,18,6,0.4,2019-05-15,2019-08-31,2019-09-10,2019-09-17,784.17,1031.80
"SO - 0003978",In-Store,WARE-PUJ1005,USD,7,7,303,23,5,0.3,2019-05-15,2019-08-31,2019-09-21,2019-09-30,128.24,221.10
"SO - 0003979",In-Store,WARE-NBV1002,USD,11,47,71,36,5,0.3,2019-05-15,2019-08-31,2019-09-25,2019-10-05,227.80,268.00
"SO - 0003980",Online,WARE-NBV1002,USD,16,34,87,41,8,0.05,2019-05-15,2019-08-31,2019-09-17,2019-09-21,165.09,214.40
"SO - 0003981",Online,WARE-NMK1003,USD,16,11,132,31,1,0.08,2019-05-15,2019-08-31,2019-09-17,2019-09-27,109.75,174.20
"SO - 0003982",Distributor,WARE-NBV1002,USD,22,33,62,8,5,0.05,2019-05-15,2019-09-01,2019-09-27,2019-10-01,2042.16,5105.40
"SO - 0003983",Online,WARE-NMK1003,USD,15,45,149,22,7,0.15,2019-05-15,2019-09-01,2019-09-27,2019-10-05,1347.91,3209.30
"SO - 0003984",In-Store,WARE-XYS1001,USD,6,23,47,42,8,0.08,2019-05-15,2019-09-01,2019-09-26,2019-10-04,1697.11,1996.60
"SO - 0003985",Distributor,WARE-NMK1003,USD,25,7,131,27,2,0.1,2019-05-15,2019-09-01,2019-09-06,2019-09-15,2950.01,3470.60
"SO - 0003986",In-Store,WARE-NMK1003,USD,11,27,159,35,6,0.05,2019-05-15,2019-09-01,2019-09-20,2019-09-25,4384.21,5768.70
"SO - 0003987",In-Store,WARE-XYS1001,USD,3,33,35,2,4,0.08,2019-05-15,2019-09-01,2019-09-17,2019-09-19,2371.80,4020.00
"SO - 0003988",Online,WARE-PUJ1005,USD,18,9,321,22,7,0.15,2019-05-15,2019-09-01,2019-09-20,2019-09-28,1183.49,2572.80
"SO - 0003989",In-Store,WARE-MKL1006,USD,12,12,337,11,4,0.08,2019-05-15,2019-09-01,2019-09-26,2019-09-30,1331.02,3169.10
"SO - 0003990",Online,WARE-UHY1004,USD,13,34,209,44,1,0.05,2019-05-15,2019-09-01,2019-09-04,2019-09-08,589.47,1112.20
"SO - 0003991",In-Store,WARE-NMK1003,USD,4,8,171,10,7,0.15,2019-05-15,2019-09-01,2019-09-26,2019-10-03,482.40,1072.00
"SO - 0003992",Distributor,WARE-UHY1004,USD,22,15,246,1,2,0.05,2019-05-15,2019-09-01,2019-09-18,2019-09-25,1722.03,2425.40
"SO - 0003993",In-Store,WARE-XYS1001,USD,9,13,19,30,1,0.1,2019-05-15,2019-09-02,2019-09-05,2019-09-15,2907.53,3825.70
"SO - 0003994",Wholesale,WARE-PUJ1005,USD,26,37,322,39,5,0.3,2019-05-15,2019-09-02,2019-09-27,2019-10-01,603.67,1139.00
"SO - 0003995",In-Store,WARE-UHY1004,USD,9,44,252,22,6,0.05,2019-05-15,2019-09-03,2019-09-29,2019-10-02,129.44,187.60
"SO - 0003996",Distributor,WARE-PUJ1005,USD,22,35,306,31,6,0.1,2019-05-15,2019-09-03,2019-10-01,2019-10-07,613.65,864.30
"SO - 0003997",Wholesale,WARE-NMK1003,USD,28,31,126,36,3,0.05,2019-05-15,2019-09-03,2019-09-13,2019-09-16,2850.85,5701.70
"SO - 0003998",In-Store,WARE-PUJ1005,USD,10,13,329,25,2,0.08,2019-05-15,2019-09-03,2019-09-21,2019-09-30,714.56,904.50
"SO - 0003999",In-Store,WARE-NBV1002,USD,6,39,72,15,1,0.4,2019-05-15,2019-09-03,2019-09-13,2019-09-17,822.96,1159.10
"SO - 0004000",Wholesale,WARE-PUJ1005,USD,25,41,311,17,1,0.15,2019-05-15,2019-09-03,2019-09-06,2019-09-08,176.01,247.90
"SO - 0004001",In-Store,WARE-MKL1006,USD,9,2,339,47,7,0.05,2019-05-15,2019-09-03,2019-09-17,2019-09-22,1802.97,3919.50
"SO - 0004002",In-Store,WARE-NMK1003,USD,12,45,200,45,1,0.2,2019-05-15,2019-09-03,2019-09-27,2019-10-02,1714.80,2559.40
"SO - 0004003",In-Store,WARE-NMK1003,USD,1,25,112,41,6,0.08,2019-05-15,2019-09-03,2019-09-13,2019-09-16,1183.49,2572.80
"SO - 0004004",Online,WARE-UHY1004,USD,19,4,221,21,1,0.08,2019-05-15,2019-09-03,2019-09-18,2019-09-20,1743.27,2767.10
"SO - 0004005",Online,WARE-UHY1004,USD,19,18,247,37,7,0.08,2019-05-15,2019-09-04,2019-09-22,2019-09-25,1034.75,1916.20
"SO - 0004006",Online,WARE-NMK1003,USD,19,45,189,43,5,0.05,2019-05-15,2019-09-04,2019-09-21,2019-09-27,943.36,1715.20
"SO - 0004007",Online,WARE-XYS1001,USD,13,39,2,26,3,0.08,2019-05-15,2019-09-04,2019-09-24,2019-09-29,586.79,1011.70
"SO - 0004008",In-Store,WARE-MKL1006,USD,2,23,341,10,6,0.05,2019-05-15,2019-09-04,2019-09-12,2019-09-14,676.57,1025.10
"SO - 0004009",Distributor,WARE-UHY1004,USD,23,32,241,20,6,0.1,2019-05-15,2019-09-05,2019-09-11,2019-09-20,830.93,1065.30
"SO - 0004010",Online,WARE-MKL1006,USD,13,47,332,18,6,0.05,2019-05-15,2019-09-05,2019-09-23,2019-10-02,905.84,1132.30
"SO - 0004011",Distributor,WARE-XYS1001,USD,21,13,21,4,2,0.05,2019-05-15,2019-09-05,2019-09-20,2019-09-29,689.83,884.40
"SO - 0004012",In-Store,WARE-NMK1003,USD,8,24,133,45,8,0.1,2019-05-15,2019-09-05,2019-09-10,2019-09-19,524.61,971.50
"SO - 0004013",In-Store,WARE-PUJ1005,USD,3,23,311,18,4,0.08,2019-05-15,2019-09-05,2019-09-17,2019-09-23,1301.01,1782.20
"SO - 0004014",In-Store,WARE-XYS1001,USD,4,3,43,10,6,0.3,2019-05-15,2019-09-05,2019-09-17,2019-09-26,500.49,1112.20
"SO - 0004015",In-Store,WARE-NMK1003,USD,8,17,116,40,2,0.15,2019-05-15,2019-09-05,2019-09-29,2019-10-01,1616.04,2412.00
"SO - 0004016",In-Store,WARE-XYS1001,USD,9,13,53,8,1,0.15,2019-05-15,2019-09-05,2019-09-29,2019-10-01,3080.53,3899.40
"SO - 0004017",In-Store,WARE-XYS1001,USD,6,27,25,23,3,0.1,2019-05-15,2019-09-05,2019-09-29,2019-09-30,3263.44,3979.80
"SO - 0004018",Online,WARE-MKL1006,USD,12,50,366,40,2,0.1,2019-05-15,2019-09-06,2019-09-23,2019-10-03,1410.75,2519.20
"SO - 0004019",In-Store,WARE-NMK1003,USD,2,19,113,15,1,0.05,2019-05-15,2019-09-06,2019-09-27,2019-10-07,570.10,850.90
"SO - 0004020",In-Store,WARE-NMK1003,USD,9,45,187,45,2,0.08,2019-05-15,2019-09-06,2019-09-24,2019-09-27,1654.63,1969.80
"SO - 0004021",Online,WARE-NBV1002,USD,17,24,71,35,8,0.4,2019-05-15,2019-09-06,2019-09-27,2019-10-04,614.86,1078.70
"SO - 0004022",In-Store,WARE-NBV1002,USD,8,32,82,19,1,0.08,2019-05-15,2019-09-06,2019-10-04,2019-10-07,1482.04,1876.00
"SO - 0004023",Online,WARE-XYS1001,USD,16,11,25,41,4,0.08,2019-05-15,2019-09-06,2019-09-12,2019-09-17,1384.89,1775.50
"SO - 0004024",Online,WARE-NBV1002,USD,20,13,65,37,1,0.08,2019-05-15,2019-09-07,2019-09-27,2019-09-29,464.31,844.20
"SO - 0004025",Distributor,WARE-UHY1004,USD,23,48,225,4,1,0.1,2019-05-15,2019-09-07,2019-09-27,2019-10-02,95.48,167.50
"SO - 0004026",Distributor,WARE-MKL1006,USD,21,43,347,5,5,0.05,2019-05-15,2019-09-07,2019-09-09,2019-09-16,807.02,1105.50
"SO - 0004027",In-Store,WARE-NBV1002,USD,3,44,73,36,7,0.05,2019-05-15,2019-09-07,2019-09-15,2019-09-19,2342.32,3082.00
"SO - 0004028",Distributor,WARE-XYS1001,USD,23,33,50,18,2,0.1,2019-05-15,2019-09-07,2019-09-22,2019-09-23,717.37,864.30
"SO - 0004029",Online,WARE-MKL1006,USD,18,48,340,30,6,0.05,2019-05-15,2019-09-07,2019-09-26,2019-09-28,1402.65,2646.50
"SO - 0004030",In-Store,WARE-UHY1004,USD,3,24,250,33,7,0.15,2019-05-15,2019-09-08,2019-10-01,2019-10-06,1451.42,1748.70
"SO - 0004031",Wholesale,WARE-NBV1002,USD,27,20,80,22,6,0.15,2019-05-15,2019-09-08,2019-10-06,2019-10-16,983.02,1755.40
"SO - 0004032",Distributor,WARE-UHY1004,USD,22,8,240,47,6,0.2,2019-05-15,2019-09-08,2019-10-06,2019-10-09,851.24,1105.50
"SO - 0004033",Online,WARE-MKL1006,USD,14,20,329,46,1,0.1,2019-05-15,2019-09-09,2019-09-13,2019-09-17,652.25,1105.50
"SO - 0004034",Online,WARE-NMK1003,USD,13,27,165,22,6,0.4,2019-05-15,2019-09-09,2019-09-28,2019-10-07,2925.22,3953.00
"SO - 0004035",In-Store,WARE-XYS1001,USD,5,11,46,4,7,0.2,2019-05-15,2019-09-09,2019-09-14,2019-09-20,4129.08,5815.60
"SO - 0004036",Online,WARE-NMK1003,USD,15,45,198,36,3,0.1,2019-05-15,2019-09-09,2019-09-28,2019-10-06,2599.53,3209.30
"SO - 0004037",Online,WARE-UHY1004,USD,13,48,241,43,3,0.2,2019-05-15,2019-09-09,2019-09-17,2019-09-23,1034.15,2298.10
"SO - 0004038",In-Store,WARE-NBV1002,USD,11,44,61,4,7,0.4,2019-05-15,2019-09-09,2019-09-13,2019-09-22,1736.37,3946.30
"SO - 0004039",In-Store,WARE-NBV1002,USD,11,23,87,10,6,0.05,2019-05-15,2019-09-09,2019-09-25,2019-09-30,2674.37,3932.90
"SO - 0004040",In-Store,WARE-UHY1004,USD,4,35,244,27,7,0.05,2019-05-15,2019-09-09,2019-09-29,2019-10-06,572.85,1005.00
"SO - 0004041",Wholesale,WARE-XYS1001,USD,28,7,58,11,8,0.08,2019-05-15,2019-09-09,2019-09-25,2019-09-26,1218.66,2592.90
"SO - 0004042",Distributor,WARE-NMK1003,USD,23,39,105,9,4,0.05,2019-05-15,2019-09-09,2019-09-27,2019-09-30,801.99,1145.70
"SO - 0004043",In-Store,WARE-NMK1003,USD,1,38,94,42,7,0.08,2019-05-15,2019-09-09,2019-10-07,2019-10-10,475.23,1159.10
"SO - 0004044",Online,WARE-PUJ1005,USD,13,4,265,38,2,0.2,2019-05-15,2019-09-09,2019-09-27,2019-09-29,469.60,1092.10
"SO - 0004045",Online,WARE-PUJ1005,USD,13,29,323,46,7,0.08,2019-05-15,2019-09-09,2019-09-24,2019-10-02,578.28,917.90
"SO - 0004046",In-Store,WARE-UHY1004,USD,11,5,251,37,1,0.05,2019-05-15,2019-09-09,2019-09-22,2019-09-23,193.36,261.30
"SO - 0004047",Online,WARE-UHY1004,USD,19,6,225,41,1,0.05,2019-05-15,2019-09-09,2019-10-01,2019-10-08,1472.33,1963.10
"SO - 0004048",Distributor,WARE-NMK1003,USD,24,11,91,35,1,0.4,2019-05-15,2019-09-10,2019-09-18,2019-09-24,2626.67,5969.70
"SO - 0004049",Online,WARE-PUJ1005,USD,14,34,286,35,8,0.08,2019-05-15,2019-09-10,2019-09-25,2019-10-02,1219.40,3048.50
"SO - 0004050",Online,WARE-PUJ1005,USD,20,24,298,7,8,0.08,2019-05-15,2019-09-10,2019-09-20,2019-09-25,649.50,877.70
"SO - 0004051",Online,WARE-XYS1001,USD,18,10,9,10,7,0.1,2019-05-15,2019-09-10,2019-09-22,2019-09-29,1224.09,1943.00
"SO - 0004052",In-Store,WARE-PUJ1005,USD,11,25,325,40,7,0.05,2019-05-15,2019-09-10,2019-09-12,2019-09-18,1806.32,2257.90
"SO - 0004053",Distributor,WARE-NMK1003,USD,23,19,179,16,6,0.05,2019-05-15,2019-09-10,2019-09-18,2019-09-27,795.96,1105.50
"SO - 0004054",In-Store,WARE-XYS1001,USD,6,43,25,39,2,0.05,2019-05-15,2019-09-10,2019-10-02,2019-10-07,738.07,1085.40
"SO - 0004055",Wholesale,WARE-NMK1003,USD,27,37,127,43,7,0.1,2019-05-15,2019-09-10,2019-09-21,2019-09-26,3106.66,6472.20
"SO - 0004056",In-Store,WARE-MKL1006,USD,2,5,329,28,5,0.1,2019-05-15,2019-09-10,2019-10-07,2019-10-09,3267.99,5835.70
"SO - 0004057",In-Store,WARE-PUJ1005,USD,6,15,286,33,1,0.05,2019-05-15,2019-09-11,2019-09-17,2019-09-23,1886.25,4013.30
"SO - 0004058",In-Store,WARE-NMK1003,USD,3,14,169,6,3,0.05,2019-05-15,2019-09-11,2019-10-06,2019-10-13,2357.60,3102.10
"SO - 0004059",Online,WARE-UHY1004,USD,13,10,230,3,3,0.1,2019-05-15,2019-09-11,2019-10-05,2019-10-15,593.02,1118.90
"SO - 0004060",Online,WARE-MKL1006,USD,12,41,344,17,1,0.1,2019-05-15,2019-09-11,2019-10-09,2019-10-16,2265.54,3906.10
"SO - 0004061",Distributor,WARE-NMK1003,USD,23,50,95,3,8,0.15,2019-05-15,2019-09-11,2019-10-03,2019-10-11,1757.01,3993.20
"SO - 0004062",In-Store,WARE-NMK1003,USD,12,42,175,23,7,0.4,2019-05-15,2019-09-11,2019-10-07,2019-10-08,2614.61,5447.10
"SO - 0004063",In-Store,WARE-NMK1003,USD,5,42,167,1,3,0.05,2019-05-15,2019-09-11,2019-10-03,2019-10-04,928.02,1145.70
"SO - 0004064",In-Store,WARE-XYS1001,USD,11,16,22,29,5,0.05,2019-05-15,2019-09-12,2019-09-23,2019-09-29,4132.36,6559.30
"SO - 0004065",Online,WARE-NMK1003,USD,20,30,119,10,8,0.1,2019-05-15,2019-09-12,2019-09-19,2019-09-23,433.96,850.90
"SO - 0004066",Online,WARE-NMK1003,USD,19,50,89,23,7,0.15,2019-05-15,2019-09-12,2019-10-08,2019-10-16,707.52,1072.00
"SO - 0004067",In-Store,WARE-NMK1003,USD,1,39,193,44,6,0.08,2019-05-15,2019-09-12,2019-09-16,2019-09-19,625.31,1025.10
"SO - 0004068",In-Store,WARE-MKL1006,USD,10,23,362,21,3,0.1,2019-05-15,2019-09-12,2019-10-08,2019-10-18,3023.17,3926.20
"SO - 0004069",Online,WARE-NMK1003,USD,15,29,133,14,4,0.05,2019-05-15,2019-09-12,2019-09-19,2019-09-28,137.08,207.70
"SO - 0004070",In-Store,WARE-MKL1006,USD,11,6,331,38,8,0.05,2019-05-15,2019-09-12,2019-09-28,2019-10-08,1243.86,2646.50
"SO - 0004071",Online,WARE-NMK1003,USD,18,27,175,26,6,0.05,2019-05-15,2019-09-13,2019-09-20,2019-09-25,361.80,723.60
"SO - 0004072",Online,WARE-UHY1004,USD,13,48,231,8,2,0.15,2019-05-15,2019-09-13,2019-09-19,2019-09-25,569.50,1139.00
"SO - 0004073",Online,WARE-NBV1002,USD,17,43,79,29,6,0.3,2019-05-15,2019-09-13,2019-10-01,2019-10-10,4050.28,5956.30
"SO - 0004074",In-Store,WARE-NMK1003,USD,5,9,93,28,6,0.2,2019-05-15,2019-09-13,2019-10-01,2019-10-11,505.98,857.60
"SO - 0004075",Online,WARE-MKL1006,USD,15,40,350,10,8,0.08,2019-05-15,2019-09-13,2019-10-05,2019-10-07,2612.60,3899.40
"SO - 0004076",In-Store,WARE-PUJ1005,USD,8,12,311,17,1,0.05,2019-05-15,2019-09-13,2019-09-30,2019-10-02,1529.28,1842.50
"SO - 0004077",In-Store,WARE-PUJ1005,USD,4,11,317,37,2,0.05,2019-05-15,2019-09-13,2019-10-09,2019-10-16,96.48,214.40
"SO - 0004078",Wholesale,WARE-UHY1004,USD,25,40,240,3,1,0.15,2019-05-15,2019-09-14,2019-10-12,2019-10-18,501.16,1139.00
"SO - 0004079",Online,WARE-MKL1006,USD,13,8,350,4,5,0.08,2019-05-15,2019-09-14,2019-09-21,2019-09-26,302.51,703.50
"SO - 0004080",Online,WARE-NMK1003,USD,13,32,170,1,6,0.15,2019-05-15,2019-09-14,2019-09-20,2019-09-30,2797.92,6217.60
"SO - 0004081",Distributor,WARE-NMK1003,USD,24,35,145,6,3,0.08,2019-05-15,2019-09-14,2019-10-06,2019-10-08,3081.00,3624.70
"SO - 0004082",In-Store,WARE-XYS1001,USD,2,27,57,15,4,0.05,2019-05-15,2019-09-14,2019-10-05,2019-10-09,1205.33,1721.90
"SO - 0004083",In-Store,WARE-NMK1003,USD,4,29,147,36,2,0.08,2019-05-15,2019-09-14,2019-10-08,2019-10-18,877.97,1829.10
"SO - 0004084",In-Store,WARE-NMK1003,USD,1,37,197,1,7,0.08,2019-05-15,2019-09-14,2019-10-03,2019-10-05,4643.90,6110.40
"SO - 0004085",Online,WARE-NBV1002,USD,18,30,77,15,7,0.05,2019-05-15,2019-09-14,2019-10-04,2019-10-09,2137.30,3886.00
"SO - 0004086",Online,WARE-PUJ1005,USD,19,20,325,17,8,0.05,2019-05-15,2019-09-14,2019-09-22,2019-10-02,3743.29,5058.50
"SO - 0004087",In-Store,WARE-MKL1006,USD,2,31,352,43,7,0.1,2019-05-15,2019-09-14,2019-10-04,2019-10-07,775.39,1092.10
"SO - 0004088",Online,WARE-PUJ1005,USD,15,4,318,40,8,0.08,2019-05-15,2019-09-14,2019-10-10,2019-10-15,896.86,1949.70
"SO - 0004089",Online,WARE-NMK1003,USD,15,23,166,13,2,0.15,2019-05-15,2019-09-14,2019-10-03,2019-10-08,3225.38,3886.00
"SO - 0004090",Wholesale,WARE-UHY1004,USD,26,27,257,26,4,0.05,2019-05-15,2019-09-15,2019-09-28,2019-09-30,1553.33,3376.80
"SO - 0004091",Online,WARE-XYS1001,USD,18,15,47,20,6,0.05,2019-05-15,2019-09-15,2019-09-21,2019-09-29,86.83,180.90
"SO - 0004092",Distributor,WARE-PUJ1005,USD,21,47,283,22,5,0.1,2019-05-15,2019-09-15,2019-09-26,2019-10-05,205.76,247.90
"SO - 0004093",In-Store,WARE-PUJ1005,USD,3,20,273,14,1,0.05,2019-05-15,2019-09-15,2019-10-07,2019-10-09,2508.48,3135.60
"SO - 0004094",Distributor,WARE-XYS1001,USD,21,19,24,2,5,0.1,2019-05-15,2019-09-15,2019-09-21,2019-09-24,1739.99,2485.70
"SO - 0004095",Online,WARE-UHY1004,USD,20,49,208,25,2,0.15,2019-05-15,2019-09-15,2019-09-29,2019-10-06,3210.64,4013.30
"SO - 0004096",In-Store,WARE-XYS1001,USD,12,29,35,31,2,0.08,2019-05-15,2019-09-15,2019-10-11,2019-10-12,3048.77,6351.60
"SO - 0004097",Wholesale,WARE-XYS1001,USD,27,38,40,21,6,0.2,2019-05-15,2019-09-15,2019-09-28,2019-10-06,645.34,1152.40
"SO - 0004098",Wholesale,WARE-NBV1002,USD,27,40,77,33,2,0.05,2019-05-15,2019-09-16,2019-10-10,2019-10-20,723.60,1005.00
"SO - 0004099",Wholesale,WARE-UHY1004,USD,27,28,244,21,1,0.05,2019-05-15,2019-09-16,2019-09-21,2019-09-26,2465.60,3852.50
"SO - 0004100",In-Store,WARE-NMK1003,USD,9,28,174,17,2,0.2,2019-05-15,2019-09-16,2019-09-18,2019-09-24,478.65,1018.40
"SO - 0004101",Online,WARE-NBV1002,USD,13,41,73,9,4,0.3,2019-05-15,2019-09-17,2019-09-26,2019-10-02,934.25,1112.20
"SO - 0004102",In-Store,WARE-NMK1003,USD,3,34,182,9,3,0.05,2019-05-15,2019-09-17,2019-10-08,2019-10-13,1242.85,1775.50
"SO - 0004103",In-Store,WARE-NMK1003,USD,1,48,138,4,5,0.15,2019-05-15,2019-09-17,2019-10-06,2019-10-10,4075.48,5507.40
"SO - 0004104",Distributor,WARE-PUJ1005,USD,21,25,315,19,3,0.05,2019-05-15,2019-09-17,2019-09-29,2019-10-02,2457.02,3839.10
"SO - 0004105",Online,WARE-PUJ1005,USD,18,49,269,15,3,0.4,2019-05-15,2019-09-17,2019-09-19,2019-09-24,1999.82,2438.80
"SO - 0004106",Online,WARE-XYS1001,USD,13,34,32,10,4,0.1,2019-05-15,2019-09-17,2019-10-04,2019-10-07,2824.05,3765.40
"SO - 0004107",Online,WARE-NMK1003,USD,14,40,110,4,4,0.15,2019-05-15,2019-09-18,2019-10-01,2019-10-05,2653.20,4020.00
"SO - 0004108",Wholesale,WARE-NMK1003,USD,25,38,100,24,3,0.3,2019-05-15,2019-09-18,2019-10-01,2019-10-02,698.68,884.40
"SO - 0004109",Online,WARE-NBV1002,USD,19,2,74,2,3,0.05,2019-05-15,2019-09-18,2019-10-02,2019-10-05,1591.92,1989.90
"SO - 0004110",In-Store,WARE-PUJ1005,USD,4,9,296,9,8,0.2,2019-05-15,2019-09-18,2019-10-01,2019-10-03,2063.13,3892.70
"SO - 0004111",In-Store,WARE-MKL1006,USD,12,20,367,1,7,0.05,2019-05-15,2019-09-18,2019-09-21,2019-09-26,377.34,857.60
"SO - 0004112",Distributor,WARE-PUJ1005,USD,23,39,303,20,3,0.05,2019-05-15,2019-09-18,2019-10-01,2019-10-05,553.55,1025.10
"SO - 0004113",In-Store,WARE-PUJ1005,USD,8,39,303,19,7,0.08,2019-05-15,2019-09-18,2019-09-26,2019-10-03,3653.38,5145.60
"SO - 0004114",Online,WARE-NMK1003,USD,14,35,115,47,6,0.08,2019-05-15,2019-09-18,2019-10-12,2019-10-19,950.33,1319.90
"SO - 0004115",Distributor,WARE-UHY1004,USD,23,45,216,47,7,0.2,2019-05-15,2019-09-18,2019-09-23,2019-09-30,610.24,884.40
"SO - 0004116",In-Store,WARE-MKL1006,USD,11,21,365,19,1,0.1,2019-05-15,2019-09-18,2019-10-10,2019-10-13,760.58,1152.40
"SO - 0004117",Online,WARE-PUJ1005,USD,15,40,279,45,1,0.15,2019-05-15,2019-09-19,2019-09-25,2019-10-05,2556.39,3932.90
"SO - 0004118",In-Store,WARE-NMK1003,USD,1,12,167,7,4,0.2,2019-05-15,2019-09-19,2019-09-24,2019-09-28,516.84,891.10
"SO - 0004119",Online,WARE-UHY1004,USD,18,39,206,18,7,0.15,2019-05-15,2019-09-19,2019-10-08,2019-10-17,3173.12,3966.40
"SO - 0004120",Distributor,WARE-XYS1001,USD,22,24,42,43,7,0.4,2019-05-15,2019-09-19,2019-09-23,2019-09-24,325.55,757.10
"SO - 0004121",Distributor,WARE-NMK1003,USD,22,29,198,27,1,0.05,2019-05-15,2019-09-19,2019-10-07,2019-10-11,113.97,180.90
"SO - 0004122",In-Store,WARE-MKL1006,USD,4,7,347,2,7,0.15,2019-05-15,2019-09-19,2019-09-22,2019-09-26,1063.36,1802.30
"SO - 0004123",Wholesale,WARE-PUJ1005,USD,27,29,315,39,6,0.3,2019-05-15,2019-09-20,2019-10-08,2019-10-09,108.00,174.20
"SO - 0004124",Wholesale,WARE-NBV1002,USD,27,40,62,29,4,0.08,2019-05-15,2019-09-20,2019-09-30,2019-10-02,134.87,221.10
"SO - 0004125",Wholesale,WARE-PUJ1005,USD,28,41,289,31,7,0.4,2019-05-15,2019-09-20,2019-10-03,2019-10-12,1846.25,2224.40
"SO - 0004126",Online,WARE-NBV1002,USD,13,6,84,24,2,0.05,2019-05-15,2019-09-20,2019-09-30,2019-10-01,2038.01,3041.80
"SO - 0004127",In-Store,WARE-NBV1002,USD,8,38,76,24,3,0.15,2019-05-15,2019-09-20,2019-09-29,2019-10-03,3043.81,3953.00
"SO - 0004128",Online,WARE-PUJ1005,USD,13,10,290,24,2,0.1,2019-05-15,2019-09-20,2019-09-24,2019-10-02,560.92,1078.70
"SO - 0004129",In-Store,WARE-NBV1002,USD,9,2,59,23,7,0.3,2019-05-15,2019-09-20,2019-09-24,2019-09-29,176.88,268.00
"SO - 0004130",In-Store,WARE-UHY1004,USD,6,23,230,37,6,0.1,2019-05-15,2019-09-20,2019-09-26,2019-09-29,1013.84,1299.80
"SO - 0004131",In-Store,WARE-UHY1004,USD,6,50,255,31,6,0.15,2019-05-15,2019-09-20,2019-10-15,2019-10-17,868.32,1085.40
"SO - 0004132",Online,WARE-NMK1003,USD,17,50,196,19,1,0.08,2019-05-15,2019-09-21,2019-09-27,2019-09-30,873.35,1105.50
"SO - 0004133",Distributor,WARE-UHY1004,USD,21,19,209,42,8,0.15,2019-05-15,2019-09-21,2019-10-10,2019-10-16,1123.59,1728.60
"SO - 0004134",Wholesale,WARE-PUJ1005,USD,27,29,270,20,1,0.1,2019-05-15,2019-09-21,2019-09-26,2019-10-01,1760.09,2378.50
"SO - 0004135",In-Store,WARE-UHY1004,USD,8,30,219,17,4,0.05,2019-05-15,2019-09-21,2019-09-28,2019-09-29,2364.97,3195.90
"SO - 0004136",Online,WARE-NMK1003,USD,18,30,141,32,6,0.2,2019-05-15,2019-09-21,2019-09-25,2019-09-26,154.37,214.40
"SO - 0004137",In-Store,WARE-UHY1004,USD,4,32,226,7,4,0.05,2019-05-15,2019-09-21,2019-09-30,2019-10-04,797.77,984.90
"SO - 0004138",Online,WARE-XYS1001,USD,16,39,24,34,2,0.05,2019-05-15,2019-09-21,2019-10-11,2019-10-18,1095.85,1889.40
"SO - 0004139",In-Store,WARE-NMK1003,USD,7,9,166,25,7,0.2,2019-05-15,2019-09-21,2019-10-02,2019-10-04,748.52,891.10
"SO - 0004140",Online,WARE-NMK1003,USD,14,20,193,7,1,0.08,2019-05-15,2019-09-22,2019-10-11,2019-10-20,821.69,1125.60
"SO - 0004141",Online,WARE-NMK1003,USD,16,36,110,3,1,0.1,2019-05-15,2019-09-22,2019-10-16,2019-10-24,2723.95,6485.60
"SO - 0004142",Online,WARE-MKL1006,USD,12,15,339,14,7,0.05,2019-05-15,2019-09-22,2019-09-27,2019-10-05,1416.51,2284.70
"SO - 0004143",In-Store,WARE-NMK1003,USD,9,35,147,9,7,0.08,2019-05-15,2019-09-22,2019-09-27,2019-09-29,3434.42,6244.40
"SO - 0004144",Online,WARE-NMK1003,USD,15,48,134,16,4,0.1,2019-05-15,2019-09-22,2019-10-15,2019-10-17,2213.95,5031.70
"SO - 0004145",Distributor,WARE-MKL1006,USD,24,3,358,19,1,0.05,2019-05-15,2019-09-22,2019-10-08,2019-10-10,4731.94,5989.80
"SO - 0004146",Distributor,WARE-UHY1004,USD,23,25,206,41,3,0.2,2019-05-15,2019-09-22,2019-10-09,2019-10-12,2458.63,3725.20
"SO - 0004147",Wholesale,WARE-PUJ1005,USD,26,28,275,45,3,0.1,2019-05-15,2019-09-22,2019-09-30,2019-10-06,879.17,1085.40
"SO - 0004148",Online,WARE-PUJ1005,USD,17,14,289,41,7,0.15,2019-05-15,2019-09-23,2019-09-27,2019-10-01,2393.24,5092.00
"SO - 0004149",In-Store,WARE-NMK1003,USD,3,31,203,26,3,0.08,2019-05-15,2019-09-23,2019-10-08,2019-10-09,4104.96,6036.70
"SO - 0004150",Online,WARE-UHY1004,USD,20,22,206,17,8,0.15,2019-05-15,2019-09-23,2019-10-21,2019-10-23,2827.00,3872.60
"SO - 0004151",Online,WARE-PUJ1005,USD,14,6,298,40,7,0.1,2019-05-15,2019-09-23,2019-10-18,2019-10-20,1588.30,2941.30
"SO - 0004152",Online,WARE-UHY1004,USD,13,30,246,12,7,0.1,2019-05-15,2019-09-23,2019-10-01,2019-10-06,159.19,241.20
"SO - 0004153",In-Store,WARE-MKL1006,USD,1,41,348,18,1,0.05,2019-05-15,2019-09-23,2019-10-14,2019-10-24,179.56,268.00
"SO - 0004154",Online,WARE-NMK1003,USD,18,33,177,11,2,0.08,2019-05-15,2019-09-23,2019-10-15,2019-10-20,90.45,167.50
"SO - 0004155",Online,WARE-MKL1006,USD,20,21,357,16,7,0.08,2019-05-15,2019-09-23,2019-09-27,2019-10-06,994.35,1949.70
"SO - 0004156",In-Store,WARE-UHY1004,USD,6,9,243,34,7,0.1,2019-05-15,2019-09-23,2019-10-10,2019-10-17,2144.00,2680.00
"SO - 0004157",In-Store,WARE-PUJ1005,USD,2,46,291,19,4,0.2,2019-05-15,2019-09-23,2019-10-03,2019-10-09,2591.23,3986.50
"SO - 0004158",Wholesale,WARE-PUJ1005,USD,27,5,273,3,2,0.05,2019-05-15,2019-09-23,2019-09-26,2019-10-01,75.38,167.50
"SO - 0004159",Online,WARE-XYS1001,USD,20,3,12,23,8,0.1,2019-05-15,2019-09-23,2019-10-20,2019-10-26,97.15,194.30
"SO - 0004160",In-Store,WARE-NBV1002,USD,7,24,66,28,8,0.08,2019-05-15,2019-09-23,2019-10-15,2019-10-21,1073.34,2385.20
"SO - 0004161",Distributor,WARE-NMK1003,USD,23,31,141,5,8,0.08,2019-05-15,2019-09-24,2019-10-04,2019-10-05,3601.32,5219.30
"SO - 0004162",In-Store,WARE-PUJ1005,USD,10,26,285,17,8,0.1,2019-05-15,2019-09-24,2019-10-22,2019-11-01,1512.59,2224.40
"SO - 0004163",In-Store,WARE-PUJ1005,USD,1,24,284,29,8,0.05,2019-05-15,2019-09-24,2019-10-09,2019-10-11,1472.53,2231.10
"SO - 0004164",In-Store,WARE-UHY1004,USD,9,25,255,25,6,0.15,2019-05-15,2019-09-24,2019-09-27,2019-09-30,4539.92,5896.00
"SO - 0004165",Wholesale,WARE-PUJ1005,USD,27,44,324,33,8,0.15,2019-05-15,2019-09-25,2019-10-17,2019-10-20,1847.86,2639.80
"SO - 0004166",In-Store,WARE-NMK1003,USD,9,42,148,30,4,0.05,2019-05-15,2019-09-25,2019-10-15,2019-10-16,700.28,1045.20
"SO - 0004167",In-Store,WARE-PUJ1005,USD,5,18,290,43,4,0.05,2019-05-15,2019-09-25,2019-09-28,2019-09-30,951.94,1286.40
"SO - 0004168",Distributor,WARE-NBV1002,USD,21,28,85,19,7,0.15,2019-05-15,2019-09-25,2019-10-06,2019-10-08,1778.31,3865.90
"SO - 0004169",In-Store,WARE-PUJ1005,USD,4,50,284,41,4,0.05,2019-05-15,2019-09-25,2019-10-17,2019-10-19,3520.31,6519.10
"SO - 0004170",Online,WARE-NMK1003,USD,12,3,175,37,7,0.1,2019-05-15,2019-09-25,2019-10-14,2019-10-17,3365.54,4006.60
"SO - 0004171",Wholesale,WARE-UHY1004,USD,28,17,209,29,7,0.08,2019-05-15,2019-09-25,2019-10-23,2019-10-30,841.39,1078.70
"SO - 0004172",In-Store,WARE-XYS1001,USD,5,49,52,10,4,0.1,2019-05-15,2019-09-25,2019-10-03,2019-10-12,675.36,1125.60
"SO - 0004173",In-Store,WARE-UHY1004,USD,12,44,209,5,5,0.1,2019-05-15,2019-09-25,2019-10-21,2019-10-29,203.28,247.90
"SO - 0004174",In-Store,WARE-PUJ1005,USD,7,9,289,27,1,0.05,2019-05-15,2019-09-26,2019-09-29,2019-10-09,1879.02,2378.50
"SO - 0004175",Wholesale,WARE-PUJ1005,USD,27,49,299,6,1,0.15,2019-05-15,2019-09-26,2019-10-02,2019-10-05,137.48,254.60
"SO - 0004176",In-Store,WARE-XYS1001,USD,8,21,42,9,6,0.05,2019-05-15,2019-09-26,2019-10-13,2019-10-14,2647.84,3309.80
"SO - 0004177",Online,WARE-PUJ1005,USD,14,36,275,40,2,0.05,2019-05-15,2019-09-26,2019-10-07,2019-10-16,1004.93,1896.10
"SO - 0004178",Wholesale,WARE-NBV1002,USD,28,23,68,27,2,0.1,2019-05-15,2019-09-26,2019-10-24,2019-11-02,949.73,1172.50
"SO - 0004179",Distributor,WARE-XYS1001,USD,22,48,14,31,5,0.15,2019-05-15,2019-09-26,2019-10-07,2019-10-14,1348.78,3289.70
"SO - 0004180",Distributor,WARE-NMK1003,USD,24,7,165,17,1,0.05,2019-05-15,2019-09-26,2019-10-13,2019-10-22,623.10,1038.50
"SO - 0004181",Distributor,WARE-MKL1006,USD,23,37,363,17,5,0.08,2019-05-15,2019-09-26,2019-10-17,2019-10-21,877.97,1125.60
"SO - 0004182",In-Store,WARE-MKL1006,USD,4,2,360,7,8,0.08,2019-05-15,2019-09-26,2019-10-16,2019-10-25,1495.44,1869.30
"SO - 0004183",In-Store,WARE-NMK1003,USD,12,27,134,40,8,0.1,2019-05-15,2019-09-27,2019-10-08,2019-10-15,704.91,1118.90
"SO - 0004184",In-Store,WARE-UHY1004,USD,5,36,209,11,4,0.08,2019-05-15,2019-09-27,2019-09-29,2019-09-30,827.32,1969.80
"SO - 0004185",In-Store,WARE-UHY1004,USD,9,16,214,23,4,0.3,2019-05-15,2019-09-27,2019-10-18,2019-10-20,1612.49,3932.90
"SO - 0004186",In-Store,WARE-UHY1004,USD,9,29,215,38,3,0.05,2019-05-15,2019-09-27,2019-10-08,2019-10-15,723.40,1185.90
"SO - 0004187",In-Store,WARE-UHY1004,USD,3,12,231,46,8,0.05,2019-05-15,2019-09-27,2019-10-17,2019-10-21,668.79,1078.70
"SO - 0004188",Online,WARE-PUJ1005,USD,18,44,286,33,7,0.05,2019-05-15,2019-09-27,2019-10-22,2019-10-28,437.18,971.50
"SO - 0004189",Distributor,WARE-NBV1002,USD,22,16,64,38,4,0.2,2019-05-15,2019-09-28,2019-10-25,2019-10-30,142.38,167.50
"SO - 0004190",Online,WARE-NMK1003,USD,20,18,146,40,6,0.05,2019-05-15,2019-09-28,2019-10-13,2019-10-16,2249.39,3946.30
"SO - 0004191",Distributor,WARE-UHY1004,USD,22,40,258,1,2,0.2,2019-05-15,2019-09-28,2019-10-09,2019-10-17,703.50,1005.00
"SO - 0004192",In-Store,WARE-NMK1003,USD,11,34,108,14,1,0.08,2019-05-15,2019-09-28,2019-10-15,2019-10-23,485.62,1011.70
"SO - 0004193",Online,WARE-UHY1004,USD,13,31,252,4,1,0.05,2019-05-15,2019-09-28,2019-10-16,2019-10-19,1676.54,2941.30
"SO - 0004194",In-Store,WARE-MKL1006,USD,8,26,346,5,7,0.1,2019-05-15,2019-09-28,2019-10-04,2019-10-11,2721.00,3832.40
"SO - 0004195",Distributor,WARE-XYS1001,USD,21,21,22,15,6,0.08,2019-05-15,2019-09-28,2019-10-21,2019-10-29,2710.82,3986.50
"SO - 0004196",Online,WARE-NMK1003,USD,17,45,181,28,3,0.05,2019-05-15,2019-09-28,2019-10-03,2019-10-13,829.59,1011.70
"SO - 0004197",Online,WARE-NMK1003,USD,17,1,200,40,4,0.2,2019-05-15,2019-09-28,2019-10-12,2019-10-20,1728.94,2659.90
"SO - 0004198",Online,WARE-NMK1003,USD,18,26,100,1,8,0.05,2019-08-23,2019-09-28,2019-10-01,2019-10-08,585.92,1065.30
"SO - 0004199",Online,WARE-UHY1004,USD,16,8,226,12,6,0.15,2019-08-23,2019-09-28,2019-10-20,2019-10-27,1006.88,1936.30
"SO - 0004200",Distributor,WARE-NMK1003,USD,21,32,161,47,4,0.08,2019-05-15,2019-09-28,2019-10-03,2019-10-11,112.76,221.10
"SO - 0004201",Online,WARE-XYS1001,USD,20,10,42,14,4,0.08,2019-05-15,2019-09-28,2019-10-12,2019-10-14,1086.20,1293.10
"SO - 0004202",Wholesale,WARE-UHY1004,USD,26,2,219,2,2,0.05,2019-05-15,2019-09-29,2019-10-19,2019-10-26,1196.96,2659.90
"SO - 0004203",In-Store,WARE-PUJ1005,USD,3,34,295,16,8,0.05,2019-05-15,2019-09-29,2019-10-22,2019-10-29,551.54,1125.60
"SO - 0004204",In-Store,WARE-UHY1004,USD,4,12,237,27,3,0.05,2019-05-15,2019-09-29,2019-10-23,2019-10-25,862.89,1065.30
"SO - 0004205",Online,WARE-NMK1003,USD,19,10,151,21,4,0.05,2019-08-23,2019-09-29,2019-10-25,2019-10-27,4562.70,6083.60
"SO - 0004206",Wholesale,WARE-NBV1002,USD,28,41,64,8,1,0.08,2019-05-15,2019-09-29,2019-10-23,2019-10-29,587.93,904.50
"SO - 0004207",In-Store,WARE-MKL1006,USD,4,8,331,18,4,0.1,2019-05-15,2019-09-29,2019-10-01,2019-10-03,1242.58,1882.70
"SO - 0004208",Online,WARE-XYS1001,USD,20,23,37,17,4,0.05,2019-05-15,2019-09-29,2019-10-21,2019-10-28,737.54,1715.20
"SO - 0004209",In-Store,WARE-XYS1001,USD,10,44,21,26,7,0.05,2019-05-15,2019-09-29,2019-10-06,2019-10-07,2924.55,3899.40
"SO - 0004210",Wholesale,WARE-NMK1003,USD,26,6,170,36,1,0.15,2019-05-15,2019-09-29,2019-10-12,2019-10-13,1966.05,3510.80
"SO - 0004211",Online,WARE-UHY1004,USD,19,27,223,6,1,0.05,2019-05-15,2019-09-30,2019-10-08,2019-10-17,391.28,978.20
"SO - 0004212",In-Store,WARE-NMK1003,USD,8,38,188,35,6,0.08,2019-05-15,2019-09-30,2019-10-14,2019-10-21,3515.49,6391.80
"SO - 0004213",In-Store,WARE-NMK1003,USD,8,40,175,32,7,0.1,2019-05-15,2019-09-30,2019-10-07,2019-10-16,1123.93,1842.50
"SO - 0004214",Online,WARE-NMK1003,USD,19,3,183,31,4,0.08,2019-08-23,2019-09-30,2019-10-27,2019-10-28,1554.40,3886.00
"SO - 0004215",In-Store,WARE-PUJ1005,USD,5,48,321,44,5,0.05,2019-08-23,2019-09-30,2019-10-25,2019-11-04,1537.65,1809.00
"SO - 0004216",Online,WARE-PUJ1005,USD,19,5,308,13,1,0.05,2019-05-15,2019-09-30,2019-10-21,2019-10-22,5052.54,6237.70
"SO - 0004217",Online,WARE-NMK1003,USD,18,13,129,31,7,0.1,2019-05-15,2019-09-30,2019-10-04,2019-10-11,2547.07,3859.20
"SO - 0004218",In-Store,WARE-NMK1003,USD,3,23,199,20,1,0.15,2019-05-15,2019-09-30,2019-10-07,2019-10-16,789.33,1252.90
"SO - 0004219",Online,WARE-MKL1006,USD,14,23,361,37,5,0.08,2019-05-15,2019-10-01,2019-10-19,2019-10-21,543.30,1065.30
"SO - 0004220",In-Store,WARE-XYS1001,USD,12,33,21,21,4,0.3,2019-05-15,2019-10-01,2019-10-21,2019-10-27,1122.79,2673.30
"SO - 0004221",Distributor,WARE-NMK1003,USD,21,36,121,8,1,0.05,2019-05-15,2019-10-01,2019-10-04,2019-10-09,2538.97,3906.10
"SO - 0004222",In-Store,WARE-MKL1006,USD,1,46,355,2,8,0.1,2019-08-23,2019-10-01,2019-10-27,2019-11-06,3709.12,5795.50
"SO - 0004223",In-Store,WARE-PUJ1005,USD,7,45,319,30,2,0.15,2019-05-15,2019-10-01,2019-10-17,2019-10-26,1201.98,1742.00
"SO - 0004224",Online,WARE-NBV1002,USD,16,6,60,2,8,0.15,2019-05-15,2019-10-01,2019-10-03,2019-10-11,3059.35,3872.60
"SO - 0004225",In-Store,WARE-MKL1006,USD,7,12,357,10,8,0.1,2019-05-15,2019-10-01,2019-10-09,2019-10-18,171.52,268.00
"SO - 0004226",Wholesale,WARE-NMK1003,USD,25,48,149,31,1,0.08,2019-05-15,2019-10-01,2019-10-23,2019-10-31,656.47,924.60
"SO - 0004227",Online,WARE-UHY1004,USD,18,12,259,39,5,0.08,2019-05-15,2019-10-01,2019-10-28,2019-11-06,1653.69,3845.80
"SO - 0004228",Online,WARE-NMK1003,USD,20,48,166,26,8,0.1,2019-08-23,2019-10-02,2019-10-08,2019-10-09,446.56,1038.50
"SO - 0004229",In-Store,WARE-MKL1006,USD,6,21,352,31,2,0.08,2019-05-15,2019-10-02,2019-10-07,2019-10-10,1207.21,1916.20
"SO - 0004230",In-Store,WARE-XYS1001,USD,8,32,49,33,5,0.4,2019-05-15,2019-10-02,2019-10-25,2019-10-26,888.02,1889.40
"SO - 0004231",In-Store,WARE-PUJ1005,USD,4,46,267,44,4,0.08,2019-05-15,2019-10-02,2019-10-12,2019-10-13,831.00,1051.90
"SO - 0004232",In-Store,WARE-XYS1001,USD,10,7,11,40,8,0.05,2019-05-15,2019-10-02,2019-10-30,2019-11-07,647.22,1078.70
"SO - 0004233",Distributor,WARE-NMK1003,USD,23,21,197,8,2,0.2,2019-08-23,2019-10-03,2019-10-08,2019-10-10,2630.55,3926.20
"SO - 0004234",Wholesale,WARE-UHY1004,USD,27,11,260,7,8,0.1,2019-05-15,2019-10-03,2019-10-07,2019-10-16,1257.86,1996.60
"SO - 0004235",Distributor,WARE-NMK1003,USD,24,31,116,34,1,0.08,2019-05-15,2019-10-03,2019-10-15,2019-10-21,1802.97,4006.60
"SO - 0004236",Online,WARE-UHY1004,USD,14,50,212,7,7,0.3,2019-05-15,2019-10-03,2019-10-26,2019-10-27,1097.46,2613.00
"SO - 0004237",Wholesale,WARE-NBV1002,USD,26,17,86,19,8,0.1,2019-08-23,2019-10-03,2019-10-14,2019-10-20,2111.84,2639.80
"SO - 0004238",In-Store,WARE-PUJ1005,USD,1,15,320,11,1,0.1,2019-08-23,2019-10-03,2019-10-21,2019-10-23,4714.92,6458.80
"SO - 0004239",Online,WARE-NMK1003,USD,17,7,115,22,2,0.08,2019-05-15,2019-10-03,2019-10-20,2019-10-24,2166.78,3095.40
"SO - 0004240",Online,WARE-NMK1003,USD,14,18,132,13,4,0.4,2019-08-23,2019-10-03,2019-10-25,2019-11-03,484.01,1125.60
"SO - 0004241",In-Store,WARE-PUJ1005,USD,12,36,294,14,3,0.2,2019-05-15,2019-10-03,2019-10-31,2019-11-01,427.73,1018.40
"SO - 0004242",Online,WARE-UHY1004,USD,14,50,249,5,6,0.05,2019-05-15,2019-10-03,2019-10-07,2019-10-12,3573.24,5333.20
"SO - 0004243",Distributor,WARE-UHY1004,USD,25,34,227,20,4,0.08,2019-05-15,2019-10-03,2019-10-27,2019-11-02,4790.77,5842.40
"SO - 0004244",In-Store,WARE-NMK1003,USD,1,47,186,46,6,0.08,2019-05-15,2019-10-04,2019-10-18,2019-10-25,555.30,750.40
"SO - 0004245",Wholesale,WARE-NMK1003,USD,26,22,154,37,6,0.08,2019-05-15,2019-10-04,2019-10-30,2019-11-04,3019.56,3973.10
"SO - 0004246",Distributor,WARE-PUJ1005,USD,22,26,328,2,7,0.4,2019-05-15,2019-10-04,2019-10-07,2019-10-17,1029.79,1943.00
"SO - 0004247",Online,WARE-XYS1001,USD,16,14,1,28,7,0.08,2019-08-23,2019-10-04,2019-10-22,2019-10-23,2056.03,3879.30
"SO - 0004248",Online,WARE-NMK1003,USD,15,2,189,36,4,0.05,2019-05-15,2019-10-04,2019-10-30,2019-10-31,705.51,1085.40
"SO - 0004249",In-Store,WARE-XYS1001,USD,2,40,58,32,4,0.15,2019-05-15,2019-10-04,2019-10-06,2019-10-13,1013.04,2532.60
"SO - 0004250",Distributor,WARE-UHY1004,USD,24,42,231,33,1,0.08,2019-08-23,2019-10-04,2019-10-25,2019-10-29,1812.22,3939.60
"SO - 0004251",In-Store,WARE-NBV1002,USD,3,23,70,37,4,0.1,2019-08-23,2019-10-05,2019-10-30,2019-11-05,744.71,1145.70
"SO - 0004252",Online,WARE-XYS1001,USD,20,16,8,40,6,0.08,2019-05-15,2019-10-05,2019-10-27,2019-11-01,683.40,1005.00
"SO - 0004253",Online,WARE-UHY1004,USD,12,38,246,37,8,0.15,2019-05-15,2019-10-05,2019-10-24,2019-10-30,156.18,247.90
"SO - 0004254",In-Store,WARE-NBV1002,USD,11,41,87,36,3,0.05,2019-05-15,2019-10-05,2019-10-14,2019-10-24,2845.89,3845.80
"SO - 0004255",Wholesale,WARE-NBV1002,USD,25,12,70,39,2,0.15,2019-08-23,2019-10-05,2019-10-08,2019-10-16,3627.65,5038.40
"SO - 0004256",In-Store,WARE-PUJ1005,USD,11,3,300,10,3,0.3,2019-05-15,2019-10-05,2019-10-08,2019-10-14,162.94,254.60
"SO - 0004257",In-Store,WARE-XYS1001,USD,8,30,55,13,7,0.1,2019-05-15,2019-10-06,2019-10-23,2019-10-27,2098.71,2559.40
"SO - 0004258",In-Store,WARE-NMK1003,USD,4,21,164,33,5,0.05,2019-05-15,2019-10-06,2019-10-21,2019-10-27,1067.31,1976.50
"SO - 0004259",Wholesale,WARE-PUJ1005,USD,27,16,319,7,1,0.15,2019-05-15,2019-10-06,2019-11-03,2019-11-04,163.21,194.30
"SO - 0004260",Online,WARE-XYS1001,USD,19,23,41,12,5,0.2,2019-08-23,2019-10-06,2019-10-17,2019-10-25,2738.02,5587.80
"SO - 0004261",In-Store,WARE-NMK1003,USD,9,37,196,18,3,0.1,2019-05-15,2019-10-06,2019-10-13,2019-10-15,3019.56,3973.10
"SO - 0004262",Online,WARE-PUJ1005,USD,19,10,279,39,7,0.08,2019-05-15,2019-10-06,2019-10-28,2019-11-05,2590.29,5286.30
"SO - 0004263",Distributor,WARE-PUJ1005,USD,21,26,288,22,6,0.3,2019-08-23,2019-10-06,2019-11-01,2019-11-07,2564.76,6411.90
"SO - 0004264",In-Store,WARE-XYS1001,USD,4,17,16,17,7,0.05,2019-05-15,2019-10-06,2019-10-29,2019-10-31,1739.66,3865.90
"SO - 0004265",Online,WARE-MKL1006,USD,15,40,350,14,7,0.05,2019-08-23,2019-10-06,2019-10-11,2019-10-14,414.80,1011.70
"SO - 0004266",Online,WARE-XYS1001,USD,12,8,34,37,8,0.05,2019-05-15,2019-10-07,2019-11-01,2019-11-07,2927.90,3852.50
"SO - 0004267",Online,WARE-NMK1003,USD,13,27,95,39,5,0.1,2019-05-15,2019-10-07,2019-10-15,2019-10-24,1123.19,1701.80
"SO - 0004268",Online,WARE-NMK1003,USD,13,50,169,41,1,0.1,2019-05-15,2019-10-07,2019-11-04,2019-11-11,148.74,201.00
"SO - 0004269",Online,WARE-NMK1003,USD,19,47,163,11,5,0.05,2019-05-15,2019-10-07,2019-10-27,2019-10-31,1603.98,2546.00
"SO - 0004270",Distributor,WARE-UHY1004,USD,23,31,241,43,2,0.4,2019-08-23,2019-10-07,2019-10-25,2019-10-29,707.52,1105.50
"SO - 0004271",In-Store,WARE-UHY1004,USD,4,41,260,43,4,0.08,2019-05-15,2019-10-07,2019-10-18,2019-10-23,463.84,1078.70
"SO - 0004272",In-Store,WARE-MKL1006,USD,9,20,337,15,1,0.05,2019-08-23,2019-10-07,2019-10-25,2019-11-03,1196.69,2257.90
"SO - 0004273",Online,WARE-PUJ1005,USD,19,19,326,40,8,0.15,2019-05-15,2019-10-07,2019-10-13,2019-10-22,3219.22,3832.40
"SO - 0004274",Online,WARE-XYS1001,USD,17,32,42,12,7,0.05,2019-08-23,2019-10-08,2019-10-29,2019-11-03,1003.39,1929.60
"SO - 0004275",Online,WARE-NBV1002,USD,18,40,83,26,3,0.2,2019-05-15,2019-10-08,2019-10-20,2019-10-21,524.48,690.10
"SO - 0004276",In-Store,WARE-MKL1006,USD,8,23,353,43,4,0.15,2019-05-15,2019-10-08,2019-11-04,2019-11-06,2551.49,3865.90
"SO - 0004277",In-Store,WARE-NBV1002,USD,11,18,84,46,3,0.15,2019-08-23,2019-10-08,2019-10-17,2019-10-18,2882.34,6405.20
"SO - 0004278",Distributor,WARE-MKL1006,USD,23,23,349,22,4,0.3,2019-05-15,2019-10-08,2019-10-31,2019-11-08,723.60,904.50
"SO - 0004279",In-Store,WARE-NMK1003,USD,10,20,148,18,5,0.3,2019-05-15,2019-10-08,2019-10-11,2019-10-15,3052.99,3678.30
"SO - 0004280",Online,WARE-UHY1004,USD,12,41,229,7,8,0.15,2019-05-15,2019-10-08,2019-10-15,2019-10-16,2260.85,3966.40
"SO - 0004281",Online,WARE-MKL1006,USD,17,4,335,17,7,0.2,2019-05-15,2019-10-08,2019-10-25,2019-10-28,1769.81,3932.90
"SO - 0004282",Online,WARE-XYS1001,USD,15,11,48,16,3,0.05,2019-05-15,2019-10-09,2019-10-23,2019-10-25,1942.00,2284.70
"SO - 0004283",In-Store,WARE-NMK1003,USD,7,33,150,47,2,0.05,2019-05-15,2019-10-09,2019-10-26,2019-10-27,2261.12,3832.40
"SO - 0004284",Online,WARE-NBV1002,USD,18,32,76,39,5,0.1,2019-05-15,2019-10-09,2019-10-13,2019-10-19,173.66,241.20
"SO - 0004285",In-Store,WARE-UHY1004,USD,11,4,221,42,2,0.4,2019-05-15,2019-10-09,2019-11-06,2019-11-16,514.69,1118.90
"SO - 0004286",In-Store,WARE-MKL1006,USD,5,4,361,10,2,0.05,2019-08-23,2019-10-09,2019-11-01,2019-11-10,337.68,703.50
"SO - 0004287",Online,WARE-NMK1003,USD,15,36,119,8,3,0.05,2019-05-15,2019-10-09,2019-11-05,2019-11-14,3494.39,6130.50
"SO - 0004288",Online,WARE-NMK1003,USD,16,38,107,12,6,0.2,2019-05-15,2019-10-09,2019-10-28,2019-11-04,152.56,221.10
"SO - 0004289",Online,WARE-XYS1001,USD,16,43,46,1,1,0.1,2019-08-23,2019-10-10,2019-10-15,2019-10-17,1391.99,2626.40
"SO - 0004290",Distributor,WARE-NMK1003,USD,24,20,126,40,8,0.15,2019-05-15,2019-10-10,2019-11-05,2019-11-10,850.30,1735.30
"SO - 0004291",Wholesale,WARE-UHY1004,USD,28,3,260,16,1,0.1,2019-08-23,2019-10-10,2019-10-25,2019-10-30,525.55,991.60
"SO - 0004292",Distributor,WARE-MKL1006,USD,21,9,366,31,2,0.2,2019-05-15,2019-10-10,2019-10-17,2019-10-22,1973.15,3946.30
"SO - 0004293",Online,WARE-UHY1004,USD,13,32,248,16,4,0.1,2019-08-23,2019-10-10,2019-10-30,2019-11-07,3960.50,5500.70
"SO - 0004294",In-Store,WARE-MKL1006,USD,6,14,344,28,7,0.05,2019-05-15,2019-10-10,2019-10-12,2019-10-18,2633.37,3872.60
"SO - 0004295",In-Store,WARE-NMK1003,USD,5,44,162,18,7,0.08,2019-05-15,2019-10-10,2019-11-02,2019-11-07,124.29,234.50
"SO - 0004296",Distributor,WARE-NMK1003,USD,23,25,186,44,5,0.08,2019-05-15,2019-10-10,2019-10-31,2019-11-09,1408.61,1956.40
"SO - 0004297",Distributor,WARE-NMK1003,USD,25,25,99,21,8,0.1,2019-05-15,2019-10-10,2019-10-23,2019-10-27,101.64,247.90
"SO - 0004298",In-Store,WARE-XYS1001,USD,8,19,11,28,1,0.15,2019-05-15,2019-10-10,2019-10-24,2019-10-28,4373.76,6432.00
"SO - 0004299",In-Store,WARE-PUJ1005,USD,6,43,290,32,4,0.4,2019-05-15,2019-10-10,2019-11-06,2019-11-15,733.52,1078.70
"SO - 0004300",In-Store,WARE-PUJ1005,USD,5,3,304,28,7,0.08,2019-08-23,2019-10-11,2019-11-01,2019-11-04,1868.50,2251.20
"SO - 0004301",Online,WARE-NMK1003,USD,14,33,164,10,5,0.1,2019-08-23,2019-10-12,2019-10-18,2019-10-24,168.84,201.00
"SO - 0004302",Online,WARE-NMK1003,USD,20,41,115,19,8,0.05,2019-05-15,2019-10-12,2019-10-17,2019-10-22,455.27,1011.70
"SO - 0004303",Online,WARE-PUJ1005,USD,15,5,272,13,4,0.05,2019-05-15,2019-10-12,2019-11-04,2019-11-13,507.93,891.10
"SO - 0004304",Distributor,WARE-PUJ1005,USD,22,43,298,44,8,0.05,2019-05-15,2019-10-12,2019-10-14,2019-10-23,455.27,1011.70
"SO - 0004305",In-Store,WARE-NBV1002,USD,6,2,83,47,2,0.1,2019-05-15,2019-10-12,2019-11-02,2019-11-12,112.76,221.10
"SO - 0004306",In-Store,WARE-XYS1001,USD,5,29,17,40,3,0.08,2019-05-15,2019-10-12,2019-10-28,2019-11-04,1024.63,2499.10
"SO - 0004307",In-Store,WARE-UHY1004,USD,9,15,215,26,5,0.05,2019-08-23,2019-10-12,2019-10-25,2019-11-01,3644.80,5360.00
"SO - 0004308",In-Store,WARE-NMK1003,USD,6,4,150,23,5,0.1,2019-08-23,2019-10-12,2019-10-16,2019-10-20,788.32,1065.30
"SO - 0004309",In-Store,WARE-NMK1003,USD,3,9,112,24,5,0.05,2019-08-23,2019-10-12,2019-10-31,2019-11-09,738.07,1025.10
"SO - 0004310",In-Store,WARE-NMK1003,USD,6,46,164,5,4,0.15,2019-05-15,2019-10-12,2019-11-01,2019-11-04,912.00,1112.20
"SO - 0004311",In-Store,WARE-PUJ1005,USD,9,12,268,38,3,0.05,2019-08-23,2019-10-13,2019-10-15,2019-10-19,631.41,1018.40
"SO - 0004312",In-Store,WARE-NBV1002,USD,1,35,73,38,2,0.1,2019-05-15,2019-10-13,2019-11-08,2019-11-14,880.92,1159.10
"SO - 0004313",In-Store,WARE-NMK1003,USD,8,12,190,20,2,0.15,2019-05-15,2019-10-13,2019-11-06,2019-11-07,1871.71,2599.60
"SO - 0004314",In-Store,WARE-NMK1003,USD,1,8,120,46,4,0.15,2019-08-23,2019-10-13,2019-10-30,2019-11-07,185.86,254.60
"SO - 0004315",In-Store,WARE-PUJ1005,USD,7,23,291,22,4,0.08,2019-08-23,2019-10-13,2019-11-04,2019-11-12,4406.72,5440.40
"SO - 0004316",In-Store,WARE-XYS1001,USD,11,19,53,14,1,0.05,2019-08-23,2019-10-13,2019-11-04,2019-11-06,879.84,1795.60
"SO - 0004317",In-Store,WARE-NMK1003,USD,5,18,194,38,6,0.2,2019-05-15,2019-10-13,2019-10-26,2019-11-02,4100.27,5540.90
"SO - 0004318",Distributor,WARE-MKL1006,USD,22,37,365,24,5,0.08,2019-08-23,2019-10-14,2019-10-22,2019-10-24,4573.09,5380.10
"SO - 0004319",Wholesale,WARE-MKL1006,USD,26,14,338,8,6,0.1,2019-05-15,2019-10-14,2019-11-09,2019-11-14,520.99,1085.40
"SO - 0004320",Distributor,WARE-UHY1004,USD,21,27,225,25,4,0.05,2019-05-15,2019-10-14,2019-10-30,2019-11-07,701.16,1078.70
"SO - 0004321",In-Store,WARE-PUJ1005,USD,4,10,295,13,3,0.08,2019-05-15,2019-10-14,2019-10-20,2019-10-21,526.62,877.70
"SO - 0004322",In-Store,WARE-NMK1003,USD,1,21,140,38,1,0.08,2019-08-23,2019-10-14,2019-10-31,2019-11-09,1216.72,3041.80
"SO - 0004323",In-Store,WARE-NMK1003,USD,2,45,138,19,2,0.3,2019-05-15,2019-10-15,2019-10-17,2019-10-19,2927.57,6505.70
"SO - 0004324",In-Store,WARE-UHY1004,USD,1,45,235,30,8,0.4,2019-08-23,2019-10-15,2019-10-26,2019-11-04,442.20,1105.50
"SO - 0004325",In-Store,WARE-PUJ1005,USD,5,40,290,36,6,0.08,2019-05-15,2019-10-15,2019-10-17,2019-10-23,668.93,1045.20
"SO - 0004326",In-Store,WARE-NMK1003,USD,9,44,164,7,1,0.05,2019-05-15,2019-10-15,2019-10-27,2019-11-03,3488.36,5366.70
"SO - 0004327",In-Store,WARE-NMK1003,USD,4,46,129,11,8,0.05,2019-05-15,2019-10-15,2019-11-02,2019-11-12,1309.85,2619.70
"SO - 0004328",In-Store,WARE-NMK1003,USD,1,47,166,1,8,0.2,2019-05-15,2019-10-15,2019-11-05,2019-11-06,698.68,1058.60
"SO - 0004329",Distributor,WARE-NMK1003,USD,25,35,143,19,7,0.05,2019-08-23,2019-10-15,2019-10-31,2019-11-03,146.33,261.30
"SO - 0004330",In-Store,WARE-PUJ1005,USD,11,20,295,10,8,0.08,2019-05-15,2019-10-15,2019-10-18,2019-10-21,3916.15,5594.50
"SO - 0004331",Online,WARE-XYS1001,USD,13,50,24,13,1,0.05,2019-05-15,2019-10-15,2019-10-20,2019-10-30,585.92,1105.50
"SO - 0004332",Distributor,WARE-NBV1002,USD,22,46,79,13,4,0.08,2019-05-15,2019-10-15,2019-10-30,2019-10-31,1519.56,2412.00
"SO - 0004333",Distributor,WARE-UHY1004,USD,24,8,239,29,6,0.08,2019-08-23,2019-10-16,2019-11-10,2019-11-14,2444.16,3819.00
"SO - 0004334",In-Store,WARE-UHY1004,USD,4,47,228,38,4,0.2,2019-08-23,2019-10-16,2019-11-08,2019-11-11,187.60,268.00
"SO - 0004335",Online,WARE-XYS1001,USD,17,45,26,3,2,0.05,2019-05-15,2019-10-16,2019-10-31,2019-11-05,100.23,227.80
"SO - 0004336",Online,WARE-XYS1001,USD,16,1,26,23,5,0.05,2019-05-15,2019-10-16,2019-10-22,2019-10-23,227.80,268.00
"SO - 0004337",In-Store,WARE-PUJ1005,USD,2,42,265,25,5,0.05,2019-05-15,2019-10-16,2019-10-25,2019-11-02,767.02,1065.30
"SO - 0004338",In-Store,WARE-PUJ1005,USD,4,17,279,27,1,0.08,2019-08-23,2019-10-16,2019-10-22,2019-10-30,439.86,676.70
"SO - 0004339",In-Store,WARE-PUJ1005,USD,3,29,313,21,5,0.08,2019-05-15,2019-10-16,2019-11-01,2019-11-04,631.14,1051.90
"SO - 0004340",Wholesale,WARE-NMK1003,USD,26,30,141,29,3,0.05,2019-08-23,2019-10-17,2019-11-11,2019-11-13,1032.47,2244.50
"SO - 0004341",Online,WARE-XYS1001,USD,19,29,22,31,2,0.05,2019-05-15,2019-10-17,2019-10-30,2019-11-05,3109.47,3986.50
"SO - 0004342",In-Store,WARE-NBV1002,USD,11,46,60,4,3,0.05,2019-05-15,2019-10-17,2019-11-01,2019-11-09,4163.38,6405.20
"SO - 0004343",In-Store,WARE-UHY1004,USD,7,34,235,21,8,0.1,2019-05-15,2019-10-17,2019-11-06,2019-11-07,647.22,1078.70
"SO - 0004344",Wholesale,WARE-NMK1003,USD,28,49,99,7,6,0.05,2019-08-23,2019-10-17,2019-10-24,2019-11-02,2723.55,5447.10
"SO - 0004345",In-Store,WARE-PUJ1005,USD,4,24,323,34,2,0.05,2019-08-23,2019-10-18,2019-11-03,2019-11-09,109.75,174.20
"SO - 0004346",In-Store,WARE-NMK1003,USD,7,9,183,12,2,0.1,2019-05-15,2019-10-18,2019-11-09,2019-11-11,509.20,1273.00
"SO - 0004347",In-Store,WARE-NMK1003,USD,8,14,183,11,8,0.3,2019-05-15,2019-10-18,2019-11-05,2019-11-12,439.52,1072.00
"SO - 0004348",In-Store,WARE-NMK1003,USD,3,16,133,8,3,0.05,2019-05-15,2019-10-18,2019-11-06,2019-11-16,1131.23,2693.40
"SO - 0004349",In-Store,WARE-PUJ1005,USD,8,12,315,37,2,0.1,2019-05-15,2019-10-18,2019-11-01,2019-11-09,686.82,1025.10
"SO - 0004350",Online,WARE-XYS1001,USD,18,41,17,39,1,0.08,2019-05-15,2019-10-18,2019-11-11,2019-11-18,607.82,1125.60
"SO - 0004351",Distributor,WARE-UHY1004,USD,23,41,237,18,4,0.08,2019-05-15,2019-10-18,2019-10-27,2019-10-31,4413.29,6304.70
"SO - 0004352",Online,WARE-PUJ1005,USD,15,33,299,23,2,0.3,2019-08-23,2019-10-18,2019-11-14,2019-11-23,1654.63,2298.10
"SO - 0004353",Wholesale,WARE-XYS1001,USD,28,37,33,37,6,0.1,2019-05-15,2019-10-19,2019-11-09,2019-11-11,1830.71,3979.80
"SO - 0004354",Online,WARE-PUJ1005,USD,14,2,309,10,6,0.2,2019-05-15,2019-10-19,2019-11-15,2019-11-22,1477.95,2592.90
"SO - 0004355",In-Store,WARE-XYS1001,USD,12,11,12,19,8,0.08,2019-05-15,2019-10-19,2019-11-13,2019-11-16,408.70,670.00
"SO - 0004356",Online,WARE-UHY1004,USD,20,20,211,6,7,0.08,2019-08-23,2019-10-19,2019-11-02,2019-11-12,2151.77,3470.60
"SO - 0004357",Wholesale,WARE-NMK1003,USD,27,43,105,46,7,0.05,2019-08-23,2019-10-19,2019-10-23,2019-11-02,737.54,1152.40
"SO - 0004358",In-Store,WARE-XYS1001,USD,11,2,25,29,5,0.1,2019-05-15,2019-10-19,2019-11-11,2019-11-16,407.09,830.80
"SO - 0004359",Online,WARE-NBV1002,USD,13,26,65,25,8,0.1,2019-05-15,2019-10-19,2019-11-05,2019-11-09,611.71,1112.20
"SO - 0004360",In-Store,WARE-MKL1006,USD,12,45,334,46,2,0.05,2019-08-23,2019-10-19,2019-11-10,2019-11-11,510.14,1085.40
"SO - 0004361",Online,WARE-NBV1002,USD,17,26,81,45,1,0.1,2019-05-15,2019-10-19,2019-11-05,2019-11-14,1964.98,2519.20
"SO - 0004362",Online,WARE-UHY1004,USD,19,39,255,15,3,0.05,2019-08-23,2019-10-19,2019-11-16,2019-11-26,734.05,1112.20
"SO - 0004363",In-Store,WARE-NMK1003,USD,12,18,88,33,2,0.08,2019-05-15,2019-10-20,2019-11-03,2019-11-04,801.86,1179.20
"SO - 0004364",In-Store,WARE-XYS1001,USD,12,20,55,38,6,0.05,2019-05-15,2019-10-20,2019-11-12,2019-11-19,1050.56,1876.00
"SO - 0004365",In-Store,WARE-NMK1003,USD,10,5,168,35,8,0.1,2019-05-15,2019-10-20,2019-11-06,2019-11-09,1459.06,2391.90
"SO - 0004366",Online,WARE-NMK1003,USD,14,50,133,15,1,0.08,2019-08-23,2019-10-20,2019-11-16,2019-11-21,1041.98,1929.60
"SO - 0004367",In-Store,WARE-NMK1003,USD,2,6,129,38,8,0.08,2019-08-23,2019-10-20,2019-11-02,2019-11-04,831.47,1139.00
"SO - 0004368",In-Store,WARE-PUJ1005,USD,9,8,265,20,4,0.05,2019-05-15,2019-10-20,2019-10-26,2019-11-01,1996.33,3839.10
"SO - 0004369",In-Store,WARE-NMK1003,USD,6,47,102,11,3,0.15,2019-05-15,2019-10-20,2019-10-26,2019-11-02,1143.82,2599.60
"SO - 0004370",In-Store,WARE-NMK1003,USD,10,23,197,3,5,0.1,2019-05-15,2019-10-20,2019-11-07,2019-11-13,2354.11,3859.20
"SO - 0004371",In-Store,WARE-NBV1002,USD,9,2,68,14,2,0.08,2019-05-15,2019-10-21,2019-11-18,2019-11-24,126.63,234.50
"SO - 0004372",Online,WARE-NMK1003,USD,17,39,151,8,6,0.15,2019-08-23,2019-10-21,2019-11-13,2019-11-21,670.74,944.70
"SO - 0004373",Online,WARE-PUJ1005,USD,17,10,328,35,3,0.08,2019-05-15,2019-10-21,2019-10-31,2019-11-10,2917.72,3839.10
"SO - 0004374",Online,WARE-PUJ1005,USD,20,25,325,28,2,0.05,2019-05-15,2019-10-21,2019-11-02,2019-11-04,933.98,1098.80
"SO - 0004375",Wholesale,WARE-PUJ1005,USD,26,33,291,38,7,0.08,2019-08-23,2019-10-21,2019-10-24,2019-11-02,990.53,1768.80
"SO - 0004376",Wholesale,WARE-PUJ1005,USD,27,48,320,27,8,0.15,2019-08-23,2019-10-21,2019-11-13,2019-11-20,1717.08,3993.20
"SO - 0004377",In-Store,WARE-MKL1006,USD,5,46,333,46,2,0.08,2019-08-23,2019-10-22,2019-11-11,2019-11-20,132.66,241.20
"SO - 0004378",In-Store,WARE-MKL1006,USD,3,40,340,40,4,0.1,2019-08-23,2019-10-22,2019-11-14,2019-11-19,2394.98,3926.20
"SO - 0004379",Distributor,WARE-UHY1004,USD,21,26,251,15,2,0.05,2019-08-23,2019-10-22,2019-11-10,2019-11-14,2579.50,3350.00
"SO - 0004380",Wholesale,WARE-NMK1003,USD,27,14,145,15,3,0.15,2019-05-15,2019-10-22,2019-11-11,2019-11-20,844.47,1835.80
"SO - 0004381",In-Store,WARE-MKL1006,USD,7,20,366,7,6,0.08,2019-08-23,2019-10-22,2019-10-30,2019-11-05,928.69,1118.90
"SO - 0004382",In-Store,WARE-MKL1006,USD,4,18,338,15,6,0.08,2019-08-23,2019-10-22,2019-11-06,2019-11-16,568.03,1051.90
"SO - 0004383",In-Store,WARE-XYS1001,USD,2,11,54,14,6,0.2,2019-08-23,2019-10-22,2019-11-18,2019-11-25,2003.57,3577.80
"SO - 0004384",Online,WARE-MKL1006,USD,19,20,340,23,5,0.1,2019-08-23,2019-10-22,2019-11-06,2019-11-15,2450.86,3953.00
"SO - 0004385",In-Store,WARE-PUJ1005,USD,6,34,328,17,6,0.3,2019-05-15,2019-10-23,2019-11-07,2019-11-09,1263.89,2633.10
"SO - 0004386",In-Store,WARE-XYS1001,USD,5,39,1,33,5,0.08,2019-05-15,2019-10-23,2019-10-28,2019-11-05,418.08,1045.20
"SO - 0004387",In-Store,WARE-PUJ1005,USD,9,22,304,17,1,0.05,2019-08-23,2019-10-23,2019-10-28,2019-11-07,2123.63,3792.20
"SO - 0004388",Wholesale,WARE-NMK1003,USD,26,23,122,47,6,0.15,2019-05-15,2019-10-23,2019-11-05,2019-11-06,1751.11,2653.20
"SO - 0004389",In-Store,WARE-UHY1004,USD,12,23,207,11,7,0.05,2019-08-23,2019-10-23,2019-11-10,2019-11-15,402.00,1005.00
"SO - 0004390",Distributor,WARE-UHY1004,USD,24,40,214,8,7,0.1,2019-08-23,2019-10-23,2019-10-30,2019-11-07,4209.95,5929.50
"SO - 0004391",Wholesale,WARE-UHY1004,USD,26,29,209,39,3,0.08,2019-05-15,2019-10-24,2019-11-21,2019-11-30,1637.48,3484.00
"SO - 0004392",Online,WARE-MKL1006,USD,18,34,335,10,1,0.4,2019-08-23,2019-10-24,2019-11-16,2019-11-22,1484.72,1855.90
"SO - 0004393",In-Store,WARE-UHY1004,USD,1,6,246,41,7,0.05,2019-08-23,2019-10-24,2019-11-15,2019-11-25,2728.17,5567.70
"SO - 0004394",In-Store,WARE-MKL1006,USD,2,2,360,27,1,0.05,2019-05-15,2019-10-24,2019-11-04,2019-11-11,399.32,998.30
"SO - 0004395",In-Store,WARE-NMK1003,USD,11,17,174,45,4,0.08,2019-08-23,2019-10-24,2019-11-15,2019-11-22,1785.95,2626.40
"SO - 0004396",In-Store,WARE-NBV1002,USD,7,14,60,3,6,0.1,2019-05-15,2019-10-24,2019-11-02,2019-11-05,656.20,1112.20
"SO - 0004397",Online,WARE-NMK1003,USD,13,6,102,42,1,0.08,2019-05-15,2019-10-24,2019-11-03,2019-11-12,97.95,227.80
"SO - 0004398",In-Store,WARE-NMK1003,USD,7,1,116,4,1,0.08,2019-05-15,2019-10-24,2019-11-12,2019-11-19,1940.25,3959.70
"SO - 0004399",Distributor,WARE-NMK1003,USD,21,34,88,3,8,0.2,2019-05-15,2019-10-24,2019-10-30,2019-11-08,4816.63,6097.00
"SO - 0004400",Online,WARE-PUJ1005,USD,20,28,295,6,1,0.05,2019-05-15,2019-10-24,2019-11-08,2019-11-09,1506.09,2552.70
"SO - 0004401",Distributor,WARE-PUJ1005,USD,21,24,295,41,8,0.08,2019-05-15,2019-10-24,2019-11-04,2019-11-12,512.55,1025.10
"SO - 0004402",Distributor,WARE-UHY1004,USD,21,22,240,46,7,0.08,2019-08-23,2019-10-24,2019-11-14,2019-11-23,1455.24,2425.40
"SO - 0004403",In-Store,WARE-PUJ1005,USD,7,6,271,4,1,0.2,2019-08-23,2019-10-25,2019-11-09,2019-11-16,1985.28,3892.70
"SO - 0004404",In-Store,WARE-XYS1001,USD,11,21,11,4,7,0.1,2019-08-23,2019-10-25,2019-10-29,2019-11-02,2031.17,3906.10
"SO - 0004405",Online,WARE-NBV1002,USD,12,35,80,47,7,0.3,2019-08-23,2019-10-25,2019-11-16,2019-11-19,820.42,1038.50
"SO - 0004406",Online,WARE-NMK1003,USD,17,34,143,35,3,0.15,2019-05-15,2019-10-25,2019-11-10,2019-11-15,1295.24,2398.60
"SO - 0004407",In-Store,WARE-PUJ1005,USD,3,3,309,19,8,0.05,2019-08-23,2019-10-26,2019-11-12,2019-11-14,1374.37,1882.70
"SO - 0004408",Online,WARE-XYS1001,USD,18,44,12,23,5,0.15,2019-08-23,2019-10-26,2019-11-23,2019-11-28,836.36,1145.70
"SO - 0004409",Online,WARE-NMK1003,USD,14,37,185,47,3,0.08,2019-08-23,2019-10-26,2019-11-06,2019-11-09,3069.67,3698.40
"SO - 0004410",Online,WARE-PUJ1005,USD,13,28,328,20,8,0.15,2019-08-23,2019-10-26,2019-11-23,2019-11-24,1678.35,2237.80
"SO - 0004411",Distributor,WARE-NMK1003,USD,23,29,185,35,8,0.05,2019-08-23,2019-10-26,2019-11-14,2019-11-22,102.98,194.30
"SO - 0004412",In-Store,WARE-PUJ1005,USD,3,50,284,32,2,0.08,2019-05-15,2019-10-26,2019-11-17,2019-11-23,607.22,1065.30
"SO - 0004413",Online,WARE-NMK1003,USD,18,24,129,6,2,0.08,2019-05-15,2019-10-26,2019-11-23,2019-12-01,301.50,670.00
"SO - 0004414",Online,WARE-NMK1003,USD,20,19,147,6,7,0.05,2019-08-23,2019-10-26,2019-11-22,2019-11-24,450.31,958.10
"SO - 0004415",In-Store,WARE-XYS1001,USD,11,20,31,23,7,0.08,2019-08-23,2019-10-26,2019-11-17,2019-11-22,819.81,1078.70
"SO - 0004416",Distributor,WARE-MKL1006,USD,21,3,361,46,8,0.05,2019-08-23,2019-10-26,2019-11-23,2019-12-03,103.18,187.60
"SO - 0004417",Distributor,WARE-XYS1001,USD,23,7,44,35,7,0.4,2019-05-15,2019-10-26,2019-11-14,2019-11-21,2112.38,3772.10
"SO - 0004418",In-Store,WARE-XYS1001,USD,1,8,55,45,5,0.05,2019-08-23,2019-10-26,2019-11-17,2019-11-18,468.53,743.70
"SO - 0004419",In-Store,WARE-MKL1006,USD,3,48,340,13,2,0.05,2019-08-23,2019-10-26,2019-11-19,2019-11-25,3104.24,3979.80
"SO - 0004420",Distributor,WARE-NMK1003,USD,24,44,162,8,7,0.3,2019-05-15,2019-10-27,2019-11-10,2019-11-18,1824.54,3966.40
"SO - 0004421",Wholesale,WARE-XYS1001,USD,28,13,13,39,6,0.08,2019-08-23,2019-10-27,2019-11-14,2019-11-18,113.90,227.80
"SO - 0004422",In-Store,WARE-PUJ1005,USD,2,8,284,46,8,0.3,2019-05-15,2019-10-27,2019-11-01,2019-11-09,2736.48,5822.30
"SO - 0004423",In-Store,WARE-NBV1002,USD,9,2,69,29,1,0.2,2019-08-23,2019-10-27,2019-11-10,2019-11-12,596.30,1192.60
"SO - 0004424",In-Store,WARE-NMK1003,USD,11,29,180,8,8,0.05,2019-08-23,2019-10-27,2019-11-21,2019-11-29,775.32,1762.10
"SO - 0004425",In-Store,WARE-UHY1004,USD,6,34,236,44,5,0.05,2019-08-23,2019-10-27,2019-11-14,2019-11-21,470.34,904.50
"SO - 0004426",In-Store,WARE-MKL1006,USD,11,35,348,29,1,0.08,2019-08-23,2019-10-27,2019-11-03,2019-11-13,159.46,234.50
"SO - 0004427",Online,WARE-MKL1006,USD,19,17,338,3,5,0.05,2019-08-23,2019-10-28,2019-11-16,2019-11-26,1665.89,2974.80
"SO - 0004428",Online,WARE-PUJ1005,USD,13,15,289,47,4,0.05,2019-08-23,2019-10-28,2019-11-21,2019-11-26,694.25,1051.90
"SO - 0004429",Distributor,WARE-NMK1003,USD,20,45,190,14,1,0.05,2019-08-23,2019-10-28,2019-11-18,2019-11-24,569.50,837.50
"SO - 0004430",Online,WARE-NMK1003,USD,20,3,98,12,6,0.05,2019-08-23,2019-10-28,2019-11-13,2019-11-22,3246.02,5071.90
"SO - 0004431",Online,WARE-NMK1003,USD,12,24,143,15,2,0.1,2019-05-15,2019-10-28,2019-11-22,2019-11-24,5414.14,6445.40
"SO - 0004432",In-Store,WARE-NMK1003,USD,11,26,126,47,1,0.1,2019-08-23,2019-10-28,2019-11-05,2019-11-06,646.68,850.90
"SO - 0004433",Online,WARE-NBV1002,USD,18,33,76,10,8,0.08,2019-05-15,2019-10-28,2019-11-06,2019-11-16,552.08,690.10
"SO - 0004434",In-Store,WARE-NMK1003,USD,7,43,146,46,4,0.3,2019-05-15,2019-10-28,2019-11-21,2019-11-25,77.05,167.50
"SO - 0004435",In-Store,WARE-UHY1004,USD,5,9,245,42,6,0.4,2019-05-15,2019-10-28,2019-11-01,2019-11-11,571.38,1098.80
"SO - 0004436",Online,WARE-PUJ1005,USD,13,16,280,12,4,0.05,2019-05-15,2019-10-28,2019-11-09,2019-11-15,1950.10,2532.60
"SO - 0004437",Online,WARE-NMK1003,USD,19,37,161,36,4,0.2,2019-08-23,2019-10-29,2019-11-17,2019-11-18,586.12,1085.40
"SO - 0004438",Online,WARE-NMK1003,USD,14,25,169,34,1,0.08,2019-08-23,2019-10-29,2019-11-01,2019-11-02,704.04,951.40
"SO - 0004439",Online,WARE-NMK1003,USD,18,40,163,37,5,0.08,2019-05-15,2019-10-29,2019-11-07,2019-11-17,1163.79,2586.20
"SO - 0004440",Online,WARE-PUJ1005,USD,17,3,288,15,8,0.4,2019-05-15,2019-10-29,2019-11-01,2019-11-11,1161.78,1708.50
"SO - 0004441",In-Store,WARE-UHY1004,USD,2,4,212,26,3,0.15,2019-08-23,2019-10-30,2019-11-18,2019-11-24,506.99,1078.70
"SO - 0004442",In-Store,WARE-UHY1004,USD,7,50,249,29,5,0.05,2019-08-23,2019-10-30,2019-11-25,2019-11-28,758.64,1132.30
"SO - 0004443",Distributor,WARE-XYS1001,USD,24,44,42,26,7,0.15,2019-05-15,2019-10-30,2019-11-24,2019-11-25,1269.25,1983.20
"SO - 0004444",Online,WARE-XYS1001,USD,19,14,10,7,6,0.08,2019-05-15,2019-10-30,2019-11-14,2019-11-18,746.85,1051.90
"SO - 0004445",Wholesale,WARE-NMK1003,USD,26,6,120,2,4,0.15,2019-08-23,2019-10-30,2019-11-17,2019-11-18,2268.49,3979.80
"SO - 0004446",Online,WARE-NMK1003,USD,20,46,97,21,6,0.05,2019-05-15,2019-10-30,2019-11-08,2019-11-09,683.40,1708.50
"SO - 0004447",Online,WARE-XYS1001,USD,17,13,42,22,7,0.1,2019-08-23,2019-10-30,2019-11-16,2019-11-19,623.10,1005.00
"SO - 0004448",Online,WARE-XYS1001,USD,12,44,4,16,8,0.08,2019-05-15,2019-10-30,2019-11-17,2019-11-23,2615.14,3845.80
"SO - 0004449",Distributor,WARE-UHY1004,USD,22,15,247,36,3,0.08,2019-08-23,2019-10-31,2019-11-26,2019-12-03,664.10,1125.60
"SO - 0004450",Distributor,WARE-UHY1004,USD,25,36,205,29,4,0.2,2019-08-23,2019-10-31,2019-11-11,2019-11-21,666.32,1025.10
"SO - 0004451",Wholesale,WARE-NMK1003,USD,28,10,176,10,1,0.3,2019-08-23,2019-10-31,2019-11-10,2019-11-17,5444.22,6559.30
"SO - 0004452",Online,WARE-NMK1003,USD,18,22,160,26,2,0.08,2019-05-15,2019-10-31,2019-11-13,2019-11-22,1043.19,2318.20
"SO - 0004453",In-Store,WARE-XYS1001,USD,8,47,38,2,1,0.08,2019-08-23,2019-10-31,2019-11-25,2019-11-27,656.33,1058.60
"SO - 0004454",Online,WARE-NMK1003,USD,13,10,155,8,4,0.3,2019-05-15,2019-11-01,2019-11-10,2019-11-15,1356.82,1762.10
"SO - 0004455",In-Store,WARE-UHY1004,USD,11,40,252,23,4,0.05,2019-08-23,2019-11-01,2019-11-15,2019-11-20,452.32,1051.90
"SO - 0004456",In-Store,WARE-UHY1004,USD,7,42,247,11,4,0.15,2019-08-23,2019-11-01,2019-11-26,2019-12-01,1312.13,2572.80
"SO - 0004457",In-Store,WARE-XYS1001,USD,5,17,17,44,7,0.08,2019-05-15,2019-11-01,2019-11-19,2019-11-22,1413.57,1835.80
"SO - 0004458",Online,WARE-PUJ1005,USD,18,15,321,5,8,0.1,2019-08-23,2019-11-01,2019-11-25,2019-11-30,453.05,1078.70
"SO - 0004459",Online,WARE-PUJ1005,USD,15,39,270,3,2,0.08,2019-08-23,2019-11-01,2019-11-27,2019-12-07,3018.02,3919.50
"SO - 0004460",In-Store,WARE-NMK1003,USD,6,14,203,23,1,0.08,2019-08-23,2019-11-01,2019-11-16,2019-11-25,4152.46,5688.30
"SO - 0004461",Online,WARE-UHY1004,USD,19,4,213,13,7,0.15,2019-08-23,2019-11-01,2019-11-20,2019-11-29,1414.50,2438.80
"SO - 0004462",In-Store,WARE-MKL1006,USD,10,6,365,46,2,0.1,2019-08-23,2019-11-01,2019-11-05,2019-11-15,502.50,837.50
"SO - 0004463",Distributor,WARE-NMK1003,USD,25,20,170,7,7,0.05,2019-05-15,2019-11-01,2019-11-13,2019-11-21,4378.32,6438.70
"SO - 0004464",Wholesale,WARE-NMK1003,USD,28,15,136,21,8,0.05,2019-08-23,2019-11-02,2019-11-27,2019-11-28,1400.57,1795.60
"SO - 0004465",Wholesale,WARE-NMK1003,USD,27,29,143,4,4,0.15,2019-08-23,2019-11-02,2019-11-07,2019-11-10,799.65,1038.50
"SO - 0004466",Online,WARE-XYS1001,USD,20,10,17,34,4,0.4,2019-08-23,2019-11-02,2019-11-29,2019-12-09,85.36,174.20
"SO - 0004467",In-Store,WARE-XYS1001,USD,10,33,48,34,8,0.08,2019-05-15,2019-11-02,2019-11-22,2019-11-30,3111.48,5185.80
"SO - 0004468",Wholesale,WARE-XYS1001,USD,27,11,54,28,8,0.1,2019-05-15,2019-11-02,2019-11-25,2019-12-04,512.15,1045.20
"SO - 0004469",Distributor,WARE-MKL1006,USD,24,48,352,12,2,0.08,2019-08-23,2019-11-02,2019-11-29,2019-12-03,2284.83,3872.60
"SO - 0004470",Distributor,WARE-PUJ1005,USD,22,50,322,33,6,0.08,2019-08-23,2019-11-02,2019-11-25,2019-11-27,1115.28,1922.90
"SO - 0004471",In-Store,WARE-NMK1003,USD,6,39,93,23,7,0.05,2019-05-15,2019-11-02,2019-11-10,2019-11-16,939.88,2237.80
"SO - 0004472",Online,WARE-XYS1001,USD,16,37,58,21,6,0.08,2019-08-23,2019-11-02,2019-11-22,2019-11-28,477.71,1038.50
"SO - 0004473",Wholesale,WARE-XYS1001,USD,26,5,13,21,4,0.05,2019-08-23,2019-11-03,2019-11-05,2019-11-09,171.19,234.50
"SO - 0004474",In-Store,WARE-UHY1004,USD,12,32,208,4,8,0.15,2019-08-23,2019-11-03,2019-11-09,2019-11-14,742.90,1125.60
"SO - 0004475",In-Store,WARE-UHY1004,USD,3,41,248,36,5,0.3,2019-08-23,2019-11-03,2019-11-24,2019-11-28,696.47,1105.50
"SO - 0004476",Distributor,WARE-UHY1004,USD,23,46,252,30,2,0.05,2019-08-23,2019-11-03,2019-11-16,2019-11-23,2013.08,2425.40
"SO - 0004477",Online,WARE-NMK1003,USD,20,50,121,7,4,0.1,2019-08-23,2019-11-04,2019-12-01,2019-12-11,1987.56,2338.30
"SO - 0004478",Online,WARE-NMK1003,USD,16,1,110,18,6,0.2,2019-08-23,2019-11-04,2019-11-23,2019-12-03,637.84,750.40
"SO - 0004479",Online,WARE-PUJ1005,USD,13,37,328,36,7,0.15,2019-05-15,2019-11-04,2019-11-25,2019-11-29,3162.94,3765.40
"SO - 0004480",In-Store,WARE-XYS1001,USD,11,10,17,47,8,0.05,2019-08-23,2019-11-04,2019-11-11,2019-11-21,2920.26,3946.30
"SO - 0004481",In-Store,WARE-NMK1003,USD,6,15,170,7,7,0.2,2019-05-15,2019-11-04,2019-11-29,2019-12-01,409.37,871.00
"SO - 0004482",Online,WARE-NMK1003,USD,20,50,189,17,7,0.1,2019-08-23,2019-11-04,2019-11-16,2019-11-19,572.65,743.70
"SO - 0004483",In-Store,WARE-UHY1004,USD,9,27,236,9,3,0.1,2019-08-23,2019-11-04,2019-11-29,2019-12-05,1374.77,1936.30
"SO - 0004484",In-Store,WARE-PUJ1005,USD,11,44,310,3,6,0.08,2019-08-23,2019-11-04,2019-11-24,2019-11-25,1517.95,2572.80
"SO - 0004485",Distributor,WARE-NBV1002,USD,22,7,65,8,2,0.15,2019-08-23,2019-11-04,2019-11-15,2019-11-25,357.38,850.90
"SO - 0004486",Online,WARE-NMK1003,USD,13,45,112,44,3,0.05,2019-08-23,2019-11-04,2019-11-18,2019-11-28,1889.40,2519.20
"SO - 0004487",Wholesale,WARE-PUJ1005,USD,27,37,266,43,4,0.05,2019-08-23,2019-11-04,2019-11-12,2019-11-16,522.60,1045.20
"SO - 0004488",Wholesale,WARE-NMK1003,USD,27,39,182,37,1,0.05,2019-05-15,2019-11-05,2019-11-15,2019-11-21,4142.68,5674.90
"SO - 0004489",Wholesale,WARE-PUJ1005,USD,27,13,288,31,8,0.05,2019-08-23,2019-11-05,2019-12-03,2019-12-12,1635.60,2405.30
"SO - 0004490",Online,WARE-XYS1001,USD,19,18,16,34,4,0.05,2019-08-23,2019-11-05,2019-11-19,2019-11-28,2631.09,3095.40
"SO - 0004491",In-Store,WARE-XYS1001,USD,7,3,28,47,8,0.05,2019-08-23,2019-11-05,2019-12-01,2019-12-10,458.08,1065.30
"SO - 0004492",Online,WARE-MKL1006,USD,17,50,364,21,5,0.08,2019-05-15,2019-11-05,2019-11-18,2019-11-20,2239.01,2907.80
"SO - 0004493",Distributor,WARE-PUJ1005,USD,25,16,321,4,3,0.08,2019-05-15,2019-11-05,2019-11-17,2019-11-22,742.09,1045.20
"SO - 0004494",Online,WARE-NMK1003,USD,16,13,102,21,8,0.05,2019-08-23,2019-11-05,2019-11-13,2019-11-14,1100.27,2619.70
"SO - 0004495",Distributor,WARE-XYS1001,USD,24,19,41,2,2,0.1,2019-08-23,2019-11-06,2019-11-18,2019-11-28,714.89,1299.80
"SO - 0004496",In-Store,WARE-MKL1006,USD,6,10,337,42,2,0.05,2019-05-15,2019-11-06,2019-11-20,2019-11-21,208.77,254.60
"SO - 0004497",Distributor,WARE-NMK1003,USD,21,22,95,10,2,0.05,2019-08-23,2019-11-06,2019-11-29,2019-12-05,689.83,884.40
"SO - 0004498",In-Store,WARE-PUJ1005,USD,3,2,323,40,3,0.1,2019-08-23,2019-11-06,2019-11-11,2019-11-19,144.72,268.00
"SO - 0004499",In-Store,WARE-NMK1003,USD,4,48,104,29,3,0.08,2019-05-15,2019-11-06,2019-12-02,2019-12-03,175.88,234.50
"SO - 0004500",In-Store,WARE-PUJ1005,USD,2,46,262,47,1,0.05,2019-05-15,2019-11-06,2019-11-09,2019-11-14,580.49,1018.40
"SO - 0004501",Online,WARE-NBV1002,USD,16,2,68,38,8,0.1,2019-08-23,2019-11-06,2019-11-22,2019-11-30,2097.84,3329.90
"SO - 0004502",Distributor,WARE-NMK1003,USD,24,9,156,37,5,0.08,2019-08-23,2019-11-06,2019-11-27,2019-11-28,2391.90,3986.50
"SO - 0004503",Online,WARE-MKL1006,USD,20,45,341,2,7,0.05,2019-08-23,2019-11-07,2019-11-11,2019-11-17,1058.06,2519.20
"SO - 0004504",In-Store,WARE-NBV1002,USD,4,12,69,14,3,0.1,2019-08-23,2019-11-07,2019-11-19,2019-11-20,4095.78,5768.70
"SO - 0004505",In-Store,WARE-PUJ1005,USD,4,49,287,21,2,0.05,2019-08-23,2019-11-07,2019-11-24,2019-11-30,2319.54,3865.90
"SO - 0004506",Distributor,WARE-PUJ1005,USD,23,1,307,23,8,0.1,2019-08-23,2019-11-07,2019-11-30,2019-12-02,2207.38,3872.60
"SO - 0004507",Distributor,WARE-NMK1003,USD,24,39,124,20,6,0.1,2019-05-15,2019-11-07,2019-11-28,2019-12-06,2041.83,3852.50
"SO - 0004508",Distributor,WARE-NMK1003,USD,21,33,105,2,4,0.08,2019-08-23,2019-11-07,2019-12-01,2019-12-02,2749.28,6545.90
"SO - 0004509",Online,WARE-PUJ1005,USD,13,39,281,35,2,0.05,2019-08-23,2019-11-07,2019-11-23,2019-12-03,1790.51,3510.80
"SO - 0004510",Online,WARE-NMK1003,USD,20,36,103,7,1,0.3,2019-08-23,2019-11-07,2019-11-29,2019-12-06,1331.63,2512.50
"SO - 0004511",Distributor,WARE-XYS1001,USD,22,35,28,43,8,0.05,2019-05-15,2019-11-08,2019-11-26,2019-11-27,942.02,1239.50
"SO - 0004512",In-Store,WARE-XYS1001,USD,8,12,43,16,6,0.15,2019-08-23,2019-11-08,2019-11-29,2019-12-03,944.70,2010.00
"SO - 0004513",In-Store,WARE-NMK1003,USD,3,15,144,35,5,0.05,2019-08-23,2019-11-08,2019-11-11,2019-11-15,114.57,201.00
"SO - 0004514",In-Store,WARE-NMK1003,USD,10,26,110,38,7,0.1,2019-08-23,2019-11-08,2019-11-29,2019-12-09,2082.23,2539.30
"SO - 0004515",In-Store,WARE-UHY1004,USD,9,20,211,12,4,0.05,2019-08-23,2019-11-08,2019-12-02,2019-12-09,88.44,201.00
"SO - 0004516",In-Store,WARE-NBV1002,USD,10,2,73,28,4,0.05,2019-08-23,2019-11-08,2019-11-20,2019-11-21,3219.48,3926.20
"SO - 0004517",In-Store,WARE-UHY1004,USD,1,26,242,21,6,0.05,2019-08-23,2019-11-09,2019-12-03,2019-12-05,1168.75,2385.20
"SO - 0004518",Online,WARE-NBV1002,USD,13,17,77,19,1,0.08,2019-08-23,2019-11-09,2019-11-11,2019-11-16,1369.01,2793.90
"SO - 0004519",Distributor,WARE-MKL1006,USD,22,39,350,21,2,0.15,2019-08-23,2019-11-09,2019-12-04,2019-12-09,124.75,254.60
"SO - 0004520",In-Store,WARE-MKL1006,USD,3,33,362,13,4,0.08,2019-08-23,2019-11-09,2019-11-18,2019-11-20,3230.94,3892.70
"SO - 0004521",Online,WARE-PUJ1005,USD,17,30,281,41,3,0.2,2019-08-23,2019-11-10,2019-12-05,2019-12-13,2323.56,3872.60
"SO - 0004522",In-Store,WARE-PUJ1005,USD,12,22,269,4,5,0.05,2019-05-15,2019-11-10,2019-11-28,2019-12-07,452.32,1051.90
"SO - 0004523",In-Store,WARE-XYS1001,USD,2,29,37,42,4,0.08,2019-05-15,2019-11-10,2019-11-25,2019-12-05,104.79,227.80
"SO - 0004524",Distributor,WARE-UHY1004,USD,23,11,234,37,1,0.05,2019-05-15,2019-11-11,2019-11-30,2019-12-04,2793.10,3879.30
"SO - 0004525",Distributor,WARE-PUJ1005,USD,24,14,296,1,3,0.05,2019-08-23,2019-11-11,2019-12-08,2019-12-18,818.07,1105.50
"SO - 0004526",Distributor,WARE-MKL1006,USD,20,25,331,36,2,0.05,2019-08-23,2019-11-11,2019-11-13,2019-11-14,2635.51,3993.20
"SO - 0004527",In-Store,WARE-MKL1006,USD,5,15,364,27,3,0.2,2019-08-23,2019-11-11,2019-11-26,2019-12-02,129.44,187.60
"SO - 0004528",Online,WARE-XYS1001,USD,19,24,8,35,3,0.05,2019-05-15,2019-11-11,2019-11-15,2019-11-21,3942.15,6358.30
"SO - 0004529",Wholesale,WARE-PUJ1005,USD,28,19,266,20,3,0.15,2019-05-15,2019-11-11,2019-11-21,2019-11-27,2844.69,4006.60
"SO - 0004530",In-Store,WARE-NBV1002,USD,8,44,67,2,2,0.4,2019-08-23,2019-11-11,2019-11-17,2019-11-26,1762.90,4006.60
"SO - 0004531",Online,WARE-NMK1003,USD,20,25,104,28,4,0.1,2019-08-23,2019-11-11,2019-11-15,2019-11-24,2084.44,3932.90
"SO - 0004532",Wholesale,WARE-MKL1006,USD,25,10,364,18,8,0.05,2019-08-23,2019-11-11,2019-11-21,2019-11-28,2961.27,6043.40
"SO - 0004533",In-Store,WARE-NMK1003,USD,7,31,193,31,6,0.15,2019-08-23,2019-11-11,2019-11-14,2019-11-16,856.39,1112.20
"SO - 0004534",In-Store,WARE-PUJ1005,USD,3,6,323,8,7,0.05,2019-05-15,2019-11-12,2019-12-09,2019-12-16,827.32,1969.80
"SO - 0004535",Distributor,WARE-XYS1001,USD,23,5,47,45,7,0.1,2019-05-15,2019-11-12,2019-12-07,2019-12-17,1798.35,2606.30
"SO - 0004536",In-Store,WARE-MKL1006,USD,1,41,330,13,4,0.08,2019-08-23,2019-11-12,2019-11-28,2019-12-02,187.60,268.00
"SO - 0004537",Online,WARE-PUJ1005,USD,20,41,266,15,7,0.08,2019-08-23,2019-11-12,2019-12-02,2019-12-07,818.20,1902.80
"SO - 0004538",In-Store,WARE-PUJ1005,USD,10,34,282,22,2,0.15,2019-08-23,2019-11-12,2019-12-02,2019-12-03,1791.58,2559.40
"SO - 0004539",In-Store,WARE-NMK1003,USD,10,11,95,26,8,0.1,2019-08-23,2019-11-12,2019-11-19,2019-11-20,3103.44,3879.30
"SO - 0004540",Online,WARE-NMK1003,USD,16,15,131,13,6,0.05,2019-08-23,2019-11-13,2019-11-22,2019-12-02,3241.73,3859.20
"SO - 0004541",Distributor,WARE-XYS1001,USD,21,4,16,5,3,0.08,2019-08-23,2019-11-13,2019-11-23,2019-12-01,1069.32,1782.20
"SO - 0004542",Online,WARE-MKL1006,USD,15,1,364,40,1,0.15,2019-08-23,2019-11-13,2019-11-26,2019-11-29,112.56,268.00
"SO - 0004543",In-Store,WARE-NMK1003,USD,9,3,117,22,5,0.08,2019-08-23,2019-11-13,2019-12-05,2019-12-09,3772.30,6184.10
"SO - 0004544",Distributor,WARE-NMK1003,USD,21,16,94,37,6,0.08,2019-08-23,2019-11-13,2019-11-21,2019-11-22,1206.00,2412.00
"SO - 0004545",Online,WARE-NMK1003,USD,14,23,135,13,8,0.1,2019-08-23,2019-11-13,2019-11-29,2019-12-07,695.06,891.10
"SO - 0004546",Distributor,WARE-NBV1002,USD,22,41,70,31,7,0.2,2019-08-23,2019-11-13,2019-11-15,2019-11-20,1655.17,2586.20
"SO - 0004547",In-Store,WARE-NMK1003,USD,9,9,158,20,3,0.08,2019-08-23,2019-11-13,2019-11-29,2019-12-07,569.50,1139.00
"SO - 0004548",Online,WARE-XYS1001,USD,17,33,12,3,5,0.4,2019-08-23,2019-11-13,2019-11-24,2019-12-03,4143.41,6277.90
"SO - 0004549",Online,WARE-MKL1006,USD,16,36,353,10,6,0.08,2019-08-23,2019-11-13,2019-11-20,2019-11-27,2046.78,4013.30
"SO - 0004550",Distributor,WARE-MKL1006,USD,24,26,335,35,7,0.15,2019-08-23,2019-11-14,2019-11-30,2019-12-10,2573.00,5045.10
"SO - 0004551",Online,WARE-XYS1001,USD,18,42,13,30,1,0.15,2019-05-15,2019-11-14,2019-11-29,2019-12-01,1154.08,1775.50
"SO - 0004552",In-Store,WARE-NBV1002,USD,11,38,65,4,8,0.05,2019-05-15,2019-11-14,2019-12-09,2019-12-13,923.26,1742.00
"SO - 0004553",In-Store,WARE-MKL1006,USD,3,26,329,17,3,0.05,2019-08-23,2019-11-14,2019-12-09,2019-12-19,83.55,194.30
"SO - 0004554",Distributor,WARE-NBV1002,USD,22,2,84,41,8,0.08,2019-08-23,2019-11-14,2019-12-01,2019-12-07,1452.02,1728.60
"SO - 0004555",In-Store,WARE-MKL1006,USD,10,38,353,37,4,0.4,2019-08-23,2019-11-14,2019-12-01,2019-12-10,68.68,167.50
"SO - 0004556",In-Store,WARE-XYS1001,USD,1,37,6,19,3,0.08,2019-08-23,2019-11-14,2019-12-10,2019-12-16,1013.04,1876.00
"SO - 0004557",In-Store,WARE-PUJ1005,USD,3,31,286,18,7,0.08,2019-08-23,2019-11-14,2019-11-17,2019-11-21,5059.84,6324.80
"SO - 0004558",In-Store,WARE-UHY1004,USD,8,44,237,6,2,0.05,2019-08-23,2019-11-14,2019-12-12,2019-12-20,1742.67,3872.60
"SO - 0004559",Online,WARE-PUJ1005,USD,17,5,280,12,3,0.4,2019-08-23,2019-11-14,2019-12-10,2019-12-15,365.89,850.90
"SO - 0004560",In-Store,WARE-UHY1004,USD,2,22,259,18,8,0.05,2019-08-23,2019-11-14,2019-11-28,2019-12-08,2032.78,2479.00
"SO - 0004561",Distributor,WARE-UHY1004,USD,22,27,253,23,3,0.15,2019-08-23,2019-11-14,2019-12-01,2019-12-08,2550.29,5313.10
"SO - 0004562",In-Store,WARE-NBV1002,USD,5,13,86,45,4,0.4,2019-08-23,2019-11-14,2019-12-02,2019-12-05,1277.09,2606.30
"SO - 0004563",In-Store,WARE-NMK1003,USD,12,32,105,33,2,0.4,2019-08-23,2019-11-15,2019-11-30,2019-12-03,2189.36,5339.90
"SO - 0004564",Online,WARE-NMK1003,USD,18,43,188,30,6,0.05,2019-05-15,2019-11-15,2019-11-21,2019-11-29,1348.58,1983.20
"SO - 0004565",Online,WARE-NMK1003,USD,14,19,142,6,3,0.05,2019-08-23,2019-11-15,2019-12-05,2019-12-13,1183.49,1715.20
"SO - 0004566",Wholesale,WARE-XYS1001,USD,27,40,10,1,6,0.3,2019-08-23,2019-11-15,2019-11-30,2019-12-09,2149.90,3839.10
"SO - 0004567",In-Store,WARE-NMK1003,USD,10,12,185,37,8,0.05,2019-05-15,2019-11-15,2019-12-12,2019-12-15,2276.12,3993.20
"SO - 0004568",Distributor,WARE-NMK1003,USD,25,38,120,36,5,0.15,2019-08-23,2019-11-15,2019-12-04,2019-12-06,738.68,1172.50
"SO - 0004569",Online,WARE-PUJ1005,USD,19,42,282,40,6,0.15,2019-05-15,2019-11-15,2019-12-02,2019-12-10,1632.59,2767.10
"SO - 0004570",Wholesale,WARE-UHY1004,USD,28,6,237,34,6,0.05,2019-08-23,2019-11-15,2019-12-01,2019-12-09,374.53,871.00
"SO - 0004571",Wholesale,WARE-UHY1004,USD,27,25,220,9,1,0.2,2019-08-23,2019-11-15,2019-12-02,2019-12-07,1326.60,2412.00
"SO - 0004572",Online,WARE-NMK1003,USD,13,31,157,12,7,0.05,2019-08-23,2019-11-15,2019-11-23,2019-12-01,1526.53,2385.20
"SO - 0004573",In-Store,WARE-UHY1004,USD,3,30,208,24,8,0.1,2019-08-23,2019-11-15,2019-11-20,2019-11-24,1889.60,2391.90
"SO - 0004574",In-Store,WARE-NBV1002,USD,12,48,78,31,8,0.05,2019-08-23,2019-11-16,2019-11-19,2019-11-20,1371.69,2324.90
"SO - 0004575",Distributor,WARE-NMK1003,USD,24,38,103,43,5,0.15,2019-08-23,2019-11-16,2019-11-29,2019-12-02,2399.61,3691.70
"SO - 0004576",Online,WARE-NMK1003,USD,13,36,181,34,3,0.05,2019-08-23,2019-11-16,2019-12-12,2019-12-13,506.52,904.50
"SO - 0004577",In-Store,WARE-NMK1003,USD,11,46,110,25,4,0.05,2019-08-23,2019-11-16,2019-12-05,2019-12-08,943.36,1715.20
"SO - 0004578",Distributor,WARE-NMK1003,USD,25,21,174,25,8,0.05,2019-08-23,2019-11-16,2019-11-26,2019-12-02,515.90,938.00
"SO - 0004579",Online,WARE-NMK1003,USD,15,15,135,34,4,0.08,2019-08-23,2019-11-16,2019-11-20,2019-11-22,1762.90,4006.60
"SO - 0004580",In-Store,WARE-PUJ1005,USD,10,26,321,17,8,0.05,2019-08-23,2019-11-16,2019-12-03,2019-12-10,628.73,1232.80
"SO - 0004581",Wholesale,WARE-NMK1003,USD,25,21,178,33,7,0.2,2019-08-23,2019-11-16,2019-12-03,2019-12-04,2296.69,3892.70
"SO - 0004582",In-Store,WARE-NBV1002,USD,1,23,72,6,1,0.05,2019-08-23,2019-11-16,2019-12-13,2019-12-16,1093.71,2485.70
"SO - 0004583",In-Store,WARE-UHY1004,USD,9,40,228,47,2,0.05,2019-05-15,2019-11-16,2019-11-28,2019-12-08,1341.34,1742.00
"SO - 0004584",Online,WARE-XYS1001,USD,13,18,37,29,2,0.05,2019-08-23,2019-11-16,2019-12-07,2019-12-15,91.92,187.60
"SO - 0004585",Online,WARE-XYS1001,USD,15,8,30,43,3,0.3,2019-08-23,2019-11-16,2019-12-05,2019-12-15,2141.86,3966.40
"SO - 0004586",Online,WARE-PUJ1005,USD,18,35,297,34,3,0.2,2019-08-23,2019-11-17,2019-11-21,2019-11-22,578.88,1072.00
"SO - 0004587",In-Store,WARE-PUJ1005,USD,9,49,300,32,4,0.15,2019-08-23,2019-11-17,2019-11-20,2019-11-23,675.83,877.70
"SO - 0004588",In-Store,WARE-UHY1004,USD,11,16,243,10,5,0.05,2019-08-23,2019-11-17,2019-12-09,2019-12-13,3763.12,5701.70
"SO - 0004589",In-Store,WARE-NBV1002,USD,5,49,74,19,7,0.05,2019-05-15,2019-11-17,2019-12-12,2019-12-14,973.85,1708.50
"SO - 0004590",Online,WARE-NMK1003,USD,18,20,107,33,3,0.05,2019-08-23,2019-11-17,2019-12-06,2019-12-10,688.09,871.00
"SO - 0004591",Wholesale,WARE-XYS1001,USD,27,33,28,29,4,0.08,2019-08-23,2019-11-17,2019-11-19,2019-11-24,2894.40,6030.00
"SO - 0004592",In-Store,WARE-XYS1001,USD,1,17,1,11,5,0.08,2019-08-23,2019-11-17,2019-12-13,2019-12-23,3676.69,5406.90
"SO - 0004593",In-Store,WARE-XYS1001,USD,3,6,22,8,5,0.1,2019-08-23,2019-11-17,2019-12-06,2019-12-07,352.76,783.90
"SO - 0004594",Online,WARE-NMK1003,USD,19,36,117,10,2,0.15,2019-08-23,2019-11-17,2019-12-03,2019-12-04,147.40,268.00
"SO - 0004595",Online,WARE-NMK1003,USD,14,42,163,45,8,0.08,2019-08-23,2019-11-17,2019-11-29,2019-12-06,793.88,1936.30
"SO - 0004596",Online,WARE-PUJ1005,USD,12,32,297,33,2,0.15,2019-08-23,2019-11-18,2019-12-04,2019-12-13,690.37,1078.70
"SO - 0004597",Distributor,WARE-NBV1002,USD,23,47,64,22,6,0.08,2019-08-23,2019-11-18,2019-12-15,2019-12-18,1968.46,3785.50
"SO - 0004598",Distributor,WARE-UHY1004,USD,24,14,236,21,6,0.08,2019-08-23,2019-11-18,2019-11-20,2019-11-28,1637.75,2599.60
"SO - 0004599",In-Store,WARE-PUJ1005,USD,4,12,262,3,2,0.2,2019-08-23,2019-11-18,2019-11-30,2019-12-02,1522.51,2003.30
"SO - 0004600",In-Store,WARE-NMK1003,USD,10,18,185,10,1,0.05,2019-08-23,2019-11-18,2019-12-06,2019-12-13,2666.47,3979.80
"SO - 0004601",In-Store,WARE-PUJ1005,USD,2,7,302,40,5,0.15,2019-08-23,2019-11-18,2019-12-05,2019-12-10,574.06,1125.60
"SO - 0004602",Online,WARE-PUJ1005,USD,16,44,275,41,2,0.05,2019-08-23,2019-11-18,2019-12-10,2019-12-18,1417.99,2726.90
"SO - 0004603",Distributor,WARE-NMK1003,USD,25,2,187,18,5,0.08,2019-08-23,2019-11-18,2019-12-06,2019-12-14,1379.53,1943.00
"SO - 0004604",Online,WARE-XYS1001,USD,17,21,12,41,8,0.2,2019-08-23,2019-11-19,2019-12-04,2019-12-12,776.66,1078.70
"SO - 0004605",In-Store,WARE-PUJ1005,USD,1,49,272,11,8,0.3,2019-08-23,2019-11-19,2019-11-26,2019-12-05,3887.07,5252.80
"SO - 0004606",Distributor,WARE-PUJ1005,USD,23,29,267,35,8,0.05,2019-08-23,2019-11-19,2019-12-02,2019-12-11,4161.10,6304.70
"SO - 0004607",In-Store,WARE-UHY1004,USD,5,33,225,38,3,0.15,2019-08-23,2019-11-19,2019-12-17,2019-12-19,1492.22,2331.60
"SO - 0004608",In-Store,WARE-PUJ1005,USD,2,35,316,27,3,0.05,2019-08-23,2019-11-19,2019-12-13,2019-12-19,922.59,1085.40
"SO - 0004609",Distributor,WARE-XYS1001,USD,24,44,33,16,4,0.08,2019-08-23,2019-11-19,2019-12-05,2019-12-07,2104.87,3095.40
"SO - 0004610",Online,WARE-NMK1003,USD,15,43,157,4,7,0.2,2019-08-23,2019-11-19,2019-11-21,2019-11-25,3197.58,3852.50
"SO - 0004611",In-Store,WARE-NMK1003,USD,9,8,198,9,5,0.15,2019-08-23,2019-11-19,2019-11-30,2019-12-08,772.78,1058.60
"SO - 0004612",Distributor,WARE-NMK1003,USD,21,21,94,19,6,0.05,2019-08-23,2019-11-19,2019-11-30,2019-12-01,2069.56,2619.70
"SO - 0004613",Online,WARE-UHY1004,USD,17,14,233,10,3,0.1,2019-08-23,2019-11-19,2019-11-22,2019-12-02,1668.70,3973.10
"SO - 0004614",Online,WARE-PUJ1005,USD,13,12,309,32,7,0.1,2019-05-15,2019-11-19,2019-12-03,2019-12-08,150.08,187.60
"SO - 0004615",Online,WARE-NMK1003,USD,18,29,135,3,5,0.2,2019-08-23,2019-11-19,2019-12-14,2019-12-20,2351.10,3731.90
"SO - 0004616",Wholesale,WARE-PUJ1005,USD,27,38,289,14,6,0.05,2019-08-23,2019-11-20,2019-12-08,2019-12-13,469.60,1092.10
"SO - 0004617",Wholesale,WARE-NBV1002,USD,25,34,84,14,8,0.1,2019-08-23,2019-11-20,2019-12-05,2019-12-09,3308.80,3986.50
"SO - 0004618",Wholesale,WARE-PUJ1005,USD,26,49,277,15,4,0.15,2019-08-23,2019-11-20,2019-12-08,2019-12-15,4748.63,6331.50
"SO - 0004619",In-Store,WARE-PUJ1005,USD,8,34,302,30,3,0.1,2019-08-23,2019-11-20,2019-11-27,2019-12-06,3190.27,5145.60
"SO - 0004620",In-Store,WARE-XYS1001,USD,2,38,39,5,7,0.1,2019-08-23,2019-11-20,2019-11-23,2019-11-27,2188.29,3839.10
"SO - 0004621",Online,WARE-NMK1003,USD,16,2,177,19,1,0.1,2019-08-23,2019-11-20,2019-11-26,2019-12-04,1595.54,2532.60
"SO - 0004622",In-Store,WARE-UHY1004,USD,5,6,227,28,6,0.2,2019-08-23,2019-11-20,2019-12-18,2019-12-22,1947.29,2318.20
"SO - 0004623",Wholesale,WARE-UHY1004,USD,27,44,218,9,7,0.15,2019-08-23,2019-11-20,2019-12-07,2019-12-11,564.01,924.60
"SO - 0004624",In-Store,WARE-MKL1006,USD,6,24,348,33,6,0.1,2019-08-23,2019-11-21,2019-12-16,2019-12-23,688.76,1721.90
"SO - 0004625",Wholesale,WARE-PUJ1005,USD,28,11,274,12,5,0.2,2019-08-23,2019-11-21,2019-12-14,2019-12-19,90.45,180.90
"SO - 0004626",Online,WARE-PUJ1005,USD,20,39,261,24,1,0.05,2019-08-23,2019-11-21,2019-11-25,2019-11-29,455.27,1011.70
"SO - 0004627",In-Store,WARE-MKL1006,USD,8,23,337,19,5,0.15,2019-08-23,2019-11-21,2019-12-03,2019-12-07,542.70,1005.00
"SO - 0004628",Online,WARE-NMK1003,USD,13,18,150,21,6,0.2,2019-08-23,2019-11-22,2019-12-15,2019-12-21,918.30,1192.60
"SO - 0004629",Distributor,WARE-NMK1003,USD,21,49,108,46,6,0.05,2019-08-23,2019-11-22,2019-12-03,2019-12-13,680.99,810.70
"SO - 0004630",In-Store,WARE-NMK1003,USD,5,29,189,31,8,0.4,2019-08-23,2019-11-22,2019-12-15,2019-12-25,3878.50,5386.80
"SO - 0004631",Wholesale,WARE-NMK1003,USD,25,2,152,14,8,0.08,2019-08-23,2019-11-22,2019-12-18,2019-12-27,1034.95,1815.70
"SO - 0004632",In-Store,WARE-NMK1003,USD,2,44,168,46,6,0.15,2019-08-23,2019-11-22,2019-12-03,2019-12-09,578.55,1051.90
"SO - 0004633",Wholesale,WARE-PUJ1005,USD,26,46,289,4,4,0.4,2019-08-23,2019-11-22,2019-12-12,2019-12-21,611.58,1092.10
"SO - 0004634",In-Store,WARE-NMK1003,USD,1,26,132,27,3,0.05,2019-08-23,2019-11-22,2019-12-20,2019-12-26,1568.40,1936.30
"SO - 0004635",Online,WARE-XYS1001,USD,12,12,55,6,1,0.2,2019-08-23,2019-11-22,2019-12-09,2019-12-15,2887.16,3437.10
"SO - 0004636",In-Store,WARE-UHY1004,USD,2,23,257,1,1,0.1,2019-08-23,2019-11-22,2019-12-01,2019-12-09,1782.20,3182.50
"SO - 0004637",In-Store,WARE-MKL1006,USD,2,43,358,28,2,0.1,2019-08-23,2019-11-23,2019-11-25,2019-11-27,2237.40,3792.20
"SO - 0004638",In-Store,WARE-NMK1003,USD,3,45,116,12,5,0.15,2019-08-23,2019-11-23,2019-12-17,2019-12-19,792.61,1132.30
"SO - 0004639",In-Store,WARE-MKL1006,USD,1,34,358,32,7,0.15,2019-08-23,2019-11-23,2019-12-15,2019-12-23,768.83,904.50
"SO - 0004640",In-Store,WARE-NMK1003,USD,7,29,143,35,8,0.08,2019-08-23,2019-11-23,2019-12-08,2019-12-13,2511.50,3986.50
"SO - 0004641",Wholesale,WARE-UHY1004,USD,26,22,236,20,3,0.2,2019-08-23,2019-11-23,2019-12-11,2019-12-13,662.70,1051.90
"SO - 0004642",Online,WARE-NMK1003,USD,19,33,122,1,2,0.15,2019-08-23,2019-11-23,2019-11-30,2019-12-03,405.22,964.80
"SO - 0004643",Wholesale,WARE-XYS1001,USD,26,8,38,41,3,0.1,2019-08-23,2019-11-23,2019-11-28,2019-12-04,516.44,1098.80
"SO - 0004644",Wholesale,WARE-UHY1004,USD,26,8,261,4,7,0.4,2019-08-23,2019-11-23,2019-11-30,2019-12-09,1370.69,2586.20
"SO - 0004645",In-Store,WARE-PUJ1005,USD,4,46,302,1,7,0.1,2019-08-23,2019-11-23,2019-12-16,2019-12-24,3268.13,5634.70
"SO - 0004646",Online,WARE-UHY1004,USD,14,42,233,26,5,0.08,2019-08-23,2019-11-24,2019-12-19,2019-12-23,2855.81,3859.20
"SO - 0004647",In-Store,WARE-MKL1006,USD,9,5,343,17,4,0.3,2019-08-23,2019-11-24,2019-12-14,2019-12-19,95.54,207.70
"SO - 0004648",Online,WARE-NMK1003,USD,16,12,99,25,8,0.05,2019-08-23,2019-11-24,2019-12-01,2019-12-11,615.06,1139.00
"SO - 0004649",In-Store,WARE-NMK1003,USD,7,13,89,14,3,0.15,2019-08-23,2019-11-24,2019-12-09,2019-12-15,2910.15,3986.50
"SO - 0004650",Online,WARE-NMK1003,USD,15,18,128,15,3,0.05,2019-08-23,2019-11-24,2019-12-22,2019-12-31,377.88,944.70
"SO - 0004651",Online,WARE-XYS1001,USD,14,13,50,32,4,0.1,2019-08-23,2019-11-24,2019-12-09,2019-12-13,389.14,884.40
"SO - 0004652",In-Store,WARE-PUJ1005,USD,5,42,323,47,1,0.08,2019-08-23,2019-11-24,2019-12-06,2019-12-12,760.85,1118.90
"SO - 0004653",Distributor,WARE-XYS1001,USD,25,21,9,31,4,0.05,2019-08-23,2019-11-24,2019-12-01,2019-12-04,788.99,1232.80
"SO - 0004654",In-Store,WARE-NMK1003,USD,8,3,151,47,6,0.08,2019-08-23,2019-11-24,2019-12-13,2019-12-14,128.24,194.30
"SO - 0004655",In-Store,WARE-MKL1006,USD,12,34,355,24,5,0.05,2019-08-23,2019-11-24,2019-12-07,2019-12-10,625.31,1025.10
"SO - 0004656",In-Store,WARE-UHY1004,USD,8,7,209,8,7,0.08,2019-08-23,2019-11-24,2019-12-01,2019-12-02,2430.09,3919.50
"SO - 0004657",Online,WARE-UHY1004,USD,14,2,238,25,6,0.08,2019-08-23,2019-11-24,2019-12-12,2019-12-14,962.39,1782.20
"SO - 0004658",In-Store,WARE-UHY1004,USD,5,48,257,22,8,0.08,2019-08-23,2019-11-24,2019-12-03,2019-12-12,1116.22,2278.00
"SO - 0004659",In-Store,WARE-PUJ1005,USD,1,47,317,3,5,0.05,2019-08-23,2019-11-25,2019-12-21,2019-12-26,2076.73,2532.60
"SO - 0004660",Distributor,WARE-PUJ1005,USD,23,39,311,38,8,0.1,2019-08-23,2019-11-25,2019-12-02,2019-12-10,2319.94,3999.90
"SO - 0004661",Distributor,WARE-XYS1001,USD,24,8,56,43,2,0.08,2019-08-23,2019-11-25,2019-12-16,2019-12-21,749.93,1829.10
"SO - 0004662",In-Store,WARE-NMK1003,USD,8,37,155,36,6,0.05,2019-08-23,2019-11-25,2019-11-28,2019-12-08,2498.83,5949.60
"SO - 0004663",Online,WARE-NMK1003,USD,12,25,96,2,3,0.05,2019-08-23,2019-11-25,2019-11-28,2019-12-06,777.67,1065.30
"SO - 0004664",Online,WARE-NBV1002,USD,19,31,82,23,7,0.4,2019-08-23,2019-11-25,2019-12-02,2019-12-08,519.59,1105.50
"SO - 0004665",In-Store,WARE-UHY1004,USD,7,16,211,14,8,0.05,2019-08-23,2019-11-25,2019-11-27,2019-11-30,1688.40,2680.00
"SO - 0004666",In-Store,WARE-PUJ1005,USD,8,27,278,23,1,0.2,2019-08-23,2019-11-26,2019-11-28,2019-12-03,536.27,777.20
"SO - 0004667",Wholesale,WARE-UHY1004,USD,25,26,248,22,3,0.08,2019-08-23,2019-11-26,2019-12-10,2019-12-14,1855.63,3865.90
"SO - 0004668",In-Store,WARE-MKL1006,USD,3,26,353,30,2,0.1,2019-08-23,2019-11-26,2019-12-13,2019-12-15,1161.91,2003.30
"SO - 0004669",Distributor,WARE-UHY1004,USD,21,46,248,38,5,0.1,2019-08-23,2019-11-26,2019-12-24,2019-12-29,2857.01,6210.90
"SO - 0004670",Online,WARE-PUJ1005,USD,19,49,278,16,7,0.05,2019-08-23,2019-11-26,2019-12-10,2019-12-18,2037.81,2579.50
"SO - 0004671",In-Store,WARE-XYS1001,USD,8,37,9,3,3,0.05,2019-08-23,2019-11-26,2019-12-09,2019-12-16,118.59,201.00
"SO - 0004672",Online,WARE-XYS1001,USD,17,29,41,30,8,0.15,2019-08-23,2019-11-26,2019-12-05,2019-12-10,929.83,1721.90
"SO - 0004673",Online,WARE-PUJ1005,USD,18,40,320,28,4,0.08,2019-08-23,2019-11-26,2019-12-21,2019-12-25,3924.53,5232.70
"SO - 0004674",In-Store,WARE-NMK1003,USD,6,19,174,44,7,0.2,2019-08-23,2019-11-26,2019-12-05,2019-12-07,2869.21,5413.60
"SO - 0004675",Online,WARE-NBV1002,USD,18,36,81,36,3,0.2,2019-08-23,2019-11-27,2019-12-13,2019-12-20,607.02,1011.70
"SO - 0004676",In-Store,WARE-PUJ1005,USD,1,23,281,16,3,0.05,2019-08-23,2019-11-27,2019-12-15,2019-12-20,2524.16,4006.60
"SO - 0004677",In-Store,WARE-NMK1003,USD,4,2,166,20,3,0.08,2019-08-23,2019-11-27,2019-12-14,2019-12-18,1373.37,1855.90
"SO - 0004678",Online,WARE-NMK1003,USD,16,16,128,44,4,0.08,2019-08-23,2019-11-27,2019-12-01,2019-12-06,2921.20,3651.50
"SO - 0004679",In-Store,WARE-MKL1006,USD,4,12,359,20,8,0.2,2019-08-23,2019-11-27,2019-12-09,2019-12-16,99.43,187.60
"SO - 0004680",Distributor,WARE-UHY1004,USD,25,3,211,33,5,0.4,2019-08-23,2019-11-27,2019-12-23,2019-12-25,607.82,1125.60
"SO - 0004681",Online,WARE-XYS1001,USD,17,1,10,33,1,0.08,2019-08-23,2019-11-27,2019-12-08,2019-12-09,3027.06,5045.10
"SO - 0004682",In-Store,WARE-PUJ1005,USD,11,20,320,16,4,0.15,2019-08-23,2019-11-27,2019-12-14,2019-12-24,150.08,214.40
"SO - 0004683",In-Store,WARE-MKL1006,USD,8,5,335,39,7,0.08,2019-08-23,2019-11-27,2019-12-23,2019-12-29,1331.96,1876.00
"SO - 0004684",Wholesale,WARE-NMK1003,USD,25,17,188,38,3,0.08,2019-08-23,2019-11-27,2019-12-14,2019-12-23,551.54,1125.60
"SO - 0004685",Online,WARE-NBV1002,USD,17,41,85,21,1,0.08,2019-08-23,2019-11-27,2019-12-08,2019-12-12,2989.88,3986.50
"SO - 0004686",Online,WARE-NMK1003,USD,12,13,165,3,6,0.08,2019-08-23,2019-11-27,2019-12-20,2019-12-28,4901.32,6204.20
"SO - 0004687",In-Store,WARE-PUJ1005,USD,3,49,314,4,8,0.08,2019-08-23,2019-11-28,2019-12-14,2019-12-20,767.02,1065.30
"SO - 0004688",Distributor,WARE-MKL1006,USD,24,29,330,4,5,0.2,2019-08-23,2019-11-28,2019-12-19,2019-12-27,633.49,1038.50
"SO - 0004689",Online,WARE-UHY1004,USD,17,36,248,37,3,0.1,2019-08-23,2019-11-28,2019-12-21,2019-12-24,3138.82,6539.20
"SO - 0004690",Wholesale,WARE-UHY1004,USD,28,41,206,36,4,0.1,2019-08-23,2019-11-28,2019-12-17,2019-12-26,526.08,1011.70
"SO - 0004691",Wholesale,WARE-NMK1003,USD,28,33,161,46,7,0.05,2019-08-23,2019-11-28,2019-12-26,2019-12-30,2561.81,3242.80
"SO - 0004692",Distributor,WARE-UHY1004,USD,21,35,241,31,2,0.05,2019-08-23,2019-11-28,2019-12-06,2019-12-16,843.73,1721.90
"SO - 0004693",Online,WARE-XYS1001,USD,17,6,56,28,2,0.08,2019-08-23,2019-11-28,2019-12-09,2019-12-10,2910.15,3986.50
"SO - 0004694",Online,WARE-XYS1001,USD,18,40,52,45,3,0.15,2019-08-23,2019-11-29,2019-12-09,2019-12-14,1279.16,1728.60
"SO - 0004695",Online,WARE-MKL1006,USD,15,28,335,38,3,0.08,2019-08-23,2019-11-29,2019-12-14,2019-12-22,106.53,201.00
"SO - 0004696",Distributor,WARE-PUJ1005,USD,25,42,304,8,1,0.15,2019-08-23,2019-11-29,2019-12-17,2019-12-18,582.90,971.50
"SO - 0004697",In-Store,WARE-XYS1001,USD,3,24,33,16,4,0.3,2019-08-23,2019-11-29,2019-12-26,2019-12-31,594.02,958.10
"SO - 0004698",In-Store,WARE-NBV1002,USD,6,25,83,14,8,0.4,2019-08-23,2019-11-29,2019-12-01,2019-12-10,1818.38,3953.00
"SO - 0004699",Online,WARE-NMK1003,USD,15,14,89,21,1,0.2,2019-08-23,2019-11-29,2019-12-10,2019-12-18,706.52,1239.50
"SO - 0004700",Distributor,WARE-NMK1003,USD,23,20,128,29,4,0.05,2019-08-23,2019-11-29,2019-12-14,2019-12-17,4215.98,5621.30
"SO - 0004701",Online,WARE-NMK1003,USD,18,40,90,10,1,0.08,2019-08-23,2019-11-29,2019-12-12,2019-12-17,1881.16,3839.10
"SO - 0004702",Wholesale,WARE-PUJ1005,USD,27,41,307,8,2,0.05,2019-08-23,2019-11-29,2019-12-12,2019-12-22,1309.98,2519.20
"SO - 0004703",Online,WARE-NMK1003,USD,18,37,153,23,1,0.05,2019-08-23,2019-11-29,2019-12-20,2019-12-22,572.85,1005.00
"SO - 0004704",Distributor,WARE-XYS1001,USD,24,2,21,31,7,0.05,2019-08-23,2019-11-29,2019-12-08,2019-12-11,933.78,1212.70
"SO - 0004705",Wholesale,WARE-UHY1004,USD,27,5,249,29,4,0.08,2019-08-23,2019-11-29,2019-12-06,2019-12-14,2364.90,5031.70
"SO - 0004706",Wholesale,WARE-XYS1001,USD,28,25,47,25,6,0.08,2019-08-23,2019-11-30,2019-12-16,2019-12-17,1330.29,2418.70
"SO - 0004707",Online,WARE-XYS1001,USD,20,11,14,44,3,0.08,2019-08-23,2019-11-30,2019-12-09,2019-12-18,716.36,1085.40
"SO - 0004708",In-Store,WARE-MKL1006,USD,8,8,351,2,3,0.1,2019-08-23,2019-11-30,2019-12-25,2019-12-27,3207.96,5728.50
"SO - 0004709",In-Store,WARE-MKL1006,USD,1,13,341,33,7,0.2,2019-08-23,2019-11-30,2019-12-10,2019-12-18,122.21,214.40
"SO - 0004710",In-Store,WARE-PUJ1005,USD,2,35,283,46,7,0.08,2019-08-23,2019-11-30,2019-12-07,2019-12-16,525.75,891.10
"SO - 0004711",Wholesale,WARE-XYS1001,USD,26,47,55,37,3,0.05,2019-08-23,2019-11-30,2019-12-10,2019-12-11,639.18,1065.30
"SO - 0004712",Online,WARE-PUJ1005,USD,18,25,271,10,1,0.05,2019-08-23,2019-11-30,2019-12-09,2019-12-19,3892.30,6277.90
"SO - 0004713",Wholesale,WARE-NMK1003,USD,27,7,182,14,4,0.15,2019-08-23,2019-11-30,2019-12-05,2019-12-06,868.32,1085.40
"SO - 0004714",In-Store,WARE-UHY1004,USD,11,32,222,3,8,0.4,2019-08-23,2019-11-30,2019-12-08,2019-12-12,3128.23,5393.50
"SO - 0004715",Distributor,WARE-NMK1003,USD,25,32,113,7,7,0.05,2019-08-23,2019-11-30,2019-12-19,2019-12-28,119.60,234.50
"SO - 0004716",In-Store,WARE-NMK1003,USD,11,2,198,20,6,0.08,2019-08-23,2019-12-01,2019-12-04,2019-12-10,410.84,978.20
"SO - 0004717",In-Store,WARE-NMK1003,USD,8,43,190,2,6,0.2,2019-08-23,2019-12-01,2019-12-22,2019-12-27,155.31,254.60
"SO - 0004718",Wholesale,WARE-NMK1003,USD,27,38,189,44,7,0.2,2019-08-23,2019-12-01,2019-12-22,2019-12-26,1052.44,1252.90
"SO - 0004719",Distributor,WARE-MKL1006,USD,23,33,336,23,8,0.08,2019-08-23,2019-12-01,2019-12-17,2019-12-27,813.11,1098.80
"SO - 0004720",Online,WARE-MKL1006,USD,19,6,355,39,4,0.08,2019-08-23,2019-12-01,2019-12-16,2019-12-26,592.82,1058.60
"SO - 0004721",In-Store,WARE-PUJ1005,USD,12,21,270,38,8,0.05,2019-08-23,2019-12-01,2019-12-15,2019-12-25,132.66,201.00
"SO - 0004722",In-Store,WARE-UHY1004,USD,1,44,213,3,4,0.08,2019-08-23,2019-12-01,2019-12-17,2019-12-22,867.52,1045.20
"SO - 0004723",Online,WARE-PUJ1005,USD,14,3,291,8,6,0.05,2019-08-23,2019-12-01,2019-12-03,2019-12-13,1132.03,2358.40
"SO - 0004724",In-Store,WARE-NMK1003,USD,9,43,133,44,4,0.15,2019-08-23,2019-12-01,2019-12-26,2020-01-03,1132.03,2572.80
"SO - 0004725",Online,WARE-UHY1004,USD,15,26,260,13,5,0.05,2019-08-23,2019-12-02,2019-12-29,2020-01-04,585.92,1065.30
"SO - 0004726",Online,WARE-NMK1003,USD,18,38,169,18,1,0.05,2019-08-23,2019-12-02,2019-12-29,2020-01-02,1884.44,2298.10
"SO - 0004727",Wholesale,WARE-XYS1001,USD,27,5,8,7,2,0.1,2019-08-23,2019-12-02,2019-12-26,2019-12-29,1997.94,2814.00
"SO - 0004728",In-Store,WARE-NMK1003,USD,10,42,112,19,7,0.2,2019-08-23,2019-12-02,2019-12-20,2019-12-28,760.85,1118.90
"SO - 0004729",Online,WARE-NBV1002,USD,15,30,87,44,4,0.4,2019-08-23,2019-12-02,2019-12-25,2020-01-01,472.48,1098.80
"SO - 0004730",Distributor,WARE-XYS1001,USD,21,45,17,29,8,0.08,2019-08-23,2019-12-02,2019-12-15,2019-12-24,760.92,1855.90
"SO - 0004731",Online,WARE-XYS1001,USD,19,47,2,3,7,0.05,2019-08-23,2019-12-02,2019-12-30,2020-01-09,1696.84,2532.60
"SO - 0004732",In-Store,WARE-NMK1003,USD,11,43,145,40,6,0.1,2019-08-23,2019-12-02,2019-12-13,2019-12-19,737.00,1340.00
"SO - 0004733",In-Store,WARE-XYS1001,USD,6,9,35,4,4,0.15,2019-08-23,2019-12-03,2019-12-28,2020-01-01,1382.88,1728.60
"SO - 0004734",In-Store,WARE-NMK1003,USD,10,23,122,42,8,0.05,2019-08-23,2019-12-03,2019-12-31,2020-01-08,486.42,1105.50
"SO - 0004735",Wholesale,WARE-PUJ1005,USD,25,29,296,23,8,0.08,2019-08-23,2019-12-03,2019-12-06,2019-12-11,485.01,850.90
"SO - 0004736",Online,WARE-NMK1003,USD,17,11,95,11,1,0.4,2019-08-23,2019-12-03,2019-12-25,2019-12-26,3020.09,5118.80
"SO - 0004737",Wholesale,WARE-MKL1006,USD,28,25,355,14,4,0.4,2019-08-23,2019-12-03,2019-12-07,2019-12-12,1460.47,2318.20
"SO - 0004738",Wholesale,WARE-UHY1004,USD,28,30,212,21,3,0.08,2019-08-23,2019-12-03,2019-12-12,2019-12-20,644.88,837.50
"SO - 0004739",Online,WARE-PUJ1005,USD,13,5,265,19,8,0.4,2019-08-23,2019-12-03,2019-12-17,2019-12-22,1337.72,1996.60
"SO - 0004740",Distributor,WARE-PUJ1005,USD,21,1,298,5,7,0.3,2019-08-23,2019-12-03,2019-12-31,2020-01-09,3004.95,4006.60
"SO - 0004741",In-Store,WARE-UHY1004,USD,12,13,243,6,2,0.05,2019-08-23,2019-12-04,2019-12-14,2019-12-22,683.74,1051.90
"SO - 0004742",In-Store,WARE-UHY1004,USD,11,1,250,38,1,0.05,2019-08-23,2019-12-04,2019-12-07,2019-12-11,2525.63,3946.30
"SO - 0004743",Online,WARE-XYS1001,USD,13,3,41,46,5,0.4,2019-08-23,2019-12-04,2019-12-10,2019-12-11,472.75,984.90
"SO - 0004744",Online,WARE-PUJ1005,USD,13,43,289,24,8,0.08,2019-08-23,2019-12-04,2019-12-21,2019-12-31,1496.65,2934.60
"SO - 0004745",In-Store,WARE-NMK1003,USD,12,38,201,40,8,0.2,2019-08-23,2019-12-04,2019-12-07,2019-12-14,2925.15,3798.90
"SO - 0004746",In-Store,WARE-PUJ1005,USD,12,30,305,8,2,0.1,2019-08-23,2019-12-04,2019-12-06,2019-12-07,3055.20,3819.00
"SO - 0004747",Online,WARE-NMK1003,USD,16,13,176,29,2,0.1,2019-08-23,2019-12-04,2019-12-19,2019-12-26,1476.75,1869.30
"SO - 0004748",Distributor,WARE-NMK1003,USD,23,35,179,36,2,0.05,2019-08-23,2019-12-04,2019-12-16,2019-12-22,486.89,1132.30
"SO - 0004749",In-Store,WARE-NMK1003,USD,12,11,103,34,2,0.15,2019-08-23,2019-12-05,2019-12-22,2019-12-25,678.44,817.40
"SO - 0004750",In-Store,WARE-NMK1003,USD,9,28,142,37,3,0.15,2019-08-23,2019-12-05,2019-12-31,2020-01-06,461.50,1125.60
"SO - 0004751",In-Store,WARE-PUJ1005,USD,10,32,293,10,7,0.15,2019-08-23,2019-12-05,2019-12-22,2019-12-27,515.90,1172.50
"SO - 0004752",In-Store,WARE-PUJ1005,USD,9,50,297,38,8,0.05,2019-08-23,2019-12-05,2019-12-29,2020-01-04,749.06,1152.40
"SO - 0004753",Wholesale,WARE-PUJ1005,USD,26,15,270,16,7,0.05,2019-08-23,2019-12-05,2019-12-30,2020-01-08,3270.47,6170.70
"SO - 0004754",In-Store,WARE-XYS1001,USD,6,33,12,47,7,0.08,2019-08-23,2019-12-05,2019-12-23,2020-01-01,5106.81,6304.70
"SO - 0004755",Distributor,WARE-XYS1001,USD,23,26,33,31,1,0.08,2019-08-23,2019-12-05,2019-12-08,2019-12-11,711.81,857.60
"SO - 0004756",Distributor,WARE-NMK1003,USD,21,5,183,25,6,0.2,2019-08-23,2019-12-06,2019-12-14,2019-12-16,2020.72,5051.80
"SO - 0004757",In-Store,WARE-NBV1002,USD,7,1,80,12,3,0.05,2019-08-23,2019-12-06,2019-12-21,2019-12-27,125.96,268.00
"SO - 0004758",Online,WARE-XYS1001,USD,19,34,58,9,2,0.1,2019-08-23,2019-12-06,2019-12-17,2019-12-18,837.90,1132.30
"SO - 0004759",Online,WARE-NMK1003,USD,15,2,91,27,1,0.05,2019-08-23,2019-12-06,2019-12-19,2019-12-26,1886.59,3309.80
"SO - 0004760",Online,WARE-UHY1004,USD,19,44,252,28,7,0.05,2019-08-23,2019-12-06,2019-12-28,2020-01-07,400.46,931.30
"SO - 0004761",Online,WARE-MKL1006,USD,15,39,339,42,1,0.3,2019-08-23,2019-12-06,2019-12-18,2019-12-26,1002.59,2331.60
"SO - 0004762",Distributor,WARE-NMK1003,USD,22,14,182,7,7,0.1,2019-08-23,2019-12-06,2019-12-29,2020-01-06,2026.08,5065.20
"SO - 0004763",Online,WARE-XYS1001,USD,15,44,45,19,3,0.05,2019-08-23,2019-12-06,2019-12-30,2020-01-09,653.25,837.50
"SO - 0004764",Wholesale,WARE-UHY1004,USD,27,34,232,13,2,0.05,2019-08-23,2019-12-06,2019-12-30,2020-01-03,282.94,690.10
"SO - 0004765",In-Store,WARE-UHY1004,USD,2,34,230,31,7,0.05,2019-08-23,2019-12-07,2019-12-09,2019-12-14,1575.84,2626.40
"SO - 0004766",In-Store,WARE-XYS1001,USD,8,47,10,31,2,0.15,2019-08-23,2019-12-07,2019-12-18,2019-12-21,1479.49,2425.40
"SO - 0004767",Distributor,WARE-PUJ1005,USD,24,9,312,28,3,0.08,2019-08-23,2019-12-07,2019-12-16,2019-12-20,3247.36,3865.90
"SO - 0004768",Online,WARE-PUJ1005,USD,16,19,274,34,2,0.08,2019-08-23,2019-12-07,2019-12-24,2019-12-31,501.70,783.90
"SO - 0004769",Distributor,WARE-UHY1004,USD,20,7,238,19,8,0.08,2019-08-23,2019-12-07,2019-12-23,2020-01-01,3322.87,5112.10
"SO - 0004770",In-Store,WARE-XYS1001,USD,3,10,39,15,6,0.1,2019-08-23,2019-12-07,2019-12-19,2019-12-25,1049.22,1809.00
"SO - 0004771",In-Store,WARE-NMK1003,USD,4,37,154,9,6,0.1,2019-08-23,2019-12-07,2019-12-20,2019-12-21,1764.38,2673.30
"SO - 0004772",Online,WARE-PUJ1005,USD,19,41,318,21,6,0.08,2019-08-23,2019-12-08,2019-12-30,2020-01-06,2781.17,3973.10
"SO - 0004773",Distributor,WARE-XYS1001,USD,23,34,19,46,2,0.15,2019-08-23,2019-12-08,2019-12-19,2019-12-25,1229.32,1862.60
"SO - 0004774",Wholesale,WARE-PUJ1005,USD,28,15,316,29,3,0.15,2019-08-23,2019-12-08,2019-12-20,2019-12-25,526.96,958.10
"SO - 0004775",Online,WARE-NMK1003,USD,14,27,189,25,8,0.3,2019-08-23,2019-12-08,2019-12-18,2019-12-26,774.52,911.20
"SO - 0004776",Wholesale,WARE-PUJ1005,USD,27,21,278,45,6,0.15,2019-08-23,2019-12-09,2019-12-25,2020-01-04,410.04,1025.10
"SO - 0004777",Wholesale,WARE-XYS1001,USD,27,3,35,7,8,0.05,2019-08-23,2019-12-09,2020-01-02,2020-01-05,934.25,2224.40
"SO - 0004778",In-Store,WARE-PUJ1005,USD,12,40,304,13,3,0.2,2019-08-23,2019-12-09,2019-12-13,2019-12-22,1768.80,2358.40
"SO - 0004779",Online,WARE-UHY1004,USD,19,19,214,14,6,0.15,2019-08-23,2019-12-09,2020-01-03,2020-01-08,2525.63,3946.30
"SO - 0004780",In-Store,WARE-PUJ1005,USD,9,7,327,34,7,0.05,2019-08-23,2019-12-09,2019-12-27,2020-01-02,428.26,911.20
"SO - 0004781",Online,WARE-MKL1006,USD,16,27,342,37,5,0.05,2019-08-23,2019-12-09,2019-12-14,2019-12-21,466.32,777.20
"SO - 0004782",Wholesale,WARE-PUJ1005,USD,26,36,312,36,6,0.08,2019-08-23,2019-12-09,2019-12-30,2020-01-03,1195.95,2345.00
"SO - 0004783",Online,WARE-NBV1002,USD,12,41,61,38,6,0.05,2019-08-23,2019-12-09,2019-12-19,2019-12-28,1676.07,3162.40
"SO - 0004784",Online,WARE-NMK1003,USD,13,26,165,20,5,0.15,2019-08-23,2019-12-10,2019-12-31,2020-01-05,1519.56,2532.60
"SO - 0004785",In-Store,WARE-UHY1004,USD,5,25,212,10,3,0.15,2019-08-23,2019-12-10,2019-12-19,2019-12-25,90.45,201.00
"SO - 0004786",Online,WARE-NBV1002,USD,13,35,75,11,2,0.05,2019-08-23,2019-12-10,2019-12-20,2019-12-25,779.08,1025.10
"SO - 0004787",In-Store,WARE-NMK1003,USD,6,23,177,23,4,0.08,2019-08-23,2019-12-10,2019-12-16,2019-12-23,1567.80,3484.00
"SO - 0004788",In-Store,WARE-UHY1004,USD,4,8,220,17,7,0.1,2019-08-23,2019-12-10,2020-01-06,2020-01-16,2048.39,2592.90
"SO - 0004789",In-Store,WARE-XYS1001,USD,6,14,34,38,2,0.3,2019-08-23,2019-12-10,2019-12-12,2019-12-21,1692.02,2773.80
"SO - 0004790",In-Store,WARE-XYS1001,USD,4,29,5,25,1,0.4,2019-08-23,2019-12-11,2020-01-08,2020-01-09,607.82,1085.40
"SO - 0004791",Wholesale,WARE-NMK1003,USD,28,15,90,30,2,0.1,2019-08-23,2019-12-11,2019-12-17,2019-12-22,3208.50,3912.80
"SO - 0004792",Online,WARE-XYS1001,USD,15,14,1,7,5,0.05,2019-08-23,2019-12-11,2019-12-24,2019-12-31,83.75,167.50
"SO - 0004793",In-Store,WARE-XYS1001,USD,4,11,20,46,8,0.08,2019-08-23,2019-12-11,2019-12-16,2019-12-17,897.80,1795.60
"SO - 0004794",In-Store,WARE-PUJ1005,USD,6,10,316,23,3,0.05,2019-08-23,2019-12-11,2019-12-17,2019-12-24,2841.67,3892.70
"SO - 0004795",In-Store,WARE-PUJ1005,USD,12,27,276,21,1,0.1,2019-08-23,2019-12-11,2020-01-08,2020-01-17,83.62,174.20
"SO - 0004796",Online,WARE-UHY1004,USD,19,34,215,36,6,0.05,2019-08-23,2019-12-11,2019-12-21,2019-12-22,1878.14,2572.80
"SO - 0004797",Online,WARE-NMK1003,USD,19,49,91,13,8,0.08,2019-08-23,2019-12-11,2020-01-01,2020-01-04,98.49,201.00
"SO - 0004798",In-Store,WARE-UHY1004,USD,4,14,257,29,3,0.08,2019-08-23,2019-12-11,2019-12-19,2019-12-27,2599.94,3999.90
"SO - 0004799",In-Store,WARE-NBV1002,USD,8,21,75,15,3,0.08,2019-08-23,2019-12-12,2019-12-30,2020-01-01,1234.34,1788.90
"SO - 0004800",In-Store,WARE-NMK1003,USD,9,42,202,27,7,0.3,2019-08-23,2019-12-12,2019-12-26,2019-12-27,132.66,201.00
"SO - 0004801",In-Store,WARE-UHY1004,USD,6,9,231,34,4,0.08,2019-08-23,2019-12-12,2019-12-17,2019-12-21,106.13,241.20
"SO - 0004802",In-Store,WARE-MKL1006,USD,7,41,364,39,4,0.08,2019-08-23,2019-12-12,2019-12-20,2019-12-25,798.98,1065.30
"SO - 0004803",In-Store,WARE-NMK1003,USD,2,28,108,15,4,0.08,2019-08-23,2019-12-12,2019-12-16,2019-12-17,1507.90,2432.10
"SO - 0004804",In-Store,WARE-UHY1004,USD,4,17,237,46,2,0.05,2019-08-23,2019-12-12,2020-01-07,2020-01-08,3137.07,3825.70
"SO - 0004805",Distributor,WARE-NMK1003,USD,20,9,188,25,7,0.08,2019-08-23,2019-12-12,2019-12-29,2019-12-31,3937.26,5393.50
"SO - 0004806",In-Store,WARE-XYS1001,USD,6,29,33,26,7,0.4,2019-08-23,2019-12-12,2019-12-14,2019-12-23,1674.33,3986.50
"SO - 0004807",Distributor,WARE-XYS1001,USD,23,14,7,45,5,0.08,2019-08-23,2019-12-12,2019-12-16,2019-12-17,582.90,1005.00
"SO - 0004808",Distributor,WARE-UHY1004,USD,24,23,249,47,7,0.2,2019-08-23,2019-12-13,2020-01-04,2020-01-07,2837.25,6036.70
"SO - 0004809",Online,WARE-XYS1001,USD,18,9,14,46,7,0.05,2019-08-23,2019-12-13,2020-01-01,2020-01-02,1311.86,2385.20
"SO - 0004810",In-Store,WARE-PUJ1005,USD,8,39,323,2,8,0.1,2019-08-23,2019-12-13,2020-01-07,2020-01-10,771.84,1072.00
"SO - 0004811",Online,WARE-PUJ1005,USD,12,20,284,11,7,0.1,2019-08-23,2019-12-13,2020-01-09,2020-01-15,2695.21,5085.30
"SO - 0004812",In-Store,WARE-NMK1003,USD,2,6,103,10,5,0.15,2019-08-23,2019-12-13,2020-01-10,2020-01-18,1922.90,3845.80
"SO - 0004813",In-Store,WARE-PUJ1005,USD,8,24,322,24,6,0.4,2019-08-23,2019-12-13,2019-12-22,2019-12-23,668.93,1286.40
"SO - 0004814",In-Store,WARE-UHY1004,USD,4,12,250,1,8,0.08,2019-08-23,2019-12-13,2019-12-28,2020-01-01,809.03,1078.70
"SO - 0004815",Distributor,WARE-UHY1004,USD,25,6,247,38,7,0.1,2019-08-23,2019-12-14,2019-12-20,2019-12-29,4583.74,5802.20
"SO - 0004816",Distributor,WARE-MKL1006,USD,21,49,340,5,8,0.15,2019-08-23,2019-12-14,2019-12-24,2020-01-03,1050.36,1721.90
"SO - 0004817",In-Store,WARE-NBV1002,USD,4,10,62,7,1,0.15,2019-08-23,2019-12-14,2019-12-19,2019-12-25,736.87,944.70
"SO - 0004818",Online,WARE-NMK1003,USD,19,26,138,20,3,0.15,2019-08-23,2019-12-14,2020-01-06,2020-01-16,131.39,247.90
"SO - 0004819",Wholesale,WARE-XYS1001,USD,27,13,46,33,6,0.1,2019-08-23,2019-12-14,2019-12-29,2020-01-08,1447.20,1929.60
"SO - 0004820",Distributor,WARE-NBV1002,USD,20,41,71,15,2,0.08,2019-08-23,2019-12-14,2019-12-17,2019-12-27,612.05,971.50
"SO - 0004821",Wholesale,WARE-PUJ1005,USD,27,48,270,9,1,0.05,2019-08-23,2019-12-14,2019-12-22,2019-12-28,716.10,1118.90
"SO - 0004822",Online,WARE-PUJ1005,USD,14,25,297,27,7,0.1,2019-08-23,2019-12-15,2019-12-26,2019-12-31,813.11,991.60
"SO - 0004823",In-Store,WARE-UHY1004,USD,4,38,246,40,6,0.05,2019-08-23,2019-12-15,2019-12-23,2019-12-26,1810.21,2291.40
"SO - 0004824",Online,WARE-NMK1003,USD,18,14,105,24,4,0.05,2019-08-23,2019-12-15,2019-12-31,2020-01-06,576.27,944.70
"SO - 0004825",In-Store,WARE-NMK1003,USD,11,3,197,46,5,0.05,2019-08-23,2019-12-15,2019-12-22,2019-12-23,2164.90,3865.90
"SO - 0004826",Wholesale,WARE-NMK1003,USD,27,7,154,16,3,0.08,2019-08-23,2019-12-15,2020-01-11,2020-01-15,850.36,1118.90
"SO - 0004827",Online,WARE-XYS1001,USD,18,14,17,12,8,0.15,2019-08-23,2019-12-15,2019-12-19,2019-12-27,123.01,180.90
"SO - 0004828",Online,WARE-PUJ1005,USD,20,29,290,11,4,0.1,2019-08-23,2019-12-15,2020-01-10,2020-01-13,3238.51,5681.60
"SO - 0004829",Online,WARE-NMK1003,USD,16,37,135,8,6,0.3,2019-08-23,2019-12-15,2019-12-19,2019-12-25,1581.20,2680.00
"SO - 0004830",In-Store,WARE-XYS1001,USD,9,25,50,45,6,0.1,2019-08-23,2019-12-15,2020-01-12,2020-01-18,1122.79,1782.20
"SO - 0004831",Wholesale,WARE-NMK1003,USD,27,12,193,11,2,0.15,2019-08-23,2019-12-15,2020-01-05,2020-01-13,922.59,1085.40
"SO - 0004832",Online,WARE-UHY1004,USD,17,43,258,8,3,0.08,2019-08-23,2019-12-15,2019-12-30,2020-01-01,3325.48,4006.60
"SO - 0004833",Online,WARE-PUJ1005,USD,14,40,297,47,3,0.1,2019-08-23,2019-12-16,2020-01-10,2020-01-11,1516.34,1849.20
"SO - 0004834",In-Store,WARE-NMK1003,USD,8,50,190,30,5,0.08,2019-08-23,2019-12-16,2020-01-02,2020-01-10,1188.92,1829.10
"SO - 0004835",Online,WARE-NMK1003,USD,14,48,183,40,6,0.2,2019-08-23,2019-12-16,2020-01-12,2020-01-18,1378.66,2418.70
"SO - 0004836",In-Store,WARE-UHY1004,USD,9,18,251,28,3,0.08,2019-08-23,2019-12-16,2019-12-26,2020-01-02,1055.12,1701.80
"SO - 0004837",Online,WARE-NMK1003,USD,20,22,162,4,1,0.08,2019-08-23,2019-12-16,2019-12-20,2019-12-25,568.16,1072.00
"SO - 0004838",Online,WARE-XYS1001,USD,15,44,54,35,8,0.08,2019-08-23,2019-12-16,2020-01-06,2020-01-09,2864.25,3819.00
"SO - 0004839",In-Store,WARE-NMK1003,USD,6,10,102,39,5,0.15,2019-08-23,2019-12-16,2020-01-08,2020-01-16,740.35,871.00
"SO - 0004840",Distributor,WARE-UHY1004,USD,22,13,213,47,1,0.1,2019-08-23,2019-12-16,2019-12-23,2020-01-02,1712.79,3892.70
"SO - 0004841",Online,WARE-NMK1003,USD,14,13,106,5,1,0.05,2019-08-23,2019-12-16,2020-01-13,2020-01-14,2384.40,3845.80
"SO - 0004842",Distributor,WARE-NMK1003,USD,25,5,98,7,7,0.05,2019-08-23,2019-12-16,2019-12-21,2019-12-23,596.97,1085.40
"SO - 0004843",In-Store,WARE-NBV1002,USD,5,36,77,20,3,0.15,2019-08-23,2019-12-17,2019-12-20,2019-12-28,1054.92,2244.50
"SO - 0004844",In-Store,WARE-NBV1002,USD,5,21,68,7,5,0.05,2019-08-23,2019-12-17,2019-12-20,2019-12-25,472.35,1005.00
"SO - 0004845",In-Store,WARE-NMK1003,USD,1,35,191,7,4,0.1,2019-08-23,2019-12-17,2019-12-24,2019-12-29,1370.02,1929.60
"SO - 0004846",In-Store,WARE-UHY1004,USD,11,10,244,34,5,0.05,2019-08-23,2019-12-17,2019-12-19,2019-12-26,791.14,1098.80
"SO - 0004847",Online,WARE-MKL1006,USD,14,21,358,35,3,0.1,2019-08-23,2019-12-17,2020-01-06,2020-01-14,475.37,864.30
"SO - 0004848",Distributor,WARE-NMK1003,USD,25,31,97,11,5,0.08,2019-08-23,2019-12-17,2019-12-20,2019-12-21,2428.35,5922.80
"SO - 0004849",Wholesale,WARE-NMK1003,USD,27,26,153,47,4,0.4,2019-08-23,2019-12-17,2019-12-22,2020-01-01,1929.60,3859.20
"SO - 0004850",Distributor,WARE-PUJ1005,USD,21,34,304,12,2,0.08,2019-08-23,2019-12-17,2019-12-28,2020-01-01,1565.12,3912.80
"SO - 0004851",In-Store,WARE-NBV1002,USD,11,18,65,15,2,0.08,2019-08-23,2019-12-17,2020-01-08,2020-01-15,978.74,1179.20
"SO - 0004852",Online,WARE-PUJ1005,USD,17,45,298,14,4,0.08,2019-08-23,2019-12-17,2019-12-23,2020-01-01,1378.99,1681.70
"SO - 0004853",In-Store,WARE-UHY1004,USD,1,35,204,34,1,0.2,2019-08-23,2019-12-18,2019-12-21,2019-12-24,1697.78,2425.40
"SO - 0004854",In-Store,WARE-NMK1003,USD,3,23,120,22,8,0.08,2019-08-23,2019-12-18,2020-01-10,2020-01-18,760.85,1118.90
"SO - 0004855",Distributor,WARE-NBV1002,USD,21,17,66,35,6,0.08,2019-08-23,2019-12-18,2020-01-10,2020-01-15,955.15,1326.60
"SO - 0004856",Online,WARE-UHY1004,USD,16,9,207,1,1,0.08,2019-08-23,2019-12-18,2019-12-29,2019-12-30,1487.40,2974.80
"SO - 0004857",In-Store,WARE-NMK1003,USD,9,22,103,33,1,0.15,2019-08-23,2019-12-18,2020-01-10,2020-01-18,88.64,180.90
"SO - 0004858",Wholesale,WARE-NMK1003,USD,26,34,167,17,3,0.05,2019-08-23,2019-12-18,2019-12-25,2020-01-01,4917.13,5996.50
"SO - 0004859",Online,WARE-NBV1002,USD,12,27,60,40,4,0.05,2019-08-23,2019-12-19,2019-12-28,2020-01-01,1164.19,2425.40
"SO - 0004860",In-Store,WARE-PUJ1005,USD,6,11,286,28,4,0.05,2019-08-23,2019-12-19,2020-01-10,2020-01-16,4313.80,5460.50
"SO - 0004861",In-Store,WARE-NMK1003,USD,9,30,143,30,2,0.2,2019-08-23,2019-12-19,2019-12-26,2019-12-27,499.02,891.10
"SO - 0004862",In-Store,WARE-XYS1001,USD,7,34,42,38,4,0.05,2019-08-23,2019-12-19,2020-01-01,2020-01-02,1063.69,1688.40
"SO - 0004863",Online,WARE-NMK1003,USD,19,26,173,39,7,0.4,2019-08-23,2019-12-19,2019-12-24,2019-12-26,1441.44,2324.90
"SO - 0004864",Wholesale,WARE-NBV1002,USD,28,35,87,44,4,0.2,2019-08-23,2019-12-19,2020-01-09,2020-01-17,414.80,1011.70
"SO - 0004865",Online,WARE-XYS1001,USD,16,7,37,4,8,0.2,2019-08-23,2019-12-19,2020-01-11,2020-01-19,180.57,234.50
"SO - 0004866",In-Store,WARE-MKL1006,USD,3,13,355,18,5,0.05,2019-08-23,2019-12-19,2020-01-11,2020-01-13,625.65,1078.70
"SO - 0004867",Online,WARE-NBV1002,USD,20,18,69,38,2,0.05,2019-08-23,2019-12-19,2020-01-09,2020-01-11,112.16,207.70
"SO - 0004868",In-Store,WARE-NMK1003,USD,12,33,189,9,8,0.15,2019-08-23,2019-12-19,2019-12-26,2019-12-29,1109.65,2264.60
"SO - 0004869",In-Store,WARE-NMK1003,USD,8,4,93,42,6,0.05,2019-08-23,2019-12-20,2020-01-13,2020-01-22,566.02,884.40
"SO - 0004870",In-Store,WARE-PUJ1005,USD,8,12,301,17,8,0.08,2019-08-23,2019-12-20,2019-12-24,2020-01-03,2045.38,2840.80
"SO - 0004871",Online,WARE-MKL1006,USD,14,9,349,31,3,0.08,2019-08-23,2019-12-20,2019-12-22,2019-12-24,2897.62,5681.60
"SO - 0004872",In-Store,WARE-NMK1003,USD,11,4,182,19,7,0.1,2019-08-23,2019-12-20,2019-12-24,2019-12-28,3027.46,5936.20
"SO - 0004873",Online,WARE-PUJ1005,USD,15,25,275,16,1,0.3,2019-08-23,2019-12-20,2019-12-22,2019-12-23,550.14,1078.70
"SO - 0004874",In-Store,WARE-NMK1003,USD,5,12,99,10,7,0.05,2019-08-23,2019-12-20,2019-12-26,2019-12-30,1485.79,2653.20
"SO - 0004875",In-Store,WARE-XYS1001,USD,3,39,17,43,6,0.08,2019-08-23,2019-12-20,2019-12-29,2020-01-02,131.32,268.00
"SO - 0004876",Distributor,WARE-XYS1001,USD,24,41,51,20,7,0.1,2019-08-23,2019-12-20,2019-12-31,2020-01-05,890.03,1098.80
"SO - 0004877",In-Store,WARE-NMK1003,USD,12,43,100,1,6,0.08,2019-08-23,2019-12-21,2020-01-02,2020-01-06,3399.92,3999.90
"SO - 0004878",In-Store,WARE-UHY1004,USD,2,29,213,1,7,0.08,2019-08-23,2019-12-21,2020-01-06,2020-01-16,3226.18,6204.20
"SO - 0004879",In-Store,WARE-PUJ1005,USD,1,32,267,7,3,0.15,2019-08-23,2019-12-21,2020-01-03,2020-01-06,1151.53,2257.90
"SO - 0004880",Online,WARE-NMK1003,USD,14,38,184,11,8,0.4,2019-08-23,2019-12-21,2020-01-16,2020-01-19,1460.47,2318.20
"SO - 0004881",Online,WARE-NBV1002,USD,16,33,84,23,5,0.2,2019-08-23,2019-12-21,2020-01-09,2020-01-10,1125.60,2680.00
"SO - 0004882",Online,WARE-PUJ1005,USD,17,34,309,16,3,0.05,2019-08-23,2019-12-21,2020-01-09,2020-01-17,787.92,1125.60
"SO - 0004883",Online,WARE-PUJ1005,USD,20,7,292,17,7,0.08,2019-08-23,2019-12-21,2019-12-30,2020-01-02,2713.70,3932.90
"SO - 0004884",Wholesale,WARE-MKL1006,USD,26,7,361,12,8,0.05,2019-08-23,2019-12-21,2020-01-10,2020-01-15,4586.82,5460.50
"SO - 0004885",Wholesale,WARE-MKL1006,USD,28,8,352,31,8,0.05,2019-08-23,2019-12-22,2019-12-25,2019-12-28,501.16,1139.00
"SO - 0004886",In-Store,WARE-NMK1003,USD,11,25,128,17,5,0.08,2019-08-23,2019-12-22,2020-01-04,2020-01-07,165.49,254.60
"SO - 0004887",Online,WARE-NMK1003,USD,16,47,157,41,3,0.1,2019-08-23,2019-12-22,2020-01-11,2020-01-14,1015.72,2539.30
"SO - 0004888",In-Store,WARE-PUJ1005,USD,1,13,320,7,8,0.2,2019-08-23,2019-12-22,2020-01-11,2020-01-17,4598.88,5748.60
"SO - 0004889",Wholesale,WARE-NBV1002,USD,27,28,68,41,1,0.4,2019-08-23,2019-12-22,2020-01-07,2020-01-13,1193.94,1809.00
"SO - 0004890",Wholesale,WARE-NMK1003,USD,28,16,90,8,4,0.1,2019-08-23,2019-12-22,2020-01-08,2020-01-15,122.28,167.50
"SO - 0004891",In-Store,WARE-NMK1003,USD,3,36,94,12,3,0.05,2019-08-23,2019-12-23,2020-01-10,2020-01-16,161.27,194.30
"SO - 0004892",In-Store,WARE-XYS1001,USD,10,17,30,36,6,0.3,2019-08-23,2019-12-23,2020-01-18,2020-01-19,1691.15,3932.90
"SO - 0004893",Online,WARE-PUJ1005,USD,13,11,264,46,1,0.08,2019-08-23,2019-12-23,2020-01-19,2020-01-24,1857.24,3376.80
"SO - 0004894",In-Store,WARE-NMK1003,USD,9,40,152,16,8,0.05,2019-08-23,2019-12-23,2020-01-20,2020-01-23,3803.59,5433.70
"SO - 0004895",In-Store,WARE-UHY1004,USD,6,9,256,30,5,0.08,2019-08-23,2019-12-23,2020-01-19,2020-01-26,4216.18,5855.80
"SO - 0004896",In-Store,WARE-NBV1002,USD,6,34,67,13,4,0.15,2019-08-23,2019-12-23,2019-12-30,2020-01-07,438.98,844.20
"SO - 0004897",Online,WARE-NMK1003,USD,13,18,150,32,6,0.1,2019-08-23,2019-12-23,2019-12-27,2020-01-06,596.03,931.30
"SO - 0004898",Online,WARE-UHY1004,USD,19,7,226,34,4,0.05,2019-08-23,2019-12-23,2019-12-27,2019-12-31,677.71,797.30
"SO - 0004899",Wholesale,WARE-NMK1003,USD,27,7,191,10,5,0.05,2019-08-23,2019-12-23,2020-01-11,2020-01-16,465.18,877.70
"SO - 0004900",Online,WARE-UHY1004,USD,16,2,244,33,2,0.05,2019-08-23,2019-12-23,2020-01-18,2020-01-19,986.17,2405.30
"SO - 0004901",Wholesale,WARE-NMK1003,USD,27,39,128,13,7,0.08,2019-08-23,2019-12-24,2020-01-13,2020-01-16,188.40,254.60
"SO - 0004902",Wholesale,WARE-PUJ1005,USD,26,35,326,28,2,0.08,2019-08-23,2019-12-24,2020-01-03,2020-01-10,1665.89,1983.20
"SO - 0004903",In-Store,WARE-UHY1004,USD,11,6,254,45,6,0.15,2019-08-23,2019-12-24,2020-01-10,2020-01-14,791.14,1098.80
"SO - 0004904",In-Store,WARE-NMK1003,USD,10,12,166,28,4,0.15,2019-08-23,2019-12-24,2019-12-27,2020-01-01,514.56,1286.40
"SO - 0004905",Distributor,WARE-NMK1003,USD,22,1,120,20,2,0.15,2019-08-23,2019-12-24,2019-12-26,2020-01-02,1549.58,2626.40
"SO - 0004906",In-Store,WARE-NBV1002,USD,1,38,62,44,6,0.15,2019-08-23,2019-12-24,2020-01-04,2020-01-08,2218.84,3892.70
"SO - 0004907",Online,WARE-NMK1003,USD,16,47,161,35,8,0.05,2019-08-23,2019-12-25,2020-01-07,2020-01-14,660.62,1139.00
"SO - 0004908",In-Store,WARE-UHY1004,USD,7,6,247,45,3,0.1,2019-08-23,2019-12-25,2020-01-19,2020-01-28,143.72,261.30
"SO - 0004909",Wholesale,WARE-NMK1003,USD,26,31,196,19,4,0.05,2019-08-23,2019-12-25,2020-01-08,2020-01-15,143.05,234.50
"SO - 0004910",Online,WARE-NBV1002,USD,17,22,77,3,8,0.15,2019-08-23,2019-12-25,2019-12-29,2020-01-06,884.33,1319.90
"SO - 0004911",In-Store,WARE-UHY1004,USD,7,35,216,25,7,0.08,2019-08-23,2019-12-26,2020-01-07,2020-01-10,1229.72,2673.30
"SO - 0004912",In-Store,WARE-UHY1004,USD,7,33,243,23,5,0.1,2019-08-23,2019-12-26,2020-01-02,2020-01-05,1621.40,2948.00
"SO - 0004913",In-Store,WARE-NMK1003,USD,1,37,186,20,2,0.05,2019-08-23,2019-12-26,2020-01-20,2020-01-30,75.38,167.50
"SO - 0004914",In-Store,WARE-UHY1004,USD,4,3,257,17,7,0.15,2019-08-23,2019-12-26,2020-01-07,2020-01-14,3059.35,3872.60
"SO - 0004915",In-Store,WARE-XYS1001,USD,7,1,49,41,1,0.08,2019-08-23,2019-12-26,2020-01-03,2020-01-09,3185.65,3932.90
"SO - 0004916",Wholesale,WARE-NMK1003,USD,25,17,90,2,5,0.08,2019-08-23,2019-12-26,2020-01-13,2020-01-21,688.09,1058.60
"SO - 0004917",In-Store,WARE-NMK1003,USD,9,1,128,14,5,0.05,2019-08-23,2019-12-26,2020-01-04,2020-01-12,88.17,187.60
"SO - 0004918",Online,WARE-UHY1004,USD,20,32,241,21,8,0.08,2019-08-23,2019-12-26,2020-01-21,2020-01-29,2168.79,2613.00
"SO - 0004919",Online,WARE-XYS1001,USD,13,23,27,35,6,0.05,2019-08-23,2019-12-26,2020-01-04,2020-01-14,1040.44,1963.10
"SO - 0004920",Online,WARE-NMK1003,USD,18,40,88,12,6,0.08,2019-08-23,2019-12-26,2020-01-17,2020-01-24,3154.63,3993.20
"SO - 0004921",In-Store,WARE-NBV1002,USD,10,27,59,15,7,0.08,2019-08-23,2019-12-27,2020-01-19,2020-01-27,392.96,770.50
"SO - 0004922",In-Store,WARE-XYS1001,USD,4,31,28,22,2,0.15,2019-08-23,2019-12-27,2020-01-07,2020-01-12,4488.13,5540.90
"SO - 0004923",Wholesale,WARE-NMK1003,USD,26,11,179,24,2,0.05,2019-08-23,2019-12-27,2020-01-18,2020-01-25,1559.76,1949.70
"SO - 0004924",In-Store,WARE-NBV1002,USD,8,37,84,29,2,0.05,2019-08-23,2019-12-27,2020-01-17,2020-01-18,4888.12,5889.30
"SO - 0004925",Online,WARE-PUJ1005,USD,13,13,280,21,4,0.08,2019-08-23,2019-12-27,2020-01-15,2020-01-24,496.60,730.30
"SO - 0004926",Wholesale,WARE-PUJ1005,USD,26,45,301,33,4,0.08,2019-08-23,2019-12-27,2020-01-15,2020-01-22,1858.85,3872.60
"SO - 0004927",In-Store,WARE-PUJ1005,USD,10,5,315,11,5,0.08,2019-08-23,2019-12-28,2020-01-03,2020-01-13,1645.79,3577.80
"SO - 0004928",Distributor,WARE-UHY1004,USD,25,4,209,27,1,0.05,2019-08-23,2019-12-28,2019-12-30,2020-01-07,1063.69,2532.60
"SO - 0004929",In-Store,WARE-UHY1004,USD,8,30,234,30,8,0.1,2019-08-23,2019-12-28,2020-01-24,2020-01-27,2138.64,2673.30
"SO - 0004930",Wholesale,WARE-PUJ1005,USD,25,8,275,15,7,0.05,2019-08-23,2019-12-28,2020-01-18,2020-01-24,894.85,1065.30
"SO - 0004931",Online,WARE-UHY1004,USD,17,37,240,4,4,0.15,2019-08-23,2019-12-28,2020-01-11,2020-01-12,634.09,1132.30
"SO - 0004932",Distributor,WARE-UHY1004,USD,25,13,245,47,2,0.05,2019-08-23,2019-12-28,2020-01-16,2020-01-21,4266.56,5333.20
"SO - 0004933",In-Store,WARE-XYS1001,USD,9,10,50,23,1,0.08,2019-08-23,2019-12-28,2020-01-03,2020-01-09,420.22,857.60
"SO - 0004934",Distributor,WARE-XYS1001,USD,23,14,47,26,8,0.08,2019-08-23,2019-12-28,2020-01-19,2020-01-22,128.91,174.20
"SO - 0004935",Online,WARE-XYS1001,USD,19,48,58,13,8,0.05,2019-08-23,2019-12-28,2020-01-12,2020-01-19,4367.73,5326.50
"SO - 0004936",In-Store,WARE-NMK1003,USD,9,49,179,46,7,0.2,2019-08-23,2019-12-28,2020-01-02,2020-01-11,139.29,180.90
"SO - 0004937",In-Store,WARE-MKL1006,USD,8,49,341,8,7,0.05,2019-08-23,2019-12-29,2020-01-22,2020-01-30,1369.75,1802.30
"SO - 0004938",In-Store,WARE-NMK1003,USD,11,10,92,45,2,0.05,2019-08-23,2019-12-29,2020-01-18,2020-01-23,1706.89,3879.30
"SO - 0004939",Distributor,WARE-NMK1003,USD,24,32,200,44,3,0.05,2019-08-23,2019-12-29,2020-01-22,2020-01-26,820.48,1051.90
"SO - 0004940",Online,WARE-NMK1003,USD,14,4,116,30,1,0.05,2019-08-23,2019-12-29,2019-12-31,2020-01-06,2226.48,3906.10
"SO - 0004941",In-Store,WARE-PUJ1005,USD,2,31,262,26,5,0.05,2019-08-23,2019-12-29,2020-01-12,2020-01-17,507.93,891.10
"SO - 0004942",In-Store,WARE-NMK1003,USD,12,40,124,1,2,0.08,2019-08-23,2019-12-29,2020-01-15,2020-01-21,170.25,221.10
"SO - 0004943",Wholesale,WARE-NBV1002,USD,28,25,78,21,3,0.15,2019-08-23,2019-12-29,2020-01-26,2020-01-28,2551.36,3986.50
"SO - 0004944",Distributor,WARE-PUJ1005,USD,21,30,288,20,1,0.2,2019-08-23,2019-12-29,2020-01-07,2020-01-09,153.83,187.60
"SO - 0004945",In-Store,WARE-NBV1002,USD,11,47,60,27,5,0.1,2019-08-23,2019-12-29,2020-01-03,2020-01-08,102.91,214.40
"SO - 0004946",In-Store,WARE-UHY1004,USD,7,18,250,45,2,0.1,2019-08-23,2019-12-29,2020-01-25,2020-01-29,909.32,1748.70
"SO - 0004947",In-Store,WARE-NMK1003,USD,8,21,128,41,6,0.08,2019-08-23,2019-12-29,2020-01-18,2020-01-25,1477.35,1969.80
"SO - 0004948",Online,WARE-XYS1001,USD,18,13,46,28,3,0.3,2019-08-23,2019-12-30,2020-01-06,2020-01-15,2648.51,3953.00
"SO - 0004949",Online,WARE-XYS1001,USD,16,45,49,42,1,0.05,2019-08-23,2019-12-30,2020-01-14,2020-01-20,1105.50,2512.50
"SO - 0004950",Online,WARE-XYS1001,USD,15,46,10,39,4,0.15,2019-08-23,2019-12-30,2020-01-03,2020-01-04,3098.82,3825.70
"SO - 0004951",In-Store,WARE-PUJ1005,USD,4,42,284,42,1,0.1,2019-08-23,2019-12-30,2020-01-24,2020-02-02,89.31,207.70
"SO - 0004952",In-Store,WARE-UHY1004,USD,2,4,257,37,6,0.15,2019-08-23,2019-12-30,2020-01-16,2020-01-17,1254.24,1929.60
"SO - 0004953",Online,WARE-XYS1001,USD,14,27,42,38,7,0.1,2019-08-23,2019-12-30,2020-01-19,2020-01-21,458.28,1145.70
"SO - 0004954",In-Store,WARE-NBV1002,USD,6,3,83,41,5,0.1,2019-08-23,2019-12-30,2020-01-17,2020-01-26,1072.13,2552.70
"SO - 0004955",In-Store,WARE-XYS1001,USD,6,23,3,31,6,0.08,2019-08-23,2019-12-30,2020-01-21,2020-01-24,2335.62,5561.00
"SO - 0004956",In-Store,WARE-PUJ1005,USD,4,10,276,5,8,0.08,2019-08-23,2019-12-30,2020-01-12,2020-01-16,120.06,214.40
"SO - 0004957",Wholesale,WARE-MKL1006,USD,26,19,342,17,1,0.08,2019-08-23,2019-12-30,2020-01-08,2020-01-13,1470.52,2371.80
"SO - 0004958",Online,WARE-XYS1001,USD,14,2,41,2,2,0.08,2019-08-23,2019-12-31,2020-01-04,2020-01-11,498.48,1038.50
"SO - 0004959",Distributor,WARE-UHY1004,USD,24,12,224,5,8,0.08,2019-08-23,2019-12-31,2020-01-09,2020-01-14,566.55,1011.70
"SO - 0004960",Online,WARE-NMK1003,USD,19,7,158,12,7,0.08,2019-08-23,2019-12-31,2020-01-16,2020-01-20,2944.65,3926.20
"SO - 0004961",Wholesale,WARE-UHY1004,USD,27,2,256,33,2,0.1,2019-08-23,2019-12-31,2020-01-04,2020-01-10,4127.74,6070.20
"SO - 0004962",Online,WARE-UHY1004,USD,18,44,238,39,5,0.08,2019-08-23,2019-12-31,2020-01-11,2020-01-19,5097.03,5996.50
"SO - 0004963",Distributor,WARE-PUJ1005,USD,24,26,272,23,4,0.2,2019-08-23,2019-12-31,2020-01-02,2020-01-04,3246.02,5071.90
"SO - 0004964",Online,WARE-XYS1001,USD,16,5,21,1,7,0.15,2019-08-23,2019-12-31,2020-01-07,2020-01-16,4129.88,6164.00
"SO - 0004965",Distributor,WARE-XYS1001,USD,25,48,8,38,5,0.1,2019-08-23,2019-12-31,2020-01-12,2020-01-19,1874.59,3825.70
"SO - 0004966",In-Store,WARE-NMK1003,USD,12,1,120,20,3,0.1,2019-08-23,2019-12-31,2020-01-11,2020-01-12,806.14,1715.20
"SO - 0004967",In-Store,WARE-XYS1001,USD,5,29,2,7,3,0.05,2019-08-23,2020-01-01,2020-01-15,2020-01-23,2230.56,3845.80
"SO - 0004968",Wholesale,WARE-UHY1004,USD,26,31,231,46,2,0.1,2019-08-23,2020-01-01,2020-01-24,2020-01-30,431.48,1078.70
"SO - 0004969",In-Store,WARE-NMK1003,USD,3,28,169,16,3,0.1,2019-08-23,2020-01-01,2020-01-06,2020-01-14,480.79,1045.20
"SO - 0004970",In-Store,WARE-PUJ1005,USD,4,3,290,44,1,0.05,2019-08-23,2020-01-01,2020-01-23,2020-01-28,123.28,268.00
"SO - 0004971",In-Store,WARE-NMK1003,USD,5,13,192,25,7,0.08,2019-08-23,2020-01-02,2020-01-10,2020-01-17,1153.47,1802.30
"SO - 0004972",Distributor,WARE-UHY1004,USD,21,24,221,18,2,0.1,2019-08-23,2020-01-02,2020-01-21,2020-01-31,830.33,1025.10
"SO - 0004973",Online,WARE-NBV1002,USD,13,26,80,36,1,0.1,2019-08-23,2020-01-02,2020-01-12,2020-01-21,1031.80,2579.50
"SO - 0004974",Distributor,WARE-PUJ1005,USD,24,36,271,2,7,0.05,2019-08-23,2020-01-02,2020-01-16,2020-01-26,2816.01,6257.80
"SO - 0004975",Wholesale,WARE-NMK1003,USD,27,47,94,19,5,0.08,2019-08-23,2020-01-02,2020-01-20,2020-01-29,4426.56,5333.20
"SO - 0004976",Distributor,WARE-PUJ1005,USD,20,44,328,22,8,0.15,2019-08-23,2020-01-02,2020-01-14,2020-01-21,1155.75,1675.00
"SO - 0004977",Online,WARE-XYS1001,USD,19,21,37,34,1,0.1,2019-08-23,2020-01-02,2020-01-12,2020-01-13,466.99,1139.00
"SO - 0004978",Distributor,WARE-XYS1001,USD,24,6,24,37,3,0.08,2019-08-23,2020-01-02,2020-01-18,2020-01-21,667.72,1011.70
"SO - 0004979",In-Store,WARE-UHY1004,USD,3,36,219,20,4,0.08,2019-08-23,2020-01-03,2020-01-31,2020-02-07,90.58,174.20
"SO - 0004980",In-Store,WARE-XYS1001,USD,8,36,57,38,3,0.2,2019-08-23,2020-01-03,2020-01-15,2020-01-18,710.20,1775.50
"SO - 0004981",In-Store,WARE-PUJ1005,USD,8,24,265,36,1,0.05,2019-08-23,2020-01-03,2020-01-19,2020-01-21,522.00,1065.30
"SO - 0004982",In-Store,WARE-NMK1003,USD,7,18,90,33,3,0.05,2019-08-23,2020-01-03,2020-01-24,2020-02-01,4041.71,6123.80
"SO - 0004983",In-Store,WARE-NBV1002,USD,12,47,67,41,6,0.08,2019-08-23,2020-01-03,2020-01-15,2020-01-23,1986.28,2452.20
"SO - 0004984",Wholesale,WARE-NMK1003,USD,28,19,103,5,5,0.1,2019-08-23,2020-01-03,2020-01-14,2020-01-16,2226.48,3906.10
"SO - 0004985",Online,WARE-MKL1006,USD,13,36,349,6,5,0.05,2019-08-23,2020-01-03,2020-01-29,2020-02-04,1622.67,2351.70
"SO - 0004986",In-Store,WARE-MKL1006,USD,3,12,358,3,3,0.05,2019-08-23,2020-01-03,2020-01-30,2020-02-04,793.28,991.60
"SO - 0004987",In-Store,WARE-MKL1006,USD,5,42,359,33,5,0.15,2019-08-23,2020-01-03,2020-01-06,2020-01-08,3240.12,5226.00
"SO - 0004988",In-Store,WARE-NBV1002,USD,3,25,67,4,1,0.1,2019-08-23,2020-01-04,2020-01-27,2020-02-06,3027.46,5936.20
"SO - 0004989",In-Store,WARE-UHY1004,USD,10,12,229,45,8,0.08,2019-08-23,2020-01-04,2020-01-20,2020-01-22,525.95,1051.90
"SO - 0004990",Online,WARE-XYS1001,USD,12,11,26,25,5,0.1,2019-08-23,2020-01-04,2020-01-23,2020-01-26,794.35,1018.40
"SO - 0004991",Online,WARE-UHY1004,USD,15,23,224,37,7,0.05,2019-08-23,2020-01-04,2020-01-31,2020-02-06,2948.20,3731.90
"SO - 0004992",In-Store,WARE-PUJ1005,USD,7,9,293,34,2,0.1,2019-08-23,2020-01-04,2020-01-17,2020-01-21,2588.28,3276.30
"SO - 0004993",Online,WARE-NMK1003,USD,17,41,179,31,7,0.4,2019-08-23,2020-01-05,2020-01-26,2020-01-27,718.58,1105.50
"SO - 0004994",Distributor,WARE-UHY1004,USD,24,40,218,43,4,0.05,2019-08-23,2020-01-05,2020-02-01,2020-02-02,4708.22,6539.20
"SO - 0004995",In-Store,WARE-MKL1006,USD,1,47,345,20,4,0.08,2019-12-01,2020-01-05,2020-01-31,2020-02-10,2778.83,3517.50
"SO - 0004996",Distributor,WARE-NMK1003,USD,21,18,132,31,2,0.08,2019-08-23,2020-01-05,2020-01-11,2020-01-19,1099.00,2338.30
"SO - 0004997",In-Store,WARE-NMK1003,USD,4,38,151,25,1,0.2,2019-08-23,2020-01-05,2020-01-21,2020-01-25,892.44,2231.10
"SO - 0004998",In-Store,WARE-NMK1003,USD,3,47,96,16,6,0.08,2019-08-23,2020-01-05,2020-01-12,2020-01-17,537.61,911.20
"SO - 0004999",Online,WARE-PUJ1005,USD,19,45,326,5,7,0.05,2019-08-23,2020-01-05,2020-01-09,2020-01-16,4520.09,6277.90
"SO - 0005000",Distributor,WARE-MKL1006,USD,23,21,333,46,3,0.2,2019-12-01,2020-01-05,2020-01-17,2020-01-25,996.16,2371.80
"SO - 0005001",In-Store,WARE-PUJ1005,USD,6,45,304,35,2,0.2,2019-08-23,2020-01-05,2020-01-16,2020-01-20,984.90,1969.80
"SO - 0005002",In-Store,WARE-XYS1001,USD,5,45,26,24,2,0.2,2019-08-23,2020-01-05,2020-01-07,2020-01-14,2818.36,5996.50
"SO - 0005003",Distributor,WARE-NMK1003,USD,25,11,192,26,8,0.1,2019-08-23,2020-01-05,2020-01-30,2020-02-03,2396.86,3865.90
"SO - 0005004",In-Store,WARE-XYS1001,USD,5,6,22,4,5,0.08,2019-08-23,2020-01-05,2020-01-09,2020-01-13,4557.27,5768.70
"SO - 0005005",Online,WARE-NMK1003,USD,15,50,166,15,5,0.15,2019-08-23,2020-01-06,2020-01-27,2020-01-30,1341.34,1916.20
"SO - 0005006",In-Store,WARE-NBV1002,USD,11,9,73,13,2,0.08,2019-08-23,2020-01-06,2020-01-09,2020-01-11,1392.93,1989.90
"SO - 0005007",In-Store,WARE-NMK1003,USD,1,46,139,45,1,0.1,2019-08-23,2020-01-06,2020-01-29,2020-02-05,2763.48,3370.10
"SO - 0005008",Distributor,WARE-XYS1001,USD,22,38,9,46,6,0.2,2019-08-23,2020-01-06,2020-01-24,2020-02-03,697.74,850.90
"SO - 0005009",Wholesale,WARE-NBV1002,USD,26,15,83,32,2,0.05,2019-08-23,2020-01-06,2020-02-03,2020-02-13,697.87,1125.60
"SO - 0005010",Distributor,WARE-XYS1001,USD,24,42,51,25,8,0.08,2019-08-23,2020-01-06,2020-01-18,2020-01-26,3509.66,6157.30
"SO - 0005011",Wholesale,WARE-XYS1001,USD,27,17,13,24,6,0.08,2019-08-23,2020-01-06,2020-01-21,2020-01-27,592.95,1005.00
"SO - 0005012",In-Store,WARE-PUJ1005,USD,2,24,317,28,5,0.08,2019-08-23,2020-01-06,2020-01-26,2020-01-31,1735.30,2479.00
"SO - 0005013",Wholesale,WARE-NMK1003,USD,28,20,189,8,5,0.08,2019-08-23,2020-01-06,2020-01-27,2020-01-30,1492.43,1989.90
"SO - 0005014",In-Store,WARE-XYS1001,USD,8,1,34,10,7,0.05,2019-08-23,2020-01-06,2020-01-31,2020-02-01,336.94,716.90
"SO - 0005015",In-Store,WARE-MKL1006,USD,2,35,351,9,4,0.1,2019-08-23,2020-01-07,2020-01-19,2020-01-22,894.85,1688.40
"SO - 0005016",In-Store,WARE-XYS1001,USD,2,50,6,31,8,0.3,2019-08-23,2020-01-07,2020-01-13,2020-01-23,1938.58,2619.70
"SO - 0005017",In-Store,WARE-UHY1004,USD,7,12,212,2,3,0.05,2019-08-23,2020-01-07,2020-01-25,2020-02-01,1400.17,1728.60
"SO - 0005018",Distributor,WARE-UHY1004,USD,21,32,223,32,1,0.08,2019-12-01,2020-01-07,2020-01-09,2020-01-10,1637.21,3993.20
"SO - 0005019",In-Store,WARE-NMK1003,USD,5,37,202,33,3,0.05,2019-08-23,2020-01-07,2020-02-03,2020-02-04,1199.30,2398.60
"SO - 0005020",In-Store,WARE-XYS1001,USD,8,21,19,24,6,0.05,2019-08-23,2020-01-07,2020-01-10,2020-01-15,548.33,884.40
"SO - 0005021",In-Store,WARE-NMK1003,USD,7,24,93,25,8,0.1,2019-08-23,2020-01-07,2020-02-03,2020-02-10,353.76,804.00
"SO - 0005022",In-Store,WARE-NMK1003,USD,4,24,175,14,6,0.15,2019-08-23,2020-01-07,2020-01-09,2020-01-10,475.83,897.80
"SO - 0005023",In-Store,WARE-NMK1003,USD,4,34,189,39,4,0.08,2019-08-23,2020-01-07,2020-01-17,2020-01-19,1891.01,3859.20
"SO - 0005024",In-Store,WARE-UHY1004,USD,6,24,257,18,7,0.1,2019-08-23,2020-01-07,2020-02-02,2020-02-05,675.49,951.40
"SO - 0005025",In-Store,WARE-MKL1006,USD,5,6,339,13,2,0.1,2019-08-23,2020-01-07,2020-01-22,2020-01-25,120.60,201.00
"SO - 0005026",In-Store,WARE-PUJ1005,USD,11,23,318,10,3,0.15,2019-08-23,2020-01-07,2020-01-10,2020-01-20,1950.24,2566.10
"SO - 0005027",In-Store,WARE-NMK1003,USD,12,18,149,44,7,0.05,2019-12-01,2020-01-07,2020-01-12,2020-01-14,968.02,1728.60
"SO - 0005028",Online,WARE-XYS1001,USD,17,40,40,39,3,0.08,2019-08-23,2020-01-08,2020-01-12,2020-01-15,3028.00,5132.20
"SO - 0005029",Online,WARE-UHY1004,USD,19,12,261,44,6,0.08,2019-08-23,2020-01-08,2020-01-21,2020-01-31,4439.29,5480.60
"SO - 0005030",In-Store,WARE-PUJ1005,USD,8,4,262,22,4,0.15,2019-08-23,2020-01-08,2020-01-14,2020-01-21,2688.04,3953.00
"SO - 0005031",Wholesale,WARE-NMK1003,USD,26,42,171,31,6,0.08,2019-08-23,2020-01-08,2020-01-20,2020-01-27,530.64,964.80
"SO - 0005032",Online,WARE-NMK1003,USD,20,33,131,19,4,0.08,2019-12-01,2020-01-08,2020-01-12,2020-01-19,1068.65,1943.00
"SO - 0005033",Online,WARE-MKL1006,USD,19,7,344,6,8,0.15,2019-08-23,2020-01-08,2020-01-26,2020-01-31,3075.23,3892.70
"SO - 0005034",Online,WARE-NMK1003,USD,12,12,138,16,3,0.08,2019-08-23,2020-01-08,2020-01-20,2020-01-29,4541.39,5822.30
"SO - 0005035",In-Store,WARE-UHY1004,USD,6,47,259,1,3,0.15,2019-08-23,2020-01-08,2020-01-15,2020-01-21,1299.00,1755.40
"SO - 0005036",Wholesale,WARE-NBV1002,USD,27,39,82,32,4,0.1,2019-08-23,2020-01-08,2020-01-15,2020-01-16,1439.29,3128.90
"SO - 0005037",Distributor,WARE-PUJ1005,USD,25,34,303,24,3,0.08,2019-08-23,2020-01-08,2020-02-04,2020-02-09,1553.19,2318.20
"SO - 0005038",In-Store,WARE-NMK1003,USD,11,13,183,42,5,0.1,2019-12-01,2020-01-09,2020-01-30,2020-02-08,1145.30,1735.30
"SO - 0005039",Distributor,WARE-NBV1002,USD,25,17,85,30,7,0.05,2019-08-23,2020-01-09,2020-01-14,2020-01-24,1551.72,3879.30
"SO - 0005040",Online,WARE-NBV1002,USD,17,26,76,18,8,0.05,2019-08-23,2020-01-09,2020-01-23,2020-01-25,1887.79,3932.90
"SO - 0005041",In-Store,WARE-NMK1003,USD,4,39,163,9,2,0.1,2019-08-23,2020-01-09,2020-01-25,2020-02-04,543.50,1045.20
"SO - 0005042",In-Store,WARE-NBV1002,USD,5,4,66,38,7,0.1,2019-08-23,2020-01-09,2020-01-16,2020-01-24,124.35,214.40
"SO - 0005043",In-Store,WARE-PUJ1005,USD,5,34,301,10,4,0.05,2019-08-23,2020-01-09,2020-02-02,2020-02-10,466.86,897.80
"SO - 0005044",In-Store,WARE-PUJ1005,USD,1,16,289,40,1,0.3,2019-08-23,2020-01-09,2020-01-16,2020-01-21,717.57,1139.00
"SO - 0005045",In-Store,WARE-MKL1006,USD,6,17,339,19,5,0.05,2019-08-23,2020-01-09,2020-01-14,2020-01-19,2348.02,5460.50
"SO - 0005046",Wholesale,WARE-NMK1003,USD,27,45,128,24,3,0.08,2019-08-23,2020-01-09,2020-01-26,2020-01-31,1841.76,2391.90
"SO - 0005047",Distributor,WARE-PUJ1005,USD,24,1,276,18,6,0.3,2019-08-23,2020-01-09,2020-02-02,2020-02-11,4557.34,5996.50
"SO - 0005048",Wholesale,WARE-MKL1006,USD,27,9,343,38,2,0.08,2019-12-01,2020-01-10,2020-01-25,2020-02-01,726.01,1728.60
"SO - 0005049",Wholesale,WARE-MKL1006,USD,25,13,330,16,4,0.15,2019-12-01,2020-01-10,2020-01-23,2020-01-24,2240.01,3343.30
"SO - 0005050",In-Store,WARE-NMK1003,USD,2,40,149,19,6,0.1,2019-08-23,2020-01-10,2020-01-21,2020-01-22,81.87,174.20
"SO - 0005051",Online,WARE-PUJ1005,USD,12,31,324,31,6,0.05,2019-12-01,2020-01-10,2020-01-13,2020-01-15,561.06,1058.60
"SO - 0005052",Wholesale,WARE-PUJ1005,USD,26,37,327,12,5,0.08,2019-08-23,2020-01-10,2020-01-14,2020-01-18,395.57,964.80
"SO - 0005053",In-Store,WARE-NBV1002,USD,5,39,81,18,1,0.05,2019-08-23,2020-01-10,2020-01-21,2020-01-29,2300.51,3966.40
"SO - 0005054",In-Store,WARE-XYS1001,USD,1,43,42,26,1,0.05,2019-12-01,2020-01-10,2020-01-24,2020-01-28,1895.83,2633.10
"SO - 0005055",Online,WARE-MKL1006,USD,13,40,360,36,7,0.05,2019-08-23,2020-01-10,2020-01-19,2020-01-22,819.48,1011.70
"SO - 0005056",In-Store,WARE-NBV1002,USD,8,15,63,30,8,0.05,2019-08-23,2020-01-10,2020-01-25,2020-02-02,2802.74,3892.70
"SO - 0005057",Distributor,WARE-MKL1006,USD,22,3,331,17,7,0.05,2019-08-23,2020-01-10,2020-01-20,2020-01-23,1636.41,3805.60
"SO - 0005058",In-Store,WARE-PUJ1005,USD,6,20,274,19,7,0.05,2019-08-23,2020-01-10,2020-01-15,2020-01-18,825.44,1031.80
"SO - 0005059",In-Store,WARE-NMK1003,USD,8,11,109,3,4,0.05,2019-12-01,2020-01-10,2020-01-28,2020-01-30,2618.83,6090.30
"SO - 0005060",In-Store,WARE-PUJ1005,USD,8,11,307,19,2,0.05,2019-08-23,2020-01-11,2020-01-28,2020-02-03,2102.06,3892.70
"SO - 0005061",Wholesale,WARE-NMK1003,USD,27,2,120,14,1,0.1,2019-08-23,2020-01-11,2020-01-31,2020-02-02,1070.93,2231.10
"SO - 0005062",In-Store,WARE-NMK1003,USD,11,23,172,46,6,0.15,2019-08-23,2020-01-11,2020-01-22,2020-01-30,3320.52,3953.00
"SO - 0005063",Online,WARE-NMK1003,USD,20,13,145,18,1,0.08,2019-08-23,2020-01-11,2020-01-21,2020-01-28,726.41,931.30
"SO - 0005064",In-Store,WARE-XYS1001,USD,6,31,2,31,4,0.3,2019-08-23,2020-01-11,2020-01-20,2020-01-25,1365.73,2626.40
"SO - 0005065",Online,WARE-UHY1004,USD,15,23,256,14,6,0.15,2019-08-23,2020-01-11,2020-02-07,2020-02-12,1294.91,1681.70
"SO - 0005066",Distributor,WARE-MKL1006,USD,22,31,361,5,2,0.2,2019-12-01,2020-01-11,2020-01-20,2020-01-21,987.71,1266.30
"SO - 0005067",Online,WARE-NBV1002,USD,14,41,84,47,5,0.1,2019-08-23,2020-01-11,2020-02-07,2020-02-08,1879.75,3356.70
"SO - 0005068",In-Store,WARE-UHY1004,USD,6,11,228,3,6,0.1,2019-08-23,2020-01-11,2020-02-07,2020-02-15,767.42,1112.20
"SO - 0005069",In-Store,WARE-PUJ1005,USD,1,12,272,28,8,0.05,2019-08-23,2020-01-11,2020-02-01,2020-02-02,819.54,1862.60
"SO - 0005070",In-Store,WARE-NMK1003,USD,7,48,154,2,2,0.1,2019-08-23,2020-01-11,2020-02-07,2020-02-12,106.93,254.60
"SO - 0005071",In-Store,WARE-NMK1003,USD,11,7,174,45,1,0.2,2019-08-23,2020-01-11,2020-01-18,2020-01-28,2822.04,3919.50
"SO - 0005072",Distributor,WARE-NMK1003,USD,24,23,174,4,1,0.05,2019-08-23,2020-01-11,2020-02-03,2020-02-13,3024.65,3979.80
"SO - 0005073",In-Store,WARE-UHY1004,USD,10,49,243,2,6,0.15,2019-08-23,2020-01-12,2020-01-18,2020-01-21,1852.42,3859.20
"SO - 0005074",Online,WARE-NMK1003,USD,20,18,173,15,8,0.3,2019-08-23,2020-01-12,2020-01-23,2020-01-29,109.34,214.40
"SO - 0005075",Wholesale,WARE-XYS1001,USD,28,7,39,24,1,0.08,2019-08-23,2020-01-12,2020-01-30,2020-02-03,989.79,1252.90
"SO - 0005076",Online,WARE-NMK1003,USD,13,1,166,23,8,0.15,2019-08-23,2020-01-12,2020-01-22,2020-01-28,2367.85,4013.30
"SO - 0005077",Online,WARE-NMK1003,USD,14,47,128,34,8,0.08,2019-08-23,2020-01-12,2020-01-30,2020-02-09,645.08,1112.20
"SO - 0005078",Distributor,WARE-PUJ1005,USD,22,2,292,36,8,0.05,2019-08-23,2020-01-12,2020-02-09,2020-02-14,2662.85,3859.20
"SO - 0005079",Online,WARE-NBV1002,USD,17,40,83,46,5,0.1,2019-08-23,2020-01-12,2020-01-20,2020-01-21,3137.07,3825.70
"SO - 0005080",In-Store,WARE-XYS1001,USD,7,12,26,47,7,0.1,2019-12-01,2020-01-12,2020-01-21,2020-01-26,173.66,241.20
"SO - 0005081",Online,WARE-PUJ1005,USD,13,46,302,38,5,0.4,2019-08-23,2020-01-12,2020-01-26,2020-02-04,2467.48,3979.80
"SO - 0005082",Wholesale,WARE-UHY1004,USD,26,13,237,41,8,0.08,2019-08-23,2020-01-12,2020-01-28,2020-02-01,3197.51,3899.40
"SO - 0005083",In-Store,WARE-XYS1001,USD,7,42,49,30,3,0.05,2019-08-23,2020-01-12,2020-01-31,2020-02-09,1736.64,2412.00
"SO - 0005084",In-Store,WARE-NBV1002,USD,3,13,85,10,8,0.08,2019-08-23,2020-01-12,2020-02-03,2020-02-05,4289.41,5875.90
"SO - 0005085",Online,WARE-MKL1006,USD,19,38,343,36,1,0.3,2019-08-23,2020-01-12,2020-01-19,2020-01-24,3122.87,5293.00
"SO - 0005086",Online,WARE-PUJ1005,USD,14,19,280,19,7,0.08,2019-08-23,2020-01-13,2020-01-29,2020-02-03,1995.53,3912.80
"SO - 0005087",In-Store,WARE-UHY1004,USD,9,37,244,5,3,0.08,2019-08-23,2020-01-13,2020-01-21,2020-01-27,718.64,1159.10
"SO - 0005088",In-Store,WARE-NMK1003,USD,3,47,89,42,4,0.1,2019-08-23,2020-01-13,2020-01-20,2020-01-27,596.57,1125.60
"SO - 0005089",In-Store,WARE-NMK1003,USD,11,41,124,32,8,0.05,2019-08-23,2020-01-13,2020-01-23,2020-01-30,1956.40,3912.80
"SO - 0005090",In-Store,WARE-NMK1003,USD,5,7,190,6,7,0.05,2019-12-01,2020-01-13,2020-02-02,2020-02-09,159.46,227.80
"SO - 0005091",Distributor,WARE-PUJ1005,USD,24,45,282,39,7,0.08,2019-12-01,2020-01-13,2020-02-07,2020-02-10,407.36,1018.40
"SO - 0005092",Wholesale,WARE-XYS1001,USD,26,20,27,16,8,0.1,2019-08-23,2020-01-13,2020-01-15,2020-01-23,684.74,938.00
"SO - 0005093",Online,WARE-UHY1004,USD,16,42,245,43,3,0.05,2019-12-01,2020-01-13,2020-01-20,2020-01-22,102.51,227.80
"SO - 0005094",Distributor,WARE-NMK1003,USD,22,6,112,47,7,0.05,2019-12-01,2020-01-13,2020-02-10,2020-02-11,673.35,1005.00
"SO - 0005095",Distributor,WARE-NMK1003,USD,23,5,120,35,2,0.08,2019-12-01,2020-01-14,2020-01-22,2020-01-25,166.29,227.80
"SO - 0005096",Wholesale,WARE-PUJ1005,USD,28,30,325,7,5,0.05,2019-12-01,2020-01-14,2020-01-23,2020-02-01,546.72,1072.00
"SO - 0005097",Distributor,WARE-XYS1001,USD,22,1,4,1,1,0.08,2019-08-23,2020-01-14,2020-01-25,2020-02-04,1954.52,2505.80
"SO - 0005098",In-Store,WARE-NBV1002,USD,4,28,65,21,5,0.05,2019-08-23,2020-01-14,2020-02-03,2020-02-11,3015.00,4020.00
"SO - 0005099",Wholesale,WARE-NMK1003,USD,26,12,89,23,4,0.05,2019-08-23,2020-01-14,2020-02-09,2020-02-15,3253.86,5916.10
"SO - 0005100",In-Store,WARE-PUJ1005,USD,3,11,289,5,4,0.1,2019-12-01,2020-01-14,2020-02-11,2020-02-16,567.89,1092.10
